token_id,token,similarity,type
2395,Ġmph,0.1541,content
2634,Ġresearchers,0.1802,content
2866,Ġscience,0.6601,content
3498,Ġrebounds,0.158,content
4211,Ġscientists,0.4464,content
4662,ĠScience,0.6017,content
5743,degree,0.165,content
5937,ĠAsked,0.1552,content
6109,ĠNASA,0.1922,content
6393,ologist,0.1571,content
6441,Ġscientific,0.4343,content
6762,research,0.2944,content
7415,report,0.1698,content
7949,OSE,0.1551,content
8130,Ġkilometers,0.1515,content
8321,Ġchemicals,0.1561,content
8841,ĠSciences,0.3943,content
8984,oppers,0.1769,content
9019,Ġeconomists,0.1771,content
9307,ĠStudies,0.1519,content
9338,Ġresearcher,0.1671,content
9514,bledon,0.184,content
9566,Ġanalytics,0.1802,content
9744,Ġscientist,0.4499,content
9814,Brien,0.1609,content
10224,thirds,0.1948,content
10398,pd,0.1569,content
10638,Ġmath,0.1973,content
10804,ĠInvestigation,0.1665,content
10845,action,0.1553,content
10974,ologists,0.2034,content
11131,service,0.1694,content
11157,Ġsurged,0.1664,content
11161,ĠResearchers,0.2661,content
11315,Ġinterceptions,0.1588,content
11598,ĠSources,0.1614,content
11817,ĠDisease,0.1518,content
11877,Ġchemistry,0.207,content
11910,Ġburglary,0.1588,content
12182,ĠPruitt,0.1587,content
12265,sch,0.1806,content
12383,Ġstrikeouts,0.1901,content
12511,ĠExperts,0.204,content
12545,isions,0.1579,content
12590,urance,0.1541,content
12798,à,0.1545,content
12837,anya,0.1523,content
12884,Ġdisasters,0.1567,content
13154,Ġlaboratory,0.1612,content
13188,uters,0.1712,content
13193,food,0.159,content
13283,oriented,0.1815,content
13298,ucci,0.158,content
13452,edu,0.1585,content
13664,six,0.1633,content
13784,ANY,0.163,content
13811,Ġmisdemeanor,0.1639,content
13894,Ġpedestrians,0.1519,content
13928,ĠPenguins,0.1509,content
13988,ĠOnePlus,0.1641,content
14008,ĠScientists,0.4587,content
14029,sample,0.1983,content
14282,ettel,0.1528,content
14339,Ġcampuses,0.1561,content
14388,health,0.1843,content
14404,ĠDoctors,0.2016,content
14423,Ġwellness,0.1504,content
14481,Ġthriller,0.1611,content
14509,Ġounces,0.152,content
14622,Ġsoared,0.1528,content
14665,Ġpoetry,0.1685,content
14831,Ġtheories,0.1558,content
14864,ICS,0.15,content
14962,rica,0.1687,content
14971,Ġillnesses,0.1859,content
14973,ĠSpaceX,0.19,content
15012,Ġscholarships,0.1575,content
15103,Ġautopsy,0.1663,content
15221,ĠPhD,0.1791,content
15255,ANCE,0.18,content
15290,loe,0.1593,content
15335,sic,0.1502,content
15491,Ġexperiments,0.1687,content
15512,tier,0.152,content
15644,ocation,0.168,content
15807,ĠCelsius,0.15,content
15844,Assad,0.2192,content
15872,opoulos,0.1727,content
15895,uchin,0.1673,content
15969,Ġeducators,0.172,content
15999,saving,0.2269,content
16000,Ġinflammation,0.154,content
16248,orns,0.1513,content
16307,istics,0.1906,content
16416,ELS,0.1624,content
16489,Ġcoroner,0.1686,content
16515,ĠObservatory,0.1681,content
16557,rance,0.1552,content
16626,Reilly,0.1834,content
16714,supp,0.1568,content
16751,Ġdeadliest,0.1601,content
16752,soon,0.1516,content
16784,agne,0.157,content
16790,IRO,0.1748,content
16797,Ġpsychology,0.1954,content
16831,Ġdonating,0.1593,content
16839,Ġacademics,0.1886,content
17063,bourne,0.152,content
17129,iology,0.245,content
17141,ĠScientific,0.3367,content
17178,eyed,0.1798,content
17189,Ġshortstop,0.1563,content
17274,ifting,0.1654,content
17375,annon,0.1506,content
17399,ĠSTOR,0.1644,content
17513,arty,0.1664,content
17651,armed,0.1555,content
17747,source,0.1616,content
17759,Ġphysics,0.2958,content
17815,ĠLaboratory,0.1795,content
17874,Ġsciences,0.498,content
17909,ĠAnalytics,0.1796,content
18004,Ġbiology,0.3315,content
18118,Ġscholars,0.1571,content
18129,ĠDetect,0.1517,content
18160,ublished,0.1707,content
18185,Ġsculpture,0.1627,content
18324,orio,0.1689,content
18369,Ġsmarter,0.1526,content
18429,folio,0.1802,content
18554,die,0.1512,content
18567,arten,0.1541,content
18580,ĠKimmel,0.1645,content
18581,sum,0.1687,content
18608,crime,0.2332,content
18730,ĠSupporters,0.1695,content
18744,Ġcruelty,0.1501,content
18771,beans,0.156,content
18791,sites,0.2234,content
18794,ĠBuccaneers,0.1709,content
18813,leaning,0.1561,content
18881,Ġasthma,0.1517,content
18908,ĠNunes,0.1715,content
18949,Ġarson,0.1519,content
19029,ĠEmails,0.1994,content
19095,FIELD,0.1777,content
19193,ĠLumpur,0.1884,content
19196,itals,0.1524,content
19301,secret,0.1737,content
19497,Ġvolunteering,0.1577,content
19519,oding,0.1548,content
19528,cers,0.1601,content
19571,Ġselfies,0.1767,content
19579,Ġundermining,0.1509,content
19596,nen,0.1526,content
19625,urgical,0.1701,content
19630,rounder,0.1648,content
19631,ulous,0.1508,content
19652,ĠSTEM,0.2993,content
19684,Ġfreshmen,0.1605,content
19848,ĠBulgaria,0.16,content
19902,Ġpsychologist,0.1839,content
19967,Ġstaffer,0.1502,content
19974,Ġsci,0.351,content
19989,orie,0.1743,content
20017,serving,0.2053,content
20056,ĠNutrition,0.1861,content
20140,Ġfeasibility,0.152,content
20237,Ġmolecules,0.174,content
20269,ĠColbert,0.1552,content
20300,Ġadvocated,0.1569,content
20304,ĠSiri,0.1531,content
20305,odge,0.1599,content
20338,sin,0.1876,content
20358,Ġunanswered,0.1504,content
20365,average,0.1535,content
20369,speaking,0.1845,content
20396,Ġearthquakes,0.1532,content
20430,Ġendanger,0.1521,content
20447,ril,0.1558,content
20466,noon,0.1581,content
20475,ĠRatio,0.1536,content
20517,Israel,0.1864,content
20639,cles,0.153,content
20706,yne,0.1649,content
20723,ĠPasadena,0.1541,content
20739,Ġaliens,0.1659,content
20758,Ġregained,0.1553,content
21020,Ġstabilize,0.1526,content
21022,ĠSponsor,0.1677,content
21102,utterstock,0.2065,content
21117,ourse,0.1805,content
21161,Ġteaspoon,0.1664,content
21167,Ġundermined,0.1881,content
21176,Ġairstrikes,0.1612,content
21231,serious,0.1859,content
21252,Ġresearching,0.209,content
21284,arse,0.1557,content
21303,iatric,0.1571,content
21352,Ġharmed,0.1546,content
21362,Ġsailors,0.1569,content
21370,ogy,0.1608,content
21377,arf,0.178,content
21381,sun,0.1937,content
21413,asso,0.1554,content
21446,Queen,0.1587,content
21489,Donnell,0.1743,content
21610,ĠBucs,0.1639,content
21637,ithe,0.152,content
21639,ammed,0.1515,content
21647,acia,0.1556,content
21661,GY,0.1601,content
21705,coon,0.1746,content
21725,Ġmurdering,0.1528,content
21810,highest,0.2039,content
21833,Ġfactual,0.1633,content
21899,quarters,0.1727,content
21904,Ġastronauts,0.2103,content
21945,ledge,0.1785,content
21975,Ġdiscoveries,0.1701,content
22019,gay,0.1662,content
22023,feet,0.1643,content
22035,conscious,0.187,content
22081,Ġefficacy,0.1632,content
22195,Ġsitcom,0.1657,content
22241,ourced,0.1704,content
22444,ĠScholarship,0.186,content
22481,Ġmolecular,0.1589,content
22620,Ġderailed,0.1522,content
22640,ĠSci,0.3095,content
22672,ĠLaboratories,0.1831,content
22725,safe,0.2019,content
22740,argo,0.1607,content
22803,Ġbiotech,0.2604,content
22870,raction,0.1643,content
22900,rm,0.1501,content
22905,Ġlabs,0.1743,content
22930,support,0.1567,content
22941,oise,0.1645,content
22947,assion,0.1663,content
22961,omore,0.1599,content
22973,nz,0.1811,content
22987,chemical,0.2366,content
23014,Ġburgl,0.1501,content
23020,icates,0.1583,content
23092,icial,0.1641,content
23096,Ġkilograms,0.1626,content
23189,ocus,0.1522,content
23228,oin,0.1521,content
23356,Ġeducator,0.1517,content
23363,missions,0.1652,content
23437,Ġrationale,0.1522,content
23450,ribing,0.1935,content
23465,ĠDiagn,0.1505,content
23518,ĠConclusion,0.1762,content
23568,oday,0.1566,content
23612,carbon,0.1833,content
23641,Bride,0.1603,content
23643,awatts,0.1966,content
23655,operative,0.1547,content
23687,data,0.1768,content
23693,essential,0.1581,content
23776,ĠTue,0.1538,content
23779,Ġespionage,0.1746,content
23870,IDS,0.1671,content
23910,Ġastronaut,0.1873,content
23933,erick,0.1905,content
23954,Ġcreek,0.1516,content
23991,Ġtumors,0.156,content
24002,absolutely,0.1847,content
24050,Ġ2050,0.1541,content
24081,ĠGamble,0.1707,content
24177,Ġchampioned,0.1703,content
24195,ĠSlovenia,0.1563,content
24202,Ġlecturer,0.1509,content
24203,attering,0.1639,content
24236,tank,0.1732,content
24242,ĠAcademic,0.1565,content
24305,Ġanalysed,0.1573,content
24308,ICAL,0.1526,content
24310,ĠReilly,0.1604,content
24335,choice,0.1995,content
24345,anski,0.1761,content
24441,shi,0.1762,content
24469,nih,0.2048,content
24494,ĠAstron,0.2007,content
24497,ĠSana,0.1529,content
24524,----------------,0.1623,content
24527,Ġarthritis,0.1553,content
24576,Ġgenetically,0.1604,content
24591,ĠMonsanto,0.1914,content
24626,iologist,0.2065,content
24709,ĠAnimals,0.1723,content
24717,Ġdismissing,0.1607,content
24735,arton,0.167,content
24748,Ġharassing,0.1605,content
24754,ship,0.1516,content
24760,Ġpledging,0.1711,content
24818,Ġlinemen,0.1758,content
24847,ĠFahrenheit,0.1728,content
24861,Ġfelon,0.1533,content
24906,acting,0.1605,content
24966,icism,0.1798,content
25026,Ġsafest,0.1518,content
25139,Ġmethane,0.156,content
25170,ulsive,0.1673,content
25237,Ġalgae,0.1837,content
25248,sale,0.2038,content
25270,natural,0.1681,content
25333,"Â®,",0.1887,content
25339,unky,0.1501,content
25360,Ġsculptures,0.1896,content
25362,Ġinspires,0.1577,content
25393,Ġpesticides,0.1833,content
25396,opal,0.1586,content
25414,space,0.1793,content
25498,Ġunderscores,0.161,content
25515,south,0.2154,content
25516,onis,0.1662,content
25581,earth,0.1636,content
25595,coe,0.1637,content
25625,ĠWynne,0.1593,content
25634,Ġmathematics,0.2772,content
25641,Ġhormones,0.1732,content
25666,chem,0.1808,content
25705,Ġsurgeons,0.1887,content
25717,iety,0.1757,content
25752,Ġfracking,0.1539,content
25782,cert,0.1683,content
25823,ĠEduc,0.1641,content
25839,Calif,0.1708,content
25868,straight,0.1737,content
25914,onso,0.1637,content
25917,itudes,0.1607,content
25980,ĠTesting,0.1726,content
26008,ĠGeological,0.2091,content
26016,warming,0.1621,content
26038,Ġexperimenting,0.1874,content
26082,iegel,0.1827,content
26086,thought,0.1645,content
26143,Ġmeasles,0.1683,content
26176,Ġecological,0.1582,content
26198,Ġlinebackers,0.1531,content
26226,ultz,0.1711,content
26231,Ġplacebo,0.1537,content
26236,Ġasteroid,0.1819,content
26242,Ġfostering,0.1643,content
26302,stud,0.1549,content
26312,kaya,0.1646,content
26330,265,0.1534,content
26345,ĠTacoma,0.1644,content
26414,educated,0.2167,content
26442,named,0.1519,content
26444,kus,0.1681,content
26515,ĠSupporting,0.1544,content
26565,Ġdentist,0.1514,content
26591,atel,0.1655,content
26618,Ġrenewables,0.1778,content
26641,sal,0.1629,content
26649,sf,0.2065,content
26673,touch,0.1613,content
26687,pez,0.1554,content
26698,England,0.165,content
26705,ceans,0.182,content
26709,itative,0.1555,content
26743,ureen,0.1796,content
26787,oris,0.1508,content
26792,Ġbrunt,0.1572,content
26793,ĠSurgery,0.2233,content
26804,emies,0.176,content
26825,ĠSuddenly,0.1563,content
26826,Ġforay,0.1581,content
26834,orer,0.1512,content
26847,Ġlikened,0.1579,content
26852,arms,0.1711,content
26879,Ġbiking,0.1821,content
26998,Ġsprayed,0.1536,content
27004,Research,0.2345,content
27016,ĠSeasons,0.1596,content
27025,Ġfascinated,0.1818,content
27091,steps,0.1657,content
27100,Ġbisexual,0.1772,content
27101,artments,0.2092,content
27108,ĠSpringer,0.1606,content
27195,ouses,0.1624,content
27214,Ġnausea,0.1658,content
27228,din,0.1642,content
27260,ĠInstitutes,0.1731,content
27285,Ġresearched,0.2294,content
27291,USE,0.155,content
27321,Ġpsychiatrist,0.1704,content
27392,Ġgenome,0.182,content
27415,Ġcider,0.161,content
27469,Ġsteered,0.1598,content
27511,ISON,0.169,content
27517,brance,0.2079,content
27574,enstein,0.152,content
27579,Ġdetonated,0.1696,content
27604,ĠHawking,0.1843,content
27608,Ġtelescope,0.1794,content
27613,ĠForestry,0.1664,content
27618,Pierre,0.168,content
27643,lux,0.1679,content
27699,artment,0.1976,content
27740,answer,0.2016,content
27753,rium,0.1674,content
27792,Ġrepealing,0.1665,content
27816,sav,0.2198,content
27828,Ġravaged,0.1582,content
27831,ĠKnowledge,0.1692,content
27868,%-,0.1539,content
27890,isations,0.1584,content
27955,sels,0.158,content
27956,ĠEvidence,0.1629,content
27976,Ġacids,0.1625,content
27989,resso,0.1584,content
28014,Ġinstituted,0.1518,content
28038,Ġtallest,0.1584,content
28059,Ġjournals,0.156,content
28112,otics,0.1779,content
28260,ĠNOAA,0.2294,content
28263,Ġsuicides,0.1532,content
28330,violent,0.1886,content
28357,say,0.1836,content
28376,ensus,0.1754,content
28398,Ġabdomen,0.1798,content
28399,Ġanalyse,0.1642,content
28401,clean,0.1594,content
28427,ixon,0.1771,content
28428,Ġharming,0.166,content
28437,boa,0.1613,content
28478,Ġcenterpiece,0.15,content
28495,Ġenvironmentalists,0.2081,content
28513,Ġmutations,0.1563,content
28543,ĠBiology,0.3179,content
28566,iffe,0.1555,content
28590,orate,0.1667,content
28680,dozen,0.192,content
28713,BBC,0.1558,content
28721,arta,0.1572,content
28743,tty,0.1691,content
28797,ĠSchwarzenegger,0.1624,content
28807,Ġmolecule,0.1804,content
28809,Ġbiodiversity,0.2028,content
28848,Ġgenetics,0.2153,content
28913,mone,0.1526,content
28964,ĠBST,0.1539,content
29007,Ġlaboratories,0.2209,content
29067,lio,0.1764,content
29068,informed,0.1925,content
29069,ample,0.1607,content
29083,CCC,0.1509,content
29092,ERN,0.1674,content
29095,Ġassailant,0.1622,content
29128,ĠSpending,0.1834,content
29229,Ġskyrocket,0.167,content
29231,Ġveterinarian,0.1743,content
29232,ĠStats,0.1678,content
29234,Ġbiologist,0.2853,content
29251,ĠNumerous,0.1947,content
29263,Ġdiagnose,0.156,content
29266,testers,0.2076,content
29292,Ġflanked,0.1867,content
29318,cient,0.2168,content
29323,asured,0.1552,content
29348,Ġnurture,0.1647,content
29377,gency,0.1555,content
29382,rosis,0.18,content
29404,opened,0.179,content
29418,division,0.1789,content
29428,Ġundermines,0.1717,content
29436,inelli,0.1754,content
29437,Ġdisparities,0.1582,content
29485,EPA,0.1654,content
29605,reciation,0.1901,content
29661,mire,0.1523,content
29668,lower,0.1587,content
29690,Ġphilosophical,0.1723,content
29710,ogie,0.1545,content
29714,tel,0.1573,content
29728,Ġsunscreen,0.1825,content
29767,Ġforestry,0.1676,content
29773,ĠPebble,0.1547,content
29799,supported,0.2018,content
29837,sol,0.1861,content
29855,Ġasserting,0.1601,content
29882,lbs,0.1528,content
29926,safety,0.2564,content
29937,ĠShape,0.1561,content
29941,Ġundeniable,0.1622,content
29947,Ġassertions,0.1522,content
29955,ousse,0.1525,content
30017,Ġacademia,0.2173,content
30079,Ġtruths,0.1579,content
30110,Ġclinicians,0.1718,content
30132,corn,0.1529,content
30147,Ġmetabolism,0.1868,content
30152,iuses,0.2074,content
30187,MAX,0.1549,content
30218,Ġeduc,0.1617,content
30226,ĠXu,0.1656,content
30236,aurus,0.1552,content
30289,ovable,0.1612,content
30322,gall,0.1585,content
30330,yden,0.1653,content
30339,Ġastronomers,0.2739,content
30349,equal,0.1504,content
30351,llan,0.151,content
30359,526,0.169,content
30381,ieves,0.1663,content
30384,eeks,0.1856,content
30392,ĠHOU,0.1514,content
30412,Ġmathematical,0.168,content
30417,Ġnutrient,0.1637,content
30426,Ġnutritious,0.1783,content
30467,romptu,0.1723,content
30468,Ġbesieged,0.1527,content
30477,ĠQuantum,0.1529,content
30494,ĠServe,0.1612,content
30550,"."")",0.1569,content
30620,Ġrover,0.172,content
30621,Ġmysteries,0.1676,content
30638,APH,0.1605,content
30639,cum,0.1582,content
30646,Ġconserve,0.1561,content
30648,Ġcalorie,0.1504,content
30661,ĠNau,0.1667,content
30677,confirmed,0.1974,content
30696,OUN,0.1616,content
30697,".,""",0.1816,content
30708,Ġcarcin,0.1613,content
30724,Ġprescribing,0.1543,content
30798,Ġmetabolic,0.1559,content
30834,crete,0.1643,content
30835,ĠHHS,0.182,content
30836,cience,0.4166,content
30915,neys,0.1579,content
30948,Ġgalaxies,0.1699,content
30969,ority,0.1686,content
31024,ĠRobot,0.1545,content
31048,icides,0.1683,content
31101,Ġpounded,0.153,content
31113,ookie,0.1646,content
31123,carry,0.1713,content
31126,asar,0.1699,content
31173,Ġcitations,0.1694,content
31221,orious,0.1566,content
31226,urities,0.171,content
31246,brainer,0.2189,content
31254,ulsion,0.1931,content
31342,ractor,0.1666,content
31368,Ġsatire,0.1781,content
31398,venth,0.1724,content
31406,ĠPryor,0.1632,content
31415,ĠNumbers,0.1525,content
31432,ĠFoss,0.1625,content
31452,ensible,0.1564,content
31524,ĠSHOW,0.1583,content
31553,prints,0.1542,content
31558,%;,0.1633,content
31575,save,0.1817,content
31590,ĠPhysics,0.3023,content
31591,ĠScholars,0.1796,content
31614,Florida,0.1573,content
31621,Ġfascination,0.153,content
31623,scribed,0.1965,content
31629,ocket,0.1571,content
31657,Ġcohesion,0.1543,content
31671,ĠDonation,0.1975,content
31687,inguished,0.1968,content
31760,ordable,0.168,content
31777,ulp,0.1554,content
31794,ieving,0.17,content
31796,Commerce,0.1763,content
31840,Ġordinances,0.1686,content
31849,ĠISIL,0.1563,content
31873,ĠWhip,0.1511,content
31874,ARM,0.1597,content
31888,ĠCSI,0.1529,content
31903,clinical,0.2338,content
31913,icus,0.1798,content
31920,343,0.1535,content
31955,Ġmaths,0.2721,content
31961,Ġpests,0.1681,content
32000,ĠPixar,0.1745,content
32058,ĠDOI,0.1823,content
32066,Ġpesticide,0.1633,content
32079,phi,0.1708,content
32087,ĠConversely,0.1859,content
32118,faith,0.21,content
32127,ricular,0.1633,content
32231,disciplinary,0.2269,content
32232,ophe,0.1811,content
32246,ĠAges,0.1717,content
32255,ĠPsychology,0.2297,content
32317,authored,0.2153,content
32328,Ġdoctoral,0.2064,content
32367,Ġtotality,0.1558,content
32381,Ġmicrobes,0.2111,content
32387,ansom,0.1678,content
32423,Ġtransitioned,0.1534,content
32469,ĠmacOS,0.1656,content
32481,ogical,0.1884,content
32482,ilst,0.1555,content
32494,Ġsulph,0.1575,content
32499,productive,0.1839,content
32510,cies,0.1532,content
32560,Ġprocure,0.1517,content
32603,ĠGoddard,0.1556,content
32649,dor,0.1523,content
32651,Ġsmelled,0.1589,content
32672,abba,0.1829,content
32684,ĠYuan,0.1563,content
32761,script,0.1749,content
32813,Ġmisdem,0.1675,content
32823,imov,0.1772,content
32832,ilk,0.1754,content
32851,Ġacadem,0.1907,content
32870,ICES,0.1564,content
32916,ibrarian,0.2033,content
32999,ĠChemistry,0.2748,content
33070,Ùħ,0.1652,content
33077,Ġregeneration,0.1637,content
33086,ALTH,0.1814,content
33102,ateur,0.1732,content
33108,ĠProvided,0.1559,content
33109,Ġfilibuster,0.1569,content
33111,reviewed,0.2174,content
33161,raised,0.1747,content
33194,CDC,0.1913,content
33207,EVA,0.1801,content
33208,Ġpsychologists,0.2122,content
33211,ifter,0.1578,content
33234,slow,0.1922,content
33243,sam,0.1907,content
33267,etary,0.1774,content
33271,ĠBiological,0.2275,content
33293,redo,0.1702,content
33302,JECT,0.1602,content
33303,eming,0.1526,content
33310,Ġatoms,0.1565,content
33325,334,0.1522,content
33328,Ġscreenshots,0.1514,content
33353,healthy,0.2137,content
33359,ĠUSE,0.1507,content
33371,ĠBangl,0.1565,content
33378,Wonder,0.1514,content
33386,eem,0.1536,content
33417,Ġplanetary,0.1619,content
33438,ĠAutism,0.1512,content
33506,Ġcompiling,0.1652,content
33517,Ġclimbers,0.1691,content
33581,inea,0.1724,content
33582,ienced,0.1913,content
33625,iency,0.2041,content
33688,apist,0.195,content
33692,Ġbrainstorm,0.1634,content
33728,essor,0.1697,content
33734,Ġaquarium,0.1644,content
33749,science,1.0,content
33762,Ġexperimentation,0.1882,content
33780,older,0.1544,content
33797,ĠSpecies,0.1951,content
33823,ysics,0.2635,content
33824,inflammatory,0.2047,content
33832,Ġphysicist,0.3101,content
33841,doctoral,0.2539,content
33844,psych,0.2173,content
33848,orically,0.1719,content
33853,IRD,0.1743,content
33870,egu,0.1519,content
33882,tested,0.2113,content
33931,vier,0.1612,content
33934,boost,0.1536,content
33935,guided,0.2027,content
33961,erous,0.1657,content
33979,received,0.2021,content
33982,ilon,0.1626,content
34042,Ġleapt,0.1504,content
34043,ergy,0.182,content
34066,ĠSensor,0.2034,content
34098,organic,0.1706,content
34130,ĠLiter,0.1617,content
34147,Ġludicrous,0.1519,content
34152,ĠTelescope,0.1954,content
34159,herry,0.1705,content
34196,Ġsulfur,0.1624,content
34198,Ġfumes,0.1584,content
34209,Ġpsychologically,0.1577,content
34241,Ġastronomical,0.178,content
34284,ĠExamples,0.1578,content
34289,ĠPlants,0.1912,content
34319,scrib,0.1882,content
34332,Ġfaiths,0.1824,content
34338,rase,0.1553,content
34395,Ġflattened,0.154,content
34435,rius,0.1796,content
34453,ĠSherlock,0.1512,content
34474,nsics,0.2484,content
34477,ĠDiseases,0.2154,content
34479,ĠESA,0.1526,content
34514,ĠRegener,0.1695,content
34525,ĠEdited,0.1835,content
34526,Earth,0.1956,content
34576,Ġswore,0.1548,content
34580,Ġphilosopher,0.1696,content
34616,asms,0.208,content
34618,puting,0.2006,content
34641,Ġmockery,0.1607,content
34665,NASA,0.2896,content
34669,itous,0.1541,content
34683,ĠMcA,0.1503,content
34684,695,0.1667,content
34772,ĠLOG,0.1805,content
34786,ĠProtein,0.1927,content
34821,stery,0.1947,content
34833,ĠAwakens,0.1873,content
34842,tl,0.1526,content
34848,eele,0.1818,content
34857,ĠEVs,0.1718,content
34935,student,0.2163,content
34948,Ġclinically,0.1581,content
34958,Ġcrept,0.1519,content
34996,study,0.2195,content
35017,ĠMartian,0.1505,content
35019,lation,0.1713,content
35050,Ġphysi,0.1517,content
35052,ĠCert,0.1535,content
35059,Ġperjury,0.18,content
35064,ĠNasa,0.2215,content
35073,rary,0.1876,content
35078,ĠLogic,0.1734,content
35085,Ġbedrock,0.1583,content
35097,Ġmindfulness,0.1735,content
35111,314,0.158,content
35134,coal,0.1894,content
35190,cook,0.193,content
35208,374,0.1558,content
35238,dose,0.1751,content
35241,Ġbiomedical,0.2545,content
35251,Ġthinkers,0.1735,content
35257,olini,0.177,content
35263,Baltimore,0.1856,content
35360,Operation,0.1619,content
35401,dule,0.1826,content
35402,Ġrealism,0.1558,content
35404,USB,0.1563,content
35407,Ġcontradicted,0.1823,content
35424,ĠHumans,0.1639,content
35427,ecake,0.1752,content
35465,ĠStarted,0.1728,content
35517,yles,0.1643,content
35525,Ġexcavation,0.1558,content
35527,addin,0.1928,content
35529,ceptions,0.1709,content
35536,attery,0.1724,content
35553,ĠScholar,0.182,content
35559,Ġundeniably,0.1704,content
35584,ctuary,0.1903,content
35619,Ġtrespass,0.1636,content
35623,Ġtelescopes,0.2221,content
35645,Captain,0.1516,content
35652,Ġemanating,0.1566,content
35664,ovy,0.1829,content
35695,Mex,0.1604,content
35732,amacare,0.2028,content
35766,326,0.153,content
35791,vous,0.1628,content
35796,Sham,0.1675,content
35797,Ġpotassium,0.1554,content
35812,ĠGenetics,0.2416,content
35823,Ġglaciers,0.1847,content
35877,Magic,0.1614,content
35886,Ġcolonel,0.1522,content
35895,Ġsmartest,0.1989,content
35910,ĠChinatown,0.1621,content
35923,ĠHOUSE,0.1765,content
35948,iological,0.1822,content
35952,Ġcliffs,0.1518,content
35995,acter,0.1622,content
36017,Pope,0.1707,content
36037,scribe,0.1892,content
36046,anthrop,0.2058,content
36049,Ġvariability,0.1827,content
36095,Ġastronomy,0.3482,content
36112,Ġvisceral,0.1504,content
36146,dat,0.1589,content
36152,riger,0.1572,content
36161,oodle,0.158,content
36188,educ,0.1816,content
36208,ĠSTEP,0.1629,content
36210,Ġirresistible,0.1591,content
36243,Clark,0.1653,content
36245,sv,0.1724,content
36251,Ġgeek,0.1889,content
36260,Science,0.6816,content
36271,Ġacad,0.1716,content
36309,ĠIdentification,0.1521,content
36353,sein,0.1948,content
36360,Ġpsychedelic,0.1544,content
36372,Ġapocalypse,0.1545,content
36373,Ġcounterproductive,0.1823,content
36388,Ġscientifically,0.4334,content
36414,Ġintellect,0.18,content
36435,ĠReprodu,0.16,content
36436,brain,0.1688,content
36463,ĠCredits,0.1726,content
36465,ĠGathering,0.16,content
36491,648,0.1551,content
36507,missible,0.1972,content
36522,Ġelectrons,0.1536,content
36554,ĠSiberia,0.1648,content
36562,licks,0.1533,content
36597,cery,0.2068,content
36618,anye,0.1746,content
36650,Ġcorpses,0.163,content
36664,esley,0.181,content
36695,climate,0.2639,content
36701,ĠGuidelines,0.1528,content
36710,untary,0.1979,content
36715,Ġsequels,0.1636,content
36723,ĠDisorder,0.1892,content
36741,spring,0.182,content
36763,stice,0.1859,content
36770,ĠMozilla,0.1666,content
36771,Ġcalmed,0.156,content
36781,Ġanthology,0.1501,content
36782,Ġbiomass,0.166,content
36784,tails,0.1614,content
36794,sense,0.2233,content
36802,ĠSounders,0.1898,content
36817,illin,0.1768,content
36819,Ġinflicting,0.1675,content
36829,Ġbiologists,0.308,content
36863,ĠParticularly,0.1668,content
36867,710,0.1553,content
36872,igious,0.1776,content
36899,Ġtwenties,0.1534,content
36919,uay,0.1832,content
36938,ĠMolecular,0.2107,content
36977,Albert,0.1587,content
36989,Ġbounces,0.1544,content
36991,910,0.1518,content
36998,Ġuterus,0.1808,content
37006,ĠHubble,0.1755,content
37008,"âĢĶ""",0.1523,content
37057,Ġplotted,0.1668,content
37083,unker,0.1769,content
37097,joined,0.1847,content
37119,yx,0.1506,content
37121,iscovery,0.2038,content
37145,mol,0.1574,content
37162,Ġmurderers,0.1677,content
37173,ĠBUR,0.167,content
37178,Ġdivergence,0.1527,content
37216,ĠMathematics,0.2552,content
37242,ĠTBD,0.1608,content
37288,ĠSauce,0.1669,content
37298,oof,0.1517,content
37306,Ġintellectuals,0.18,content
37332,030,0.1569,content
37378,Ġskeptics,0.1738,content
37399,687,0.1582,content
37406,usters,0.1723,content
37407,Ġcones,0.1616,content
37428,Ġ328,0.1614,content
37432,acid,0.1708,content
37445,diagn,0.2186,content
37461,Ġdebunked,0.2069,content
37511,ierra,0.1651,content
37521,loo,0.1541,content
37546,Ġoutwe,0.1542,content
37559,internal,0.186,content
37581,responsible,0.2012,content
37657,ĠPledge,0.1664,content
37672,Ġexperimented,0.2027,content
37695,Ġecstasy,0.1507,content
37697,Sea,0.1526,content
37701,cerned,0.1781,content
37704,OX,0.1764,content
37734,urnal,0.1686,content
37740,mitting,0.1868,content
37766,ĠEvaluation,0.1592,content
37774,ĠScientist,0.4039,content
37789,ĠSeconds,0.2064,content
37802,ĠBrigham,0.1517,content
37803,ogun,0.1654,content
37815,names,0.1742,content
37839,493,0.1777,content
37855,azine,0.1727,content
37867,668,0.1735,content
37870,sole,0.1564,content
37879,smoking,0.2133,content
37880,ĠBottle,0.1604,content
37905,070,0.1539,content
37911,426,0.1502,content
37916,Ġrapists,0.1642,content
37929,ĠSpray,0.1682,content
37970,reality,0.2428,content
37972,unal,0.1591,content
37987,alsa,0.1773,content
38016,Ġphys,0.1559,content
38019,chid,0.1525,content
38023,ODE,0.1562,content
38028,Ġcloves,0.1741,content
38029,ĠNIH,0.2204,content
38057,ĠPainter,0.1543,content
38080,698,0.174,content
38089,ective,0.1783,content
38093,fortable,0.1634,content
38104,Ġanecdotal,0.1586,content
38117,ĠCuriosity,0.1958,content
38138,654,0.161,content
38143,497,0.1675,content
38196,Ġintellectually,0.1974,content
38213,ffee,0.1883,content
38218,Ġtenets,0.1807,content
38224,ĠSagan,0.1902,content
38246,iatrics,0.1989,content
38252,ĠOutput,0.1813,content
38280,Ġunison,0.1534,content
38291,Syrian,0.1952,content
38309,Ġveterin,0.204,content
38311,idon,0.1574,content
38316,ĠQuran,0.1662,content
38320,Ġdiffered,0.1743,content
38354,shut,0.2052,content
38360,usra,0.2202,content
38379,Ġneuroscience,0.332,content
38381,engu,0.1539,content
38399,Ġphysiological,0.1825,content
38414,itory,0.1638,content
38417,imester,0.2004,content
38424,ugen,0.161,content
38436,ranch,0.1534,content
38439,ĠHELP,0.1501,content
38468,isible,0.1689,content
38477,Virginia,0.1585,content
38483,sound,0.1877,content
38539,ĠInvalid,0.1508,content
38542,meat,0.1888,content
38582,ĠSync,0.1566,content
38586,ĠERROR,0.2154,content
38603,ĠStarts,0.1763,content
38607,Ġmicrobial,0.1692,content
38609,cult,0.1748,content
38637,Ġshatter,0.164,content
38652,scene,0.1769,content
38654,gain,0.1598,content
38668,Ġsynth,0.1635,content
38685,Ġastroph,0.2647,content
38686,Ġseism,0.1757,content
38698,ĠVolcano,0.1655,content
38719,697,0.1596,content
38748,ĠYao,0.163,content
38755,imsy,0.1735,content
38767,Ġorbital,0.1542,content
38771,Ġcounteract,0.1662,content
38784,ĠConfederacy,0.1553,content
38787,ocused,0.1991,content
38823,nova,0.1645,content
38830,riminal,0.1755,content
38841,Ġflung,0.1598,content
38880,Ġpowerfully,0.15,content
38884,cule,0.1729,content
38885,ĠSomewhere,0.1557,content
38919,Ġsuppressing,0.1806,content
38937,acea,0.1769,content
38951,Ġpathology,0.1798,content
38954,Ġlingu,0.1588,content
38957,scient,0.5355,content
38972,syn,0.1581,content
38987,cern,0.1966,content
39009,sand,0.2363,content
39022,sequent,0.1812,content
39045,inez,0.1558,content
39053,ĠNeurolog,0.1944,content
39060,651,0.1513,content
39064,quant,0.1917,content
39080,tip,0.1549,content
39110,ĠÂ®,0.1615,content
39130,Roger,0.1548,content
39141,035,0.1579,content
39146,Bruce,0.1506,content
39159,doi,0.2099,content
39160,ĠNerd,0.1778,content
39162,ĠSeeds,0.167,content
39177,Ġcombatants,0.1516,content
39213,ĠScientology,0.188,content
39220,chlor,0.1564,content
39236,INST,0.1643,content
39239,ĠLancet,0.2259,content
39241,ĠPrinciples,0.1684,content
39267,tical,0.1794,content
39269,ĠWouldn,0.1535,content
39302,icist,0.2089,content
39317,Ġresear,0.2187,content
39323,Isa,0.1545,content
39335,514,0.1702,content
39362,Ġmagnets,0.1682,content
39397,speak,0.2085,content
39403,ĠScandinav,0.1549,content
39406,cerpt,0.1712,content
39409,phys,0.216,content
39412,ources,0.1744,content
39417,literally,0.1979,content
39438,rehensible,0.2117,content
39443,shine,0.1834,content
39447,Ġaspirin,0.185,content
39462,cellent,0.1809,content
39468,gress,0.1832,content
39471,Ġacupuncture,0.1909,content
39479,ĠNing,0.156,content
39483,Ġdefund,0.1855,content
39500,ĠDeadly,0.1528,content
39501,Ġplutonium,0.2013,content
39526,796,0.1665,content
39530,ĠCurious,0.1737,content
39547,Ġnerd,0.1714,content
39561,ĠNeander,0.1765,content
39576,scope,0.1737,content
39602,STAR,0.1681,content
39618,redited,0.1904,content
39621,GMT,0.1994,content
39655,rosc,0.1769,content
39656,axy,0.1785,content
39658,ĠOPER,0.162,content
39663,elfth,0.1752,content
39683,ĠCategories,0.2014,content
39688,694,0.1647,content
39705,Ġcoer,0.1542,content
39726,Ġtheorists,0.1992,content
39745,orers,0.1886,content
39763,none,0.1585,content
39820,omedical,0.1876,content
39821,ĠSupplemental,0.154,content
39822,ĠSurve,0.1966,content
39833,ĠSTUD,0.1984,content
39839,Ġmicrobiome,0.205,content
39873,Ġasteroids,0.1969,content
39877,nance,0.1993,content
39913,Ġestrogen,0.1776,content
39926,ĠSpaces,0.1596,content
39932,ĠPercent,0.1765,content
39958,Ġdetainee,0.1661,content
39970,997,0.1734,content
39981,itimate,0.186,content
39983,ĠkW,0.1869,content
39995,ĠTRANS,0.1671,content
39998,Ġmicrobi,0.2257,content
40014,orians,0.1893,content
40016,ĠCrush,0.1525,content
40034,ometime,0.1814,content
40043,Ġscholarly,0.2313,content
40049,ijing,0.1788,content
40051,math,0.2627,content
40057,ĠFrankenstein,0.1773,content
40063,zag,0.1536,content
40065,797,0.1557,content
40072,ĠThunderbolt,0.1678,content
40108,aganda,0.2192,content
40130,ĠKaf,0.1546,content
40133,imum,0.1651,content
40139,otomy,0.174,content
40144,atom,0.1768,content
40147,Ġinexplicable,0.1758,content
40150,Ġempirical,0.1855,content
40162,udence,0.1945,content
40163,Ġjargon,0.1928,content
40184,783,0.1587,content
40192,ĠCruel,0.1679,content
40232,render,0.1603,content
40244,ĠGMO,0.1601,content
40281,ĠPsychological,0.175,content
40308,ĠCountdown,0.1571,content
40314,idine,0.1527,content
40327,Ġdepictions,0.1513,content
40331,ilage,0.1766,content
40335,instein,0.1845,content
40336,ĠExperiment,0.1857,content
40340,STE,0.1622,content
40369,Ġastronomer,0.275,content
40379,693,0.1526,content
40391,989,0.1635,content
40421,omical,0.1719,content
40440,outheast,0.1882,content
40450,Researchers,0.2675,content
40466,Climate,0.2359,content
40471,Ġcommenters,0.1509,content
40475,Ġchemist,0.2397,content
40501,umbered,0.1765,content
40503,Ġthinker,0.1837,content
40511,speech,0.235,content
40533,ĠShade,0.1542,content
40558,986,0.1546,content
40592,Safety,0.1713,content
40612,omever,0.1698,content
40628,ockets,0.1758,content
40634,Ġvape,0.16,content
40638,Emergency,0.1536,content
40642,stairs,0.1623,content
40646,Ġtheorist,0.1779,content
40655,ween,0.1591,content
40663,893,0.1547,content
40682,pox,0.1723,content
40688,adult,0.2039,content
40690,994,0.1698,content
40706,silver,0.2304,content
40718,Seattle,0.168,content
40732,oru,0.1514,content
40733,ĠACTION,0.177,content
40734,Ġcomprom,0.1617,content
40747,subject,0.1911,content
40786,asuring,0.1824,content
40790,Bio,0.1821,content
40791,Ġadvisable,0.1766,content
40803,rared,0.1907,content
40810,ĠRTX,0.1616,content
40816,Scientists,0.4711,content
40831,ĠATK,0.1831,content
40833,Ġcaveats,0.1758,content
40858,Ġcannons,0.162,content
40859,stem,0.155,content
40867,Ġmicrosc,0.1656,content
40885,ĠOliv,0.1751,content
40888,Ġpsychiatrists,0.1853,content
40890,inction,0.2221,content
40892,088,0.1584,content
40895,Ġopium,0.1693,content
40896,acus,0.1734,content
40915,ounters,0.1809,content
40919,raise,0.1639,content
40965,Ġdopamine,0.1613,content
40976,048,0.1797,content
40981,asks,0.1813,content
40985,requent,0.1753,content
41007,ammad,0.1762,content
41034,ĠAnswers,0.1701,content
41068,ĠOrbital,0.1865,content
41070,Ġattribut,0.1501,content
41078,Ġdebunk,0.2106,content
41088,Ġaltru,0.1618,content
41092,clusions,0.1654,content
41110,--------------,0.2196,content
41112,ouple,0.1617,content
41152,Doctor,0.2317,content
41199,ĠVirus,0.1607,content
41204,animal,0.2104,content
41205,spread,0.1763,content
41206,ĠIPCC,0.222,content
41217,Ġgenomic,0.1606,content
41222,ĠKILL,0.1611,content
41237,ĠStatistical,0.1649,content
41251,skill,0.2471,content
41260,083,0.1542,content
41282,Ġwearer,0.1591,content
41302,Chem,0.2097,content
41320,enemy,0.199,content
41322,ĠGalileo,0.2409,content
41327,ĠInput,0.1514,content
41334,omsday,0.1575,content
41357,Protect,0.1525,content
41384,Moscow,0.2029,content
41387,Ġlesbians,0.1965,content
41395,oola,0.2045,content
41398,Ġobservational,0.1739,content
41422,NESS,0.1618,content
41461,Ġfermentation,0.1961,content
41475,biology,0.3565,content
41486,empty,0.166,content
41487,ĠTAG,0.1685,content
41492,imura,0.1722,content
41496,Ocean,0.1524,content
41499,IENCE,0.3482,content
41521,Mars,0.195,content
41537,ĠBeetle,0.1679,content
41538,ĠEarthqu,0.196,content
41551,ademic,0.2297,content
41565,priority,0.2156,content
41568,amina,0.1645,content
41590,stack,0.1718,content
41597,Nob,0.1586,content
41635,Ore,0.1902,content
41642,selected,0.1914,content
41646,Choice,0.1665,content
41660,Ġfolly,0.1748,content
41685,sort,0.2056,content
41689,oice,0.1728,content
41701,ĠExperimental,0.1667,content
41721,ĠRounds,0.1685,content
41727,Ġintestine,0.172,content
41728,eus,0.1717,content
41739,Ġphysicists,0.2981,content
41742,Saint,0.1554,content
41759,ĠTEST,0.1858,content
41760,gomery,0.1645,content
41791,tick,0.1755,content
41843,absolute,0.211,content
41866,giene,0.2281,content
41877,SER,0.1571,content
41891,ploma,0.2006,content
41938,untarily,0.1944,content
41939,Ġparanormal,0.183,content
41942,ĠNeuroscience,0.2605,content
41966,Ġphysiology,0.2748,content
41972,mson,0.1603,content
41984,Ġcognition,0.2029,content
42010,grain,0.165,content
42015,ĠBucc,0.16,content
42040,Ġstimulated,0.1688,content
42046,Ġfused,0.1502,content
42092,Ġridic,0.1715,content
42097,Ġpercentile,0.1716,content
42098,shr,0.194,content
42110,ramids,0.1895,content
42138,clerosis,0.234,content
42153,Ġinev,0.1682,content
42155,ĠSupported,0.1935,content
42166,uitive,0.1851,content
42171,ĠXVI,0.1596,content
42185,ouston,0.1726,content
42197,cible,0.1644,content
42208,Ġclustered,0.1617,content
42212,ĠJudah,0.1676,content
42228,Ġcortisol,0.2031,content
42231,ĠObserv,0.159,content
42233,Ide,0.1535,content
42244,ĠKoran,0.1589,content
42299,gui,0.1661,content
42307,gage,0.162,content
42386,Ġskept,0.1615,content
42416,ocene,0.1879,content
42420,iple,0.1586,content
42424,ĠHuck,0.1587,content
42432,ĠDiscipline,0.1959,content
42443,ĠEpidem,0.1844,content
42453,Ġ398,0.1647,content
42464,phe,0.1773,content
42470,Ġwitchcraft,0.1963,content
42473,escent,0.1881,content
42475,Ġnonsensical,0.2014,content
42497,ĠMorty,0.167,content
42500,ausible,0.215,content
42504,Ġtrope,0.1556,content
42506,ventures,0.2164,content
42525,Ġgenomes,0.2065,content
42532,Ġdatasets,0.1884,content
42545,Ġchemically,0.1784,content
42559,Ġresid,0.1537,content
42570,Ġabstinence,0.1774,content
42574,Ġwatts,0.1813,content
42579,ceptive,0.1701,content
42614,ĠMDMA,0.1511,content
42615,requently,0.1688,content
42618,uctor,0.2012,content
42629,trop,0.1974,content
42655,evidence,0.2536,content
42687,asonry,0.2083,content
42698,tg,0.2063,content
42701,ravity,0.2165,content
42705,duction,0.1931,content
42723,earcher,0.1949,content
42732,elligent,0.2106,content
42742,destroy,0.2165,content
42745,Ġinfographic,0.1923,content
42755,Ġcircumst,0.1521,content
42768,deen,0.1715,content
42791,CIA,0.1955,content
42808,cence,0.1949,content
42820,Animal,0.1753,content
42826,species,0.2444,content
42842,aldehyde,0.1752,content
42846,assin,0.1597,content
42847,Doctors,0.2612,content
42860,Ġconfounding,0.1639,content
42866,immune,0.1857,content
42867,ĠSQU,0.1522,content
42901,Ġregenerate,0.1698,content
42908,CRIPTION,0.1906,content
42913,Rocket,0.1582,content
42923,ĠRestore,0.181,content
42924,Scar,0.1533,content
42930,Ġobfusc,0.1636,content
42938,icago,0.1976,content
42954,Mos,0.1536,content
42958,ibble,0.1591,content
42967,rocket,0.209,content
42968,Natural,0.1613,content
42987,oS,0.176,content
43003,",)",0.1525,content
43027,Ġmathematician,0.2345,content
43029,Ġannihilation,0.1714,content
43044,IRED,0.1744,content
43076,ĠUnlock,0.1815,content
43086,Gay,0.157,content
43092,protein,0.2374,content
43097,ociate,0.1725,content
43098,Ġemits,0.1807,content
43102,nature,0.2617,content
43111,Ġheals,0.1507,content
43119,equality,0.2294,content
43137,Ġbiologically,0.2193,content
43140,recomm,0.1868,content
43150,ionage,0.2222,content
43153,Ġnerds,0.2022,content
43154,ĠXie,0.1823,content
43161,etus,0.1661,content
43189,snap,0.2118,content
43191,Ġextermin,0.1633,content
43217,hazard,0.2019,content
43232,Planet,0.2027,content
43233,udding,0.1861,content
43240,Ġinterstellar,0.1642,content
43258,shit,0.1695,content
43269,Ġpseud,0.2001,content
43274,Stack,0.1663,content
43275,ohm,0.1849,content
43287,inently,0.1841,content
43295,ĠPlanetary,0.2082,content
43343,accessible,0.2042,content
43347,Ġboulder,0.161,content
43350,Ġunres,0.1573,content
43351,ĠCinnamon,0.1682,content
43367,Ġgrasped,0.1567,content
43375,orem,0.1656,content
43382,ĠSodium,0.2201,content
43387,ĠPaste,0.152,content
43397,Karl,0.166,content
43398,AGES,0.1737,content
43399,Ġserotonin,0.1605,content
43402,ĠCollider,0.1906,content
43411,ĠGeneric,0.1573,content
43421,Batman,0.1904,content
43425,saf,0.2486,content
43428,sci,0.4766,content
43433,ĠDracula,0.159,content
43442,lamm,0.1856,content
43456,Faith,0.1862,content
43470,Ġunlocks,0.1616,content
43477,Craft,0.1606,content
43489,arrett,0.1748,content
43518,duct,0.1845,content
43521,/),0.1807,content
43525,anchez,0.1893,content
43541,Student,0.1502,content
43559,Ġoccult,0.1547,content
43566,ĠGamma,0.1524,content
43571,Ġpagan,0.1532,content
43572,ĠRei,0.1585,content
43574,ĠSubmission,0.1712,content
43583,ĠGalile,0.1593,content
43584,ĠGodzilla,0.155,content
43600,Magn,0.153,content
43609,ĠIbn,0.17,content
43632,ĠEarthquake,0.159,content
43652,ranean,0.2026,content
43677,rils,0.1964,content
43683,Ġuter,0.1546,content
43685,ographics,0.2006,content
43695,ĠFOIA,0.1842,content
43714,Alice,0.1673,content
43723,scientific,0.5548,content
43730,ĠAvg,0.1966,content
43731,Ġbelie,0.1521,content
43732,Carter,0.1621,content
43733,Ġexposition,0.1537,content
43738,Ġdisob,0.1556,content
43755,Wide,0.1509,content
43800,Eat,0.1864,content
43807,mage,0.1573,content
43818,Monster,0.1784,content
43826,ĠPlasma,0.1719,content
43827,Phys,0.1806,content
43829,Fu,0.1682,content
43843,ĠTurtles,0.1751,content
43855,ĠPharmac,0.1881,content
43873,Ġwillpower,0.214,content
43878,ĠBuffy,0.1563,content
43882,shape,0.1964,content
43886,ucer,0.1741,content
43896,STEM,0.312,content
43898,ĠCosmic,0.1739,content
43904,ĠXII,0.1621,content
43953,ACTION,0.1912,content
43962,Ġesoteric,0.1715,content
43964,idious,0.1606,content
43969,Ġsuperhuman,0.1751,content
43984,Nature,0.2389,content
43991,Ġsaline,0.185,content
44008,Ġammon,0.1533,content
44013,Ġmultiplying,0.1646,content
44031,ĠInsect,0.2175,content
44056,Ġadherents,0.1641,content
44061,universal,0.1814,content
44067,rients,0.199,content
44090,Ġadventurer,0.1719,content
44101,ĠPROGRAM,0.1838,content
44113,Ġ1897,0.1606,content
44154,split,0.1948,content
44161,hibition,0.1878,content
44194,bley,0.1877,content
44209,selection,0.2288,content
44231,hesion,0.1921,content
44261,Ġdoubtless,0.167,content
44265,Ġcrochet,0.171,content
44267,Ġphilosophers,0.2169,content
44284,Ġcerv,0.1651,content
44309,ĠStarg,0.1738,content
44310,ĠPhilos,0.1726,content
44323,Ġepigen,0.2134,content
44353,Psych,0.1861,content
44369,Ġimagin,0.1574,content
44385,Professor,0.1952,content
44393,ĠGhostbusters,0.1815,content
44397,ycle,0.1611,content
44398,Ġwedd,0.1627,content
44403,'],0.1861,content
44422,osaurus,0.1795,content
44429,ĠScare,0.1504,content
44430,Ġresists,0.1596,content
44436,Ġmutated,0.158,content
44455,onnaissance,0.2167,content
44464,ĠPikachu,0.1554,content
44469,Ġfallacy,0.1891,content
44473,Ġmasturbation,0.175,content
44523,Struct,0.1726,content
44524,ĠUFOs,0.1964,content
44537,Hyd,0.1638,content
44549,Brain,0.1678,content
44559,Solar,0.1867,content
44563,Ġanonym,0.1609,content
44568,cise,0.173,content
44572,Quant,0.177,content
44576,monster,0.1913,content
44618,ĠShiny,0.1566,content
44638,ĠWhedon,0.2068,content
44639,ĠValid,0.1687,content
44646,Ġclenched,0.1587,content
44652,sych,0.2013,content
44656,shield,0.181,content
44665,Ġsamurai,0.1624,content
44682,allel,0.1969,content
44700,udder,0.1669,content
44704,osal,0.1598,content
44742,ĠHobbit,0.1625,content
44744,ĠWonders,0.1752,content
44753,GPU,0.1622,content
44755,Ġneurotrans,0.1873,content
44778,Ġimpossibility,0.1896,content
44792,ĠStarship,0.1708,content
44800,hammad,0.2207,content
44809,Ġextermination,0.16,content
44819,Ġplaus,0.1648,content
44821,Ġbicy,0.1945,content
44825,Ġoverc,0.1639,content
44838,Ġscriptures,0.1772,content
44842,dra,0.1679,content
44845,Ġcolonists,0.1683,content
44846,ĠNebula,0.2447,content
44850,Ġhypotheses,0.1939,content
44853,Math,0.2211,content
44873,Tier,0.1729,content
44876,Ġlucid,0.1554,content
44898,Jess,0.1523,content
44909,ĠSPACE,0.2036,content
44914,doctor,0.2929,content
44936,ĠScrolls,0.1697,content
44961,Ġeluc,0.1871,content
44966,Experts,0.1931,content
44970,pause,0.1988,content
44978,Ġneurot,0.1746,content
45008,Ġatheists,0.1897,content
45017,numbered,0.2057,content
45028,Ġcircumference,0.1726,content
45040,Ġspores,0.1725,content
45063,Ġnihil,0.1755,content
45073,Ġdiction,0.1547,content
45081,Hat,0.1585,content
45088,ĠXue,0.1816,content
45094,orescence,0.2003,content
45099,SET,0.1623,content
45124,ĠAliens,0.171,content
45139,Ġspears,0.1809,content
45184,ĠMutant,0.1709,content
45201,ĠBulg,0.1842,content
45221,Ġiodine,0.1607,content
45223,ĠScion,0.1785,content
45226,iosity,0.1791,content
45244,untu,0.1804,content
45251,ĠDecay,0.1895,content
45252,quart,0.1792,content
45271,ctory,0.1907,content
45289,ĠCannot,0.1607,content
45296,Screenshot,0.1803,content
45311,Environmental,0.1908,content
45318,orsi,0.1861,content
45324,Ġmathematic,0.242,content
45330,ournals,0.2224,content
45345,ĠDeus,0.1513,content
45355,stellar,0.2229,content
45374,Ġrationality,0.2131,content
45379,ĠCrate,0.1705,content
45395,Exper,0.1706,content
45398,Ġuphe,0.1884,content
45407,resist,0.2082,content
45413,ĠIllusion,0.1681,content
45423,netic,0.1714,content
45429,Ġalgebra,0.1997,content
45444,Ġpsychedel,0.1852,content
45446,Ġdoctrines,0.1746,content
45457,Ġanatomical,0.1892,content
45467,Ġunint,0.1509,content
45473,ĠSpock,0.2114,content
45478,ĠAttribution,0.179,content
45479,egal,0.1861,content
45484,ascist,0.1909,content
45517,Ġsentient,0.1684,content
45523,olics,0.2028,content
45540,ĠBugs,0.1635,content
45541,ĠMech,0.1763,content
45544,ICLE,0.1976,content
45548,actly,0.1748,content
45575,ĠPrometheus,0.1879,content
45583,Ġadventurers,0.1709,content
45594,amd,0.1753,content
45614,ĠMysteries,0.1969,content
45635,ĠMysterious,0.1917,content
45645,Ġinduces,0.1658,content
45646,Audio,0.1513,content
45657,Phase,0.1731,content
45668,Ġdisbel,0.1723,content
45680,Alien,0.1972,content
45692,src,0.195,content
45701,iciary,0.1877,content
45711,uncle,0.205,content
45712,chemy,0.2287,content
45737,%:,0.1714,content
45746,Ġpresets,0.1719,content
45753,Ġbasal,0.1629,content
45764,Repeat,0.175,content
45766,rx,0.1894,content
45777,ĠDelete,0.1868,content
45781,vertising,0.1795,content
45784,Study,0.1921,content
45799,isexual,0.2106,content
45811,Ġmosa,0.1821,content
45826,atomic,0.2031,content
45829,gencies,0.211,content
45832,Ġcausation,0.207,content
45846,outhern,0.1714,content
45852,elligence,0.2139,content
45867,ĠDoomsday,0.1538,content
45887,ĠGNOME,0.2019,content
45935,REF,0.1651,content
45936,Ġhypothesized,0.1874,content
45952,Goal,0.1774,content
45956,ricanes,0.1847,content
45977,damage,0.2417,content
45995,ĠPuzzle,0.1642,content
46000,Studies,0.2482,content
46002,uild,0.1646,content
46017,stals,0.1907,content
46018,ihilation,0.1982,content
46027,ĠPaleo,0.1636,content
46039,Ġperpendicular,0.1503,content
46044,Ġpsi,0.1878,content
46048,OOL,0.1729,content
46055,ĠXIII,0.1762,content
46059,stasy,0.2044,content
46069,Evidence,0.2124,content
46072,Exit,0.1728,content
46074,planet,0.2401,content
46086,Ġgluc,0.1674,content
46098,Ġconson,0.1676,content
46099,Ġoxidative,0.184,content
46104,Educ,0.1832,content
46106,dx,0.2218,content
46120,ĠACTIONS,0.2136,content
46156,------------,0.207,content
46173,ĠBIOS,0.1564,content
46175,riet,0.1634,content
46180,ixir,0.21,content
46184,Assistant,0.1628,content
46202,Process,0.1611,content
46203,slave,0.2157,content
46204,ĠJUSTICE,0.22,content
46214,akespeare,0.2091,content
46221,ĠVulkan,0.2036,content
46244,ĠScient,0.2298,content
46245,ĠRept,0.1749,content
46265,ĠHz,0.1827,content
46268,olesterol,0.1938,content
46274,ĠSpiral,0.1646,content
46275,ĠClone,0.1549,content
46276,bnb,0.1596,content
46283,culus,0.1848,content
46285,cules,0.1732,content
46290,Ġsolder,0.1608,content
46300,Scient,0.4186,content
46312,ĠCoil,0.1787,content
46319,ampunk,0.2141,content
46320,ĠScriptures,0.1741,content
46323,arching,0.1887,content
46324,Ġastron,0.1904,content
46325,Ġnumeric,0.1567,content
46329,Ġmetaphysical,0.2054,content
46331,Element,0.1612,content
46332,ĠRuin,0.1658,content
46355,Effective,0.1605,content
46356,ĠMeow,0.1661,content
46361,Ġfaintly,0.178,content
46363,bably,0.2261,content
46376,ĠExplan,0.1797,content
46396,Ġcommandments,0.1783,content
46414,ĠPsychiat,0.1956,content
46418,ĠKDE,0.1911,content
46426,ĠâĢº,0.1772,content
46435,FLAG,0.1973,content
46440,Ġglyc,0.1689,content
46441,ĠHelpful,0.1987,content
46460,ifact,0.1829,content
46480,Ġanecd,0.1922,content
46485,Ġmultiplication,0.1694,content
46487,Ġbytes,0.1545,content
46508,UID,0.1802,content
46517,Crit,0.1542,content
46522,uish,0.1726,content
46531,afort,0.1722,content
46533,Ġempir,0.2099,content
46534,ĠQuake,0.1556,content
46542,ospels,0.2232,content
46551,withstanding,0.1768,content
46555,ĠSSH,0.1527,content
46569,Ġintu,0.152,content
46570,DOC,0.1846,content
46587,Ġclen,0.186,content
46602,ochond,0.1864,content
46633,Steam,0.1745,content
46641,ĠWarp,0.1765,content
46655,inflamm,0.2105,content
46664,ĠDwarf,0.1581,content
46672,Eva,0.1618,content
46711,ĠPrimal,0.1668,content
46724,Ġhomebrew,0.1575,content
46759,Alternative,0.1694,content
46763,ĠIPM,0.1812,content
46764,Ġcorrel,0.152,content
46785,Command,0.1622,content
46813,ĠDungeons,0.166,content
46828,ĠMathemat,0.2375,content
46835,ĠUseful,0.1684,content
46838,AMY,0.1797,content
46848,ĠAlchemist,0.1646,content
46855,Ġencode,0.1617,content
46860,intestinal,0.2071,content
46865,Questions,0.1555,content
46868,Ġgren,0.1586,content
46940,Ġepist,0.1543,content
46946,edience,0.2221,content
46971,Push,0.1716,content
46984,ĠJournals,0.1747,content
46985,TAG,0.1765,content
46990,umeric,0.1865,content
46991,ĠCodex,0.1657,content
46994,Sym,0.1876,content
46999,Ġbrill,0.1807,content
47002,ĠAlchemy,0.2281,content
47018,ĠLovecraft,0.1836,content
47020,ĠInterstellar,0.2098,content
47021,Ġdebugging,0.1745,content
47053,ĠScy,0.163,content
47067,alion,0.18,content
47071,ĠUncommon,0.1878,content
47081,Pinterest,0.18,content
47085,Ġsubscrib,0.1593,content
47113,lectic,0.1856,content
47136,STD,0.1938,content
47146,EEE,0.1648,content
47151,ĠPsychic,0.1627,content
47152,Ġdorsal,0.1649,content
47155,/+,0.1657,content
47160,hemat,0.1906,content
47173,tests,0.2475,content
47183,ĠKlingon,0.1895,content
47195,Ġexponent,0.1866,content
47201,ĠBiol,0.21,content
47206,Supported,0.1937,content
47212,ophical,0.199,content
47221,ĠTrog,0.1955,content
47237,ĠInquisition,0.1611,content
47253,inyl,0.1523,content
47281,1007,0.1745,content
47290,omaly,0.1951,content
47310,atural,0.1901,content
47345,odox,0.1855,content
47357,osate,0.2188,content
47358,usb,0.2129,content
47365,*:,0.1642,content
47368,Bonus,0.1546,content
47372,ĠEnchant,0.1585,content
47378,CPU,0.1705,content
47381,ĠNightmares,0.1921,content
47387,ĠSlime,0.1842,content
47390,Ġacknowled,0.1737,content
47395,Numbers,0.185,content
47400,udicrous,0.191,content
47409,nsic,0.2054,content
47415,sonian,0.2148,content
47423,Ġdebug,0.1605,content
47430,Adventure,0.2057,content
47431,FORE,0.1786,content
47446,Testing,0.2162,content
47460,"%""",0.1829,content
47467,ensable,0.1768,content
47483,ramid,0.1788,content
47508,ARDIS,0.1897,content
47512,ĠContains,0.1942,content
47529,Ġ(>,0.172,content
47534,âĶ,0.1643,content
47537,Balance,0.1829,content
47543,soever,0.181,content
47552,renheit,0.2272,content
47556,Ġscient,0.3439,content
47581,×¨,0.2017,content
47618,ĠWarhammer,0.1684,content
47619,))),0.1525,content
47637,ĠCorpse,0.1676,content
47645,åĬ,0.1571,content
47668,Ġirresist,0.203,content
47676,Issue,0.1696,content
47690,Ġlineback,0.1753,content
47693,tile,0.2131,content
47707,Ġwhence,0.1575,content
47714,ocre,0.1765,content
47715,Measure,0.185,content
47721,Ïĥ,0.1592,content
47755,miah,0.1844,content
47759,×ľ,0.2067,content
47761,Ġnobles,0.1678,content
47773,ĠBinding,0.1621,content
47790,ichick,0.2004,content
47796,stract,0.211,content
47801,ĠElemental,0.1533,content
47802,Function,0.1731,content
47806,Response,0.172,content
47811,uscript,0.2058,content
47820,rss,0.1834,content
47825,iblical,0.192,content
47827,uminati,0.199,content
47836,leanor,0.1651,content
47844,ĠCrusher,0.1823,content
47875,Ġleptin,0.1978,content
47877,ĠStarfleet,0.2157,content
47886,wikipedia,0.222,content
47911,ĠDraco,0.1561,content
47925,dinand,0.1831,content
47936,Armor,0.2125,content
47941,ĠBleach,0.1698,content
47949,sword,0.1756,content
47950,Minecraft,0.2351,content
47958,ermanent,0.1796,content
47976,Ġunavoid,0.2081,content
48003,ä¿,0.1557,content
48046,arser,0.1933,content
48057,jriwal,0.1908,content
48059,Ġadherent,0.1805,content
48091,SCP,0.215,content
48111,lations,0.2009,content
48128,è¯,0.2,content
48137,ocamp,0.1738,content
48138,aughtered,0.1715,content
48147,Reason,0.1706,content
48154,socket,0.245,content
48162,Myth,0.2398,content
48163,ensical,0.2197,content
48173,éĢ,0.1662,content
48180,morrow,0.2028,content
48184,Num,0.1884,content
48197,spawn,0.2083,content
48198,ratulations,0.2145,content
48202,luster,0.1589,content
48208,etheus,0.2168,content
48211,cmd,0.1953,content
48214,Input,0.1838,content
48224,Ġtheoret,0.2163,content
48230,Thumbnail,0.1586,content
48253,Ġdwarves,0.1752,content
48260,EEEE,0.152,content
48264,ssl,0.2001,content
48270,cientious,0.1907,content
48293,Output,0.1925,content
48305,Ġshader,0.1699,content
48307,NAME,0.1986,content
48317,reply,0.203,content
48318,Ġcontrad,0.198,content
48323,chemist,0.2281,content
48327,Ġibn,0.1769,content
48347,:\,0.1632,content
48351,Chest,0.157,content
48352,×©,0.2165,content
48355,Ġrall,0.1759,content
48359,foo,0.1955,content
48369,ãĥĦ,0.176,content
48390,×ŀ,0.1802,content
48396,ĠCthulhu,0.1847,content
48405,×ĳ,0.2012,content
48415,Ġfs,0.1812,content
48421,Ġssh,0.1624,content
48439,Supplement,0.2108,content
48458,Ġstreng,0.1965,content
48485,Items,0.1752,content
48502,ĠWRITE,0.2143,content
48512,){,0.1845,content
48557,Container,0.1667,content
48578,Ġtremend,0.1813,content
48579,ĠPiercing,0.1952,content
48595,ĠCanaver,0.1765,content
48597,oided,0.19,content
48598,iage,0.1719,content
48615,"Ġ""+",0.1834,content
48627,ĠHorus,0.1784,content
48643,Ġvm,0.1602,content
48650,ĠPwr,0.1836,content
48652,Ġseq,0.1943,content
48656,ĠInstr,0.1635,content
48657,ĠStamina,0.1734,content
48660,-+,0.1868,content
48668,Spell,0.1701,content
48684,Examples,0.1508,content
48703,Bind,0.208,content
48704,Ġneigh,0.1629,content
48705,armor,0.216,content
48724,reddit,0.1611,content
48727,Ġmage,0.1683,content
48737,Ġpredec,0.1815,content
48747,Ġcouncill,0.1782,content
48752,âĦ¢:,0.2157,content
48761,Animation,0.2257,content
48773,Psy,0.2046,content
48781,Ġasync,0.1978,content
48792,swers,0.1879,content
48801,ĠÂ§Â§,0.1835,content
48823,åŃ,0.1707,content
48860,ĠAncients,0.2025,content
48862,Quotes,0.1772,content
48864,Ġsuspic,0.173,content
48883,sama,0.2251,content
48887,Listener,0.1912,content
48923,Ġpsychiat,0.2038,content
48941,ById,0.2123,content
48951,ypes,0.1998,content
48963,ĠArcane,0.1841,content
48982,Ġ${,0.1887,content
48990,ĠDetected,0.2097,content
48991,èĢ,0.1706,content
48995,recated,0.1995,content
48998,çĶŁ,0.1604,content
49000,Ġ}),0.1748,content
49006,ython,0.2054,content
49019,Socket,0.1977,content
49026,çĲ,0.1875,content
49041,Ġphysic,0.1926,content
49058,",âĢĶ",0.1855,content
49067,Ġtcp,0.1928,content
49074,Ġintegers,0.1888,content
49077,Ô,0.1892,content
49088,ebin,0.1731,content
49093,âĹı,0.1703,content
49099,Ġcmd,0.1602,content
49100,FINE,0.2134,content
49117,éĹ,0.1749,content
49118,utf,0.1954,content
49126,åĳ,0.1541,content
49139,uilt,0.1655,content
49158,kefeller,0.1762,content
49167,drm,0.1766,content
49195,ãĤ³,0.1597,content
49206,ĠPastebin,0.165,content
49208,debug,0.2305,content
49212,é£,0.2024,content
49218,regor,0.167,content
49221,mpeg,0.2251,content
49224,iggurat,0.1789,content
49228,SPONSORED,0.1823,content
49236,ãĢį,0.1682,content
49267,blance,0.1866,content
49292,ĠKorra,0.1944,content
49293,"""))",0.1975,content
49300,Ġmages,0.1811,content
49302,Null,0.2005,content
49333,Ġ!=,0.1658,content
49363,¶æ,0.1705,content
49371,Ġ+=,0.1786,content
49384,Ġ}},0.19,content
49385,Attribute,0.1921,content
49386,Ġdx,0.1697,content
49388,Synopsis,0.1666,content
49397,rontal,0.2171,content
49401,âĸº,0.1662,content
49402,ĠPengu,0.1691,content
49408,Reviewed,0.1748,content
49411,lished,0.1901,content
49429,å¤©,0.1909,content
49439,addr,0.2013,content
49452,{{,0.153,content
49481,ĠGrimoire,0.1878,content
49506,ÃĽ,0.1699,content
49541,ĠACPI,0.1683,content
49546,âĶĢâĶĢ,0.1774,content
49549,Http,0.1836,content
49551,Accessory,0.1735,content
49554,galitarian,0.1674,content
49558,Ġprintf,0.1974,content
49568,ãĤµ,0.1852,content
49576,Ġdmg,0.1599,content
49585,ð,0.1601,content
49604,(_,0.1912,content
49614,Ġ:=,0.1688,content
49627,Footnote,0.177,content
49639,)))),0.159,content
49660,Ġsubscript,0.1937,content
49665,ithub,0.1833,content
49670,Ġ]),0.1813,content
49676,¥ŀ,0.1711,content
49683,Ġtuple,0.2062,content
49692,ĠDEBUG,0.1664,content
49706,Callback,0.1705,content
49737,ĠProtoss,0.2078,content
49754,ãĤ»,0.1834,content
49780,xff,0.1726,content
49782,akeru,0.1573,content
49817,""":[{""",0.1964,content
49823,ĨĴ,0.162,content
49834,»Ĵ,0.1654,content
49838,âĶģ,0.2014,content
49864,ojure,0.2111,content
49886,luaj,0.1823,content
49890,Ġ{:,0.1762,content
49917,ĵĺ,0.1799,content
49926,ãĤ¢ãĥ«,0.2024,content
49942,ĠãĤµ,0.1827,content
49972,````,0.1712,content
49973,dylib,0.1561,content
49985,ãĤ¦ãĤ¹,0.1973,content
49988,?ãĢį,0.208,content
49996,ãĥ¯ãĥ³,0.1562,content
50020,""":""""},{""",0.1904,content
50049,âĸĦ,0.2136,content
50060,ãĤ´ãĥ³,0.1792,content
50066,ÃįÃį,0.2494,content
50068,\<,0.1756,content
50071,ĠPsyNet,0.2451,content
50092,cffff,0.1718,content
50153,è¦ļéĨĴ,0.1549,content
50155,Ġ<-,0.1906,content
50177,ActionCode,0.2617,content
50183,cffffcc,0.2614,content
50221,soType,0.2565,content
10,Ġa,,connector
21,Ġwas,,connector
33,Ġhave,,connector
45,Ġnot,,connector
56,Ġhad,,connector
66,Ġout,,connector
81,Ġover,,connector
94,Ġlast,,connector
109,Ġdo,,connector
125,ĠBut,,connector
145,Ġbeing,,connector
162,Ġme,,connector
189,Ġmay,,connector
215,Ġsuch,,connector
259,Ġhere,,connector
318,ĠIf,,connector
382,ĠUS,,connector
420,Ġacross,,connector
473,Ġdoes,,connector
566,Ġamong,,connector
624,Ġwithin,,connector
660,ĠAn,,connector
832,ĠHis,,connector
995,out,,connector
1195,Ġrather,,connector
1341,Ġquite,,connector
1525,ĠOf,,connector
1620,As,,connector
1729,IS,,connector
1843,her,,connector
2096,ĠUnder,,connector
2264,What,,connector
2409,And,,connector
2571,AT,,connector
2709,For,,connector
3084,No,,connector
3347,ĠFinally,,connector
3750,At,,connector
3972,To,,connector
4528,These,,connector
4995,ĠOff,,connector
5525,very,,connector
5945,AND,,connector
6278,ĠThrough,,connector
6570,ME,,connector
6968,you,,connector
7538,ĠAlong,,connector
7989,ĠEver,,connector
8346,Well,,connector
8901,ĠDoes,,connector
9178,how,,connector
9673,UP,,connector
10010,they,,connector
10414,ĠBetween,,connector
10777,Over,,connector
11182,ĠPast,,connector
11990,have,,connector
12471,ĠCAN,,connector
12948,Then,,connector
13387,ĠWHO,,connector
13837,around,,connector
14257,OUR,,connector
14944,Out,,connector
15952,Being,,connector
17245,Under,,connector
17482,ĠOften,,connector
18342,ĠWILL,,connector
19576,ĠExcept,,connector
20343,Ġtheirs,,connector
21674,About,,connector
22491,Never,,connector
24001,did,,connector
25133,ĠOVER,,connector
26223,Though,,connector
27227,onto,,connector
28595,ĠThem,,connector
29892,ĠHER,,connector
30872,Its,,connector
32112,Was,,connector
32794,OFF,,connector
34290,ĠUNDER,,connector
35299,Could,,connector
35669,ĠONLY,,connector
36428,Throughout,,connector
37257,Between,,connector
38359,Inside,,connector
39709,ĠShall,,connector
40930,ĠHIM,,connector
42218,NOW,,connector
43536,ĠiT,,connector
44307,Already,,connector
46089,ĠWITHOUT,,connector
18,'s,0.0373,residual
44,ĠâĢ,0.0325,residual
72,".""",0.0523,residual
92,Ġnew,0.0691,residual
108,',0.034,residual
124,Ġback,0.0425,residual
138,Ġcompany,0.099,residual
154,ing,0.0502,residual
165,Ġteam,0.0509,residual
177,Ġgame,0.091,residual
188,ĠNew,0.038,residual
203,Ġmuch,0.0496,residual
212,th,0.0493,residual
224,Ġsay,0.0488,residual
233,Ġpart,0.0683,residual
241,re,0.0409,residual
251,Ġlong,0.044,residual
263,Ġde,0.0342,residual
273,ĠFriday,0.0558,residual
283,Ġcome,0.0608,residual
293,es,0.0386,residual
301,Ġlife,0.0964,residual
309,Ġaccording,0.0331,residual
317,Ġplace,0.0674,residual
326,Ġt,0.0347,residual
334,Ġschool,0.0765,residual
342,Ġput,0.0655,residual
352,ly,0.0475,residual
361,Ġ9,0.0388,residual
371,Ġthird,0.0449,residual
381,ĠE,0.0398,residual
390,Ġwomen,0.0739,residual
401,6,0.0348,residual
411,Ġsix,0.0377,residual
423,Ġlater,0.0429,residual
435,Ġcommunity,0.0883,residual
444,Ġfar,0.0497,residual
452,Ġtoday,0.0568,residual
464,Ġchange,0.0822,residual
472,Ġplayers,0.0615,residual
482,".,",0.0364,residual
490,Ġopen,0.0835,residual
499,Ġfuture,0.0532,residual
507,Ġfinal,0.063,residual
515,Ġevent,0.1156,residual
525,ĠZ,0.0275,residual
534,G,0.0646,residual
543,Ġhard,0.0649,residual
553,Ġasked,0.0668,residual
563,Ġplan,0.0745,residual
573,Ġsecurity,0.1257,residual
581,'ll,0.0322,residual
592,Ġsocial,0.1278,residual
603,ĠInc,0.0373,residual
611,ch,0.0474,residual
621,Ġperson,0.0628,residual
632,Ġnational,0.076,residual
642,p,0.0563,residual
651,Ġseries,0.0315,residual
663,ĠWashington,0.056,residual
671,Ġreturn,0.0549,residual
679,Ġbelieve,0.0583,residual
688,Ġweeks,0.0415,residual
697,Ġlive,0.0715,residual
706,Ġ24,0.0396,residual
715,Ġcent,0.0558,residual
723,Ġhigher,0.0852,residual
731,Ġrate,0.0459,residual
739,Ġlarge,0.0525,residual
748,Ġv,0.03,residual
758,Ġinternational,0.1073,residual
766,Ġname,0.0536,residual
774,Ġrole,0.0396,residual
783,um,0.0537,residual
791,U,0.052,residual
799,Ġeight,0.0852,residual
808,id,0.0551,residual
816,Ġplaying,0.0982,residual
826,ĠGroup,0.0227,residual
836,Ġbring,0.062,residual
844,20,0.0534,residual
852,ĠStreet,0.0524,residual
860,Ġtry,0.0517,residual
871,ĠDavid,0.0343,residual
880,Ġbegan,0.0452,residual
888,Ġactually,0.0318,residual
897,Ġla,0.0434,residual
906,ier,0.0484,residual
914,Ġmatch,0.0557,residual
923,Ġvalue,0.0853,residual
932,Ġanything,0.067,residual
941,Ġespecially,0.0716,residual
949,Ġsenior,0.1081,residual
957,ĠJames,0.0343,residual
966,Ġworth,0.0665,residual
975,Y,0.0437,residual
984,ĠÂ£,0.0959,residual
992,Ġz,0.0552,residual
1001,ro,0.0356,residual
1009,Ġ*,0.0298,residual
1018,ĠMarket,0.0539,residual
1027,Ġpublished,0.0354,residual
1035,Ġsummer,0.0531,residual
1044,Ġmanager,0.0991,residual
1052,Ġmanagement,0.1056,residual
1062,Ġround,0.0563,residual
1071,ke,0.0479,residual
1079,Ġrest,0.0444,residual
1087,Ġbill,0.0683,residual
1095,Ġstay,0.0533,residual
1104,Ġwhite,0.0583,residual
1113,ana,0.0585,residual
1123,Ġgas,0.0765,residual
1133,ĠJan,0.0252,residual
1141,Ġwife,0.0648,residual
1149,Ġstep,0.0648,residual
1157,Ġallow,0.0666,residual
1165,Ġincluded,0.0477,residual
1173,ish,0.0418,residual
1181,Ġlonger,0.0387,residual
1191,Ġ60,0.0544,residual
1200,Ġcases,0.0773,residual
1208,day,0.0569,residual
1218,Ġagency,0.0866,residual
1226,Ġnation,0.0638,residual
1236,Ġj,0.0348,residual
1244,25,0.0499,residual
1252,Ġbusinesses,0.119,residual
1260,ĠCompany,0.0552,residual
1270,Ġtitle,0.0551,residual
1278,Ġposted,0.0441,residual
1286,Ġprovided,0.0402,residual
1294,Ġstudent,0.0678,residual
1302,Ġseems,0.0495,residual
1311,Ġgiving,0.0403,residual
1319,Ġways,0.0657,residual
1329,led,0.0605,residual
1338,Ġreach,0.0473,residual
1347,ĠâĢ¢,0.0488,residual
1355,Ġcontract,0.0841,residual
1363,Ġsexual,0.0825,residual
1371,ler,0.0573,residual
1379,Ġconcerns,0.0588,residual
1387,ĠOffice,0.0562,residual
1396,ner,0.0629,residual
1407,Ġfollow,0.053,residual
1417,ov,0.0411,residual
1427,Ġcharge,0.0747,residual
1436,ĠJohnson,0.0551,residual
1444,ĠBritain,0.0744,residual
1452,ib,0.0452,residual
1461,Ġoriginal,0.0817,residual
1470,ĠFrance,0.0765,residual
1478,son,0.0879,residual
1487,Ġrevealed,0.0453,residual
1496,ise,0.0589,residual
1504,Ġtravel,0.1055,residual
1512,ari,0.0721,residual
1521,Ġdesign,0.097,residual
1532,Ġlearn,0.0462,residual
1542,Ġbase,0.0427,residual
1550,Ġfinished,0.0414,residual
1558,13,0.0507,residual
1566,Ġarticle,0.0626,residual
1576,Ġhearing,0.0528,residual
1585,ĠBill,0.0358,residual
1595,Ġpassed,0.048,residual
1603,ĠIran,0.059,residual
1613,Ġgone,0.0558,residual
1622,Ġsimply,0.0359,residual
1630,od,0.0448,residual
1638,ok,0.0501,residual
1646,19,0.0478,residual
1655,ĠGeorge,0.0541,residual
1663,Ġconstruction,0.0941,residual
1672,less,0.0415,residual
1680,Ġvictims,0.0497,residual
1689,ĠAdvertisement,0.1405,residual
1698,ĠPro,0.0159,residual
1707,Ġsearch,0.0754,residual
1718,Ġ35,0.0448,residual
1726,Ġcaused,0.0537,residual
1736,Ġindividual,0.0767,residual
1745,ĠKing,0.0536,residual
1754,ĠAir,0.0467,residual
1762,Ġlack,0.0397,residual
1770,Ġjoined,0.0333,residual
1778,Ġdigital,0.0851,residual
1787,Ġsupply,0.1256,residual
1797,Ġmeasures,0.0963,residual
1806,ĠPeople,0.0547,residual
1814,Ġ90,0.0423,residual
1822,Ġcommunities,0.0716,residual
1830,Ġmobile,0.0615,residual
1839,Ġoffering,0.0949,residual
1849,ĠGlobal,0.0292,residual
1857,Ġallegations,0.1152,residual
1865,Ġreporters,0.0856,residual
1873,ill,0.0831,residual
1881,Ġcondition,0.0678,residual
1890,ĠUn,0.0256,residual
1899,ge,0.0478,residual
1907,Ġtype,0.0598,residual
1916,ma,0.0589,residual
1925,Ġblood,0.0998,residual
1934,ĠHill,0.0502,residual
1944,ĠOther,0.0599,residual
1952,ists,0.0562,residual
1960,ĠSam,0.0305,residual
1968,Ġstake,0.0637,residual
1976,Ġproviding,0.0718,residual
1984,Ġcandidate,0.0597,residual
1993,ĠMost,0.035,residual
2001,af,0.0433,residual
2009,ĠClub,0.0373,residual
2017,Ġprogress,0.0976,residual
2025,Ġaren,0.0589,residual
2033,Ġapproved,0.0856,residual
2041,ĠYear,0.0484,residual
2049,ĠAug,0.0602,residual
2057,Ġputting,0.0606,residual
2065,Ġtraditional,0.0631,residual
2074,Ġlaws,0.0887,residual
2082,Ġappear,0.0395,residual
2090,ĠBusiness,0.0989,residual
2099,Ġsex,0.0843,residual
2107,Ġ32,0.0409,residual
2117,ĠOpen,0.0577,residual
2125,Ġpiece,0.0668,residual
2135,ĠMs,0.0457,residual
2144,ĠRs,0.069,residual
2152,Ġsuffered,0.0895,residual
2160,oy,0.0747,residual
2169,ĠEnergy,0.0777,residual
2177,ĠToronto,0.0484,residual
2185,Ġmyself,0.0367,residual
2194,Ġstatus,0.0459,residual
2204,Ġwall,0.0537,residual
2212,Ġconcern,0.0712,residual
2220,Ġhaven,0.0606,residual
2229,Ġpurchase,0.1222,residual
2237,Ġarrest,0.0718,residual
2245,Ġhealthy,0.1129,residual
2255,Ġruling,0.056,residual
2263,Ġbroke,0.066,residual
2272,Ġgreen,0.0446,residual
2281,Ġtraded,0.0982,residual
2289,Ġminute,0.0404,residual
2298,ĠWall,0.0906,residual
2308,Ġbroadcast,0.1285,residual
2317,Ġholiday,0.0878,residual
2325,Ġplaced,0.0394,residual
2334,Ġresponded,0.0633,residual
2343,Ġshown,0.0353,residual
2351,Ġcreating,0.0667,residual
2360,Ġconsumers,0.1022,residual
2369,Ġsound,0.0566,residual
2377,Ġdrivers,0.0465,residual
2386,Ġallows,0.0779,residual
2396,Ġkeeping,0.0762,residual
2404,ĠBrexit,0.1175,residual
2413,ob,0.0405,residual
2422,Ġsuper,0.0425,residual
2431,ĠRichard,0.0168,residual
2440,Ġblue,0.0733,residual
2449,Ġwarned,0.0748,residual
2457,hen,0.0464,residual
2465,Ġdefensive,0.047,residual
2473,Ġeyes,0.0698,residual
2481,26,0.0728,residual
2490,Ġfear,0.0632,residual
2498,Ġwearing,0.0464,residual
2507,els,0.0726,residual
2516,Ġseasons,0.0878,residual
2525,Ġquarterback,0.1088,residual
2534,ĠInstitute,0.0645,residual
2543,ft,0.0919,residual
2552,ene,0.07,residual
2561,ĠMiami,0.0465,residual
2569,Ġcold,0.0553,residual
2578,ĠClick,0.0545,residual
2586,rd,0.0654,residual
2594,Ġhappens,0.0744,residual
2602,Ġproud,0.0798,residual
2610,ĠGold,0.0424,residual
2622,Ġproduced,0.038,residual
2631,Ġ34,0.0541,residual
2640,Ġresponsibility,0.0617,residual
2650,ful,0.0326,residual
2658,Ġsurvey,0.0718,residual
2668,ĠTim,0.0302,residual
2676,Ġtransaction,0.1197,residual
2685,TS,0.0855,residual
2693,Ġwins,0.0507,residual
2701,Ġactor,0.1138,residual
2710,Ġplenty,0.0544,residual
2718,Ġpath,0.0812,residual
2726,ars,0.0805,residual
2734,Ġfashion,0.1333,residual
2742,ĠÅ,0.0578,residual
2751,ĠRock,0.0388,residual
2759,Ġmargin,0.0591,residual
2768,Ã¼,0.0503,residual
2776,ĠStart,0.052,residual
2784,ĠPM,0.0649,residual
2792,Ġshop,0.0602,residual
2800,Ġsupported,0.0744,residual
2809,ĠSpain,0.0768,residual
2817,ĠOfficer,0.0884,residual
2825,ĠRep,0.0174,residual
2833,Ġunits,0.0554,residual
2841,Ġem,0.046,residual
2850,Ġsc,0.041,residual
2858,Ġtweeted,0.1058,residual
2867,Ġentered,0.0697,residual
2875,ĠJordan,0.0682,residual
2884,ĠPar,0.0264,residual
2892,Ġwarning,0.0679,residual
2901,"!""",0.056,residual
2910,ĠBrazil,0.0578,residual
2918,Ġunion,0.0749,residual
2927,Ġcap,0.0427,residual
2935,Ġupdate,0.0762,residual
2943,Ġmale,0.0527,residual
2951,uf,0.0782,residual
2959,Ġtalent,0.1379,residual
2967,Ġdiscovered,0.0712,residual
2976,Ġcrude,0.0621,residual
2984,Ġexperienced,0.0787,residual
2992,Ġchanging,0.0726,residual
3000,Ġlimit,0.0611,residual
3008,Ġperform,0.0753,residual
3017,Ġeast,0.0651,residual
3025,Ġartist,0.1425,residual
3033,Ġlived,0.0646,residual
3041,Ġflow,0.0404,residual
3053,ĠAlabama,0.0717,residual
3062,Ġairport,0.0802,residual
3071,ĠJose,0.0533,residual
3079,34,0.0603,residual
3089,Ġbl,0.0154,residual
3097,Ġprofessor,0.0932,residual
3106,Ġholds,0.0565,residual
3114,Ġreform,0.1109,residual
3122,Ġanimals,0.0823,residual
3130,ĠFree,0.0411,residual
3138,house,0.0495,residual
3147,Ġlisted,0.0313,residual
3155,Ġenable,0.0981,residual
3163,ĠCharles,0.0301,residual
3172,Ġclosing,0.0381,residual
3182,ĠCol,0.0223,residual
3191,Ġ39,0.0536,residual
3199,ĠRose,0.046,residual
3208,ĠAndroid,0.0851,residual
3216,ĠYes,0.0436,residual
3225,Ġinitially,0.037,residual
3233,Ġgovernments,0.1231,residual
3241,Ġfestival,0.1393,residual
3250,Ġsinger,0.1256,residual
3258,isation,0.1173,residual
3267,Ġbed,0.0635,residual
3275,ps,0.0675,residual
3283,ĠRelated,0.0954,residual
3291,Ġbrings,0.0582,residual
3300,Ġfill,0.0588,residual
3308,Ġtickets,0.1029,residual
3316,Ġadvance,0.0893,residual
3324,ĠZealand,0.1067,residual
3334,Ġobviously,0.0652,residual
3343,ock,0.0687,residual
3352,Ġexpects,0.0777,residual
3360,Ġvision,0.0774,residual
3368,related,0.1259,residual
3376,CC,0.0916,residual
3384,OL,0.0764,residual
3392,Ġthank,0.0601,residual
3401,ĠPlease,0.0603,residual
3410,ĠKen,0.0418,residual
3419,Ġcrew,0.0492,residual
3427,port,0.1194,residual
3435,ically,0.0661,residual
3443,ages,0.0723,residual
3451,Ġplants,0.0856,residual
3460,ĠREAD,0.0961,residual
3468,Ġfranchise,0.0874,residual
3476,Ġnewsletter,0.0965,residual
3484,ĠSecurities,0.0841,residual
3493,Ġpictures,0.0936,residual
3502,ĠFestival,0.096,residual
3511,Ġcompete,0.0868,residual
3519,Ġfreedom,0.0893,residual
3527,Ġminimum,0.0353,residual
3536,ĠAcademy,0.067,residual
3544,Ġpossibly,0.0558,residual
3552,Ġscheme,0.0645,residual
3560,ĠCredit,0.083,residual
3568,Ġwear,0.0749,residual
3578,ira,0.0806,residual
3586,EC,0.0758,residual
3595,Ġbrands,0.0867,residual
3603,SA,0.071,residual
3611,Ġproperties,0.0643,residual
3619,ĠExpress,0.0577,residual
3627,Ġship,0.062,residual
3635,ĠMin,0.0389,residual
3643,ĠDi,0.019,residual
3651,Ġstronger,0.0496,residual
3660,Ġdirected,0.0362,residual
3668,Ġabsolutely,0.0529,residual
3676,ĠEm,0.0579,residual
3684,All,0.0665,residual
3693,ative,0.081,residual
3701,Ġarms,0.0544,residual
3710,ĠCBS,0.0562,residual
3719,ĠTennessee,0.0504,residual
3727,ĠBack,0.0331,residual
3735,Ġcausing,0.0699,residual
3743,free,0.0657,residual
3752,Ġunlikely,0.054,residual
3761,46,0.0558,residual
3769,ĠPat,0.0215,residual
3781,Ġdeficit,0.0886,residual
3789,2017,0.1045,residual
3798,Ġapps,0.0816,residual
3807,pp,0.0602,residual
3816,Ġdef,0.0362,residual
3824,Ġguidance,0.1005,residual
3832,Ġretirement,0.0848,residual
3840,Ġpara,0.0733,residual
3849,Ã,0.0412,residual
3857,Ġacquisition,0.0802,residual
3865,con,0.0626,residual
3874,Ġwake,0.0539,residual
3883,Ġrevenues,0.1477,residual
3892,yn,0.0653,residual
3900,ova,0.0865,residual
3909,ĠNetflix,0.1452,residual
3918,Ġvisiting,0.072,residual
3927,Ġimproving,0.0872,residual
3935,ET,0.0588,residual
3944,Ġtool,0.0852,residual
3953,Ġweak,0.0672,residual
3961,rit,0.0744,residual
3969,Ġlawyers,0.1339,residual
3978,Ġinformed,0.0639,residual
3986,Ġsuspected,0.0719,residual
3994,ark,0.0878,residual
4003,Ġbi,0.075,residual
4011,ĠMen,0.0194,residual
4019,ĠCatholic,0.06,residual
4027,64,0.073,residual
4035,ĠAfghanistan,0.0931,residual
4045,Ġsweet,0.0612,residual
4053,Ġduty,0.0671,residual
4062,ĠST,0.0433,residual
4070,right,0.0814,residual
4078,ĠShares,0.1186,residual
4086,ence,0.0693,residual
4095,Ġparent,0.0489,residual
4103,Ġport,0.0756,residual
4112,Ġje,0.065,residual
4120,Ġcategory,0.0527,residual
4128,hip,0.0836,residual
4139,Ġfindings,0.0644,residual
4147,gh,0.0606,residual
4157,Ġhate,0.0714,residual
4165,ĠLabour,0.1127,residual
4173,Ġranked,0.0639,residual
4182,sp,0.0561,residual
4190,Ġfix,0.0708,residual
4199,Ġawareness,0.1032,residual
4207,Ġclubs,0.1097,residual
4216,ades,0.0769,residual
4224,ĠAustin,0.064,residual
4232,bury,0.0904,residual
4242,ena,0.0858,residual
4251,Ġwinners,0.0765,residual
4259,Ġdoors,0.0715,residual
4268,Ġ53,0.0322,residual
4276,Ġzero,0.0564,residual
4284,Ġterritory,0.0964,residual
4292,Ġconsistent,0.0196,residual
4301,weight,0.0959,residual
4309,Ġforget,0.0682,residual
4317,ĠBal,0.0238,residual
4326,ĠMain,0.0461,residual
4334,Ġsilver,0.0842,residual
4342,Ġver,0.0405,residual
4350,ĠCook,0.0419,residual
4359,Ġphase,0.0575,residual
4369,ĠMet,0.0317,residual
4378,Ġentirely,0.0852,residual
4386,ĠPittsburgh,0.0644,residual
4395,Ġshouldn,0.0591,residual
4403,Ġmaker,0.0547,residual
4411,Ġversus,0.0477,residual
4420,Ġyes,0.0432,residual
4429,52,0.0466,residual
4437,Ġbeer,0.1322,residual
4446,Ġencouraged,0.0619,residual
4454,PR,0.0608,residual
4462,ged,0.0592,residual
4470,Ġgrant,0.0772,residual
4478,Ġvulnerable,0.0468,residual
4486,Ġfake,0.0814,residual
4494,itz,0.0909,residual
4502,Ġroles,0.0573,residual
4510,Ġindustries,0.1464,residual
4519,ĠUber,0.065,residual
4529,Ġexplains,0.075,residual
4537,ĠGal,0.0337,residual
4545,ĠDefense,0.0654,residual
4553,Ġexp,0.0638,residual
4561,Ġrepresenting,0.0602,residual
4572,ĠGraham,0.0633,residual
4581,OW,0.0695,residual
4589,ĠCommissioner,0.0966,residual
4598,ĠPartners,0.0715,residual
4607,Ġkid,0.0641,residual
4615,Ġstream,0.0386,residual
4623,oor,0.1013,residual
4631,Ġcovering,0.0405,residual
4639,Ġlifted,0.0818,residual
4647,Ġkitchen,0.0759,residual
4655,Ġperforming,0.1238,residual
4664,Ġrecommendations,0.0748,residual
4674,Ġjudges,0.0772,residual
4684,class,0.0954,residual
4693,ĠNHL,0.1315,residual
4702,ĠAffairs,0.1421,residual
4710,Ġmaster,0.0652,residual
4718,77,0.0591,residual
4726,¾,0.0843,residual
4735,ably,0.0709,residual
4743,ĠMountain,0.0614,residual
4751,Ġpm,0.103,residual
4759,har,0.0877,residual
4767,Ġtip,0.0198,residual
4776,Ġtested,0.0594,residual
4785,Ġelements,0.0653,residual
4794,PC,0.0706,residual
4802,ĠAaron,0.0609,residual
4811,Ġfoundation,0.093,residual
4822,iff,0.071,residual
4830,Ġinvestigate,0.102,residual
4838,ĠOs,0.0439,residual
4846,ĠWay,0.0264,residual
4856,ĠSol,0.0226,residual
4864,Ġages,0.0734,residual
4872,Ġmonitoring,0.0589,residual
4880,Ġcoaching,0.1435,residual
4888,Ġterrorist,0.0646,residual
4897,state,0.1094,residual
4905,Ġfacts,0.1101,residual
4913,ĠReading,0.0801,residual
4921,Ġengagement,0.131,residual
4929,board,0.0682,residual
4937,ĠPoint,0.031,residual
4946,Ġcup,0.1005,residual
4955,Äį,0.1004,residual
4963,Ġcrore,0.1376,residual
4971,Ġlimits,0.0564,residual
4979,ĠRE,0.0358,residual
4987,uz,0.0664,residual
4997,Ġreferred,0.0433,residual
5007,Ġwage,0.1331,residual
5015,Ġworker,0.0744,residual
5025,Ġstrongly,0.0363,residual
5033,ational,0.0939,residual
5041,ĠSquare,0.0442,residual
5049,Ġapplied,0.0844,residual
5057,Ġventure,0.0949,residual
5065,hes,0.0669,residual
5074,Ġsad,0.0551,residual
5082,ĠHo,0.0215,residual
5092,ĠSwiss,0.0662,residual
5101,iner,0.0776,residual
5110,ites,0.0499,residual
5118,Ġministers,0.1065,residual
5127,Ġninth,0.082,residual
5135,Ġreference,0.0458,residual
5143,ĠRight,0.0193,residual
5151,Ġpersons,0.0593,residual
5160,ero,0.0825,residual
5169,Ġ59,0.0648,residual
5177,Ġmicro,0.0484,residual
5185,Ġaffairs,0.1469,residual
5194,Ġcannabis,0.1083,residual
5203,Ġresulting,0.0265,residual
5211,Ġrated,0.0625,residual
5219,anda,0.0734,residual
5227,ĠWoods,0.1054,residual
5236,ait,0.0828,residual
5244,ĠArgentina,0.098,residual
5253,Ġhorse,0.0861,residual
5261,Ġdefending,0.0857,residual
5269,Ãł,0.1101,residual
5277,ĠShah,0.0635,residual
5285,ante,0.1092,residual
5293,ĠMake,0.0419,residual
5301,Ġretailers,0.1149,residual
5309,ĠCr,0.0265,residual
5318,Ġgraduate,0.0965,residual
5326,ider,0.0952,residual
5334,86,0.0528,residual
5342,Ġfairly,0.0483,residual
5350,Ġcur,0.0588,residual
5358,Ġabroad,0.0994,residual
5366,ĠMil,0.0169,residual
5374,ĠSpace,0.0596,residual
5382,ENT,0.1144,residual
5390,Ġediting,0.0965,residual
5398,icht,0.1197,residual
5406,maker,0.0911,residual
5415,ĠCollins,0.066,residual
5423,ĠData,0.0812,residual
5431,Ġalerts,0.0964,residual
5439,Ġalert,0.0544,residual
5448,Ġmethod,0.0686,residual
5456,Ġmap,0.0603,residual
5464,Ġfighters,0.1107,residual
5473,Ġge,0.0582,residual
5481,low,0.0814,residual
5490,ĠVietnam,0.0607,residual
5500,Ġfantastic,0.0439,residual
5509,Ġrounds,0.061,residual
5517,ĠMassachusetts,0.0852,residual
5526,aid,0.0881,residual
5535,media,0.1369,residual
5543,¡,0.0611,residual
5551,Ġtargeting,0.066,residual
5559,ches,0.0663,residual
5567,Ġear,0.0524,residual
5576,kel,0.0871,residual
5584,Ġvenue,0.1105,residual
5594,Ġ600,0.0387,residual
5603,ĠContinue,0.1093,residual
5611,Ġtrailer,0.0599,residual
5619,Ġgrounds,0.0609,residual
5628,ĠCameron,0.0472,residual
5639,ĠPhilippines,0.0907,residual
5647,Ġpartly,0.0739,residual
5656,Ġcontrols,0.053,residual
5666,Ġquarters,0.0859,residual
5674,Ġtopic,0.0762,residual
5683,PM,0.1021,residual
5691,rich,0.1067,residual
5699,Ġopens,0.0796,residual
5709,Ġcontrast,0.0608,residual
5717,Ġchoices,0.0687,residual
5726,ĠOrange,0.0878,residual
5735,Ġ800,0.0622,residual
5744,Ġcongressional,0.1385,residual
5752,ĠKingdom,0.0668,residual
5760,bank,0.1296,residual
5769,ĠLisa,0.058,residual
5780,Ġprint,0.0797,residual
5788,Ġperiods,0.0845,residual
5796,Ġtraveling,0.0643,residual
5805,ĠBrandon,0.0718,residual
5813,Ġdiplomatic,0.1355,residual
5821,ĠPuerto,0.0741,residual
5829,ĠComey,0.149,residual
5837,ĠOttawa,0.1096,residual
5845,Ġdiversity,0.0806,residual
5853,Ġinc,0.0576,residual
5861,Ġconstantly,0.0514,residual
5869,ĠThomson,0.0842,residual
5877,view,0.1022,residual
5885,ĠDE,0.0337,residual
5893,ĠDuke,0.042,residual
5901,car,0.0734,residual
5909,Ġliterally,0.062,residual
5917,Ġdin,0.088,residual
5926,ĠPortland,0.0609,residual
5934,Ġboosted,0.0965,residual
5943,Ġdelayed,0.0424,residual
5953,ĠPenn,0.0457,residual
5961,pper,0.1216,residual
5969,IG,0.0755,residual
5979,ĠDutch,0.037,residual
5988,Ġanymore,0.0655,residual
5997,ĠStr,0.0377,residual
6005,ido,0.0909,residual
6013,Ġtank,0.056,residual
6023,Ġafraid,0.0771,residual
6032,ĠThread,0.112,residual
6041,Ġutility,0.1126,residual
6049,Ġcleared,0.0658,residual
6057,Ġwitnesses,0.0856,residual
6065,Ġfirefighters,0.1415,residual
6073,ional,0.1103,residual
6081,ĠGarden,0.0409,residual
6090,ĠHan,0.0149,residual
6098,ĠWayne,0.0534,residual
6106,da,0.0814,residual
6116,Ġspeculation,0.1206,residual
6125,ius,0.1014,residual
6133,ĠEmb,0.0667,residual
6142,ĠAnyone,0.1038,residual
6151,uri,0.0975,residual
6159,Ġunderway,0.1069,residual
6167,Ġsurprising,0.0614,residual
6175,TY,0.1032,residual
6185,Ġoutdoor,0.1435,residual
6193,Ġ1999,0.0558,residual
6201,Ġpicking,0.0654,residual
6210,Ġguarantee,0.0967,residual
6219,Ġbrown,0.0359,residual
6227,ĠMorris,0.0465,residual
6236,ĠFA,0.0387,residual
6244,Ġprotecting,0.0731,residual
6252,ĠVisit,0.0831,residual
6261,ĠJets,0.0859,residual
6269,Ġfunny,0.0946,residual
6277,Ġcollapse,0.0849,residual
6286,Ġmit,0.048,residual
6295,Ġrobust,0.0306,residual
6304,ĠReg,0.0263,residual
6312,ĠSudan,0.1091,residual
6321,Ġcivilians,0.1206,residual
6329,Ġnormally,0.0407,residual
6337,Ġheadlines,0.1344,residual
6345,Ġpaint,0.0904,residual
6353,Ġcream,0.0959,residual
6363,Ġcategories,0.0678,residual
6371,ĠSab,0.0529,residual
6379,Ġrapid,0.0543,residual
6387,Ġrolled,0.0514,residual
6397,Ġprovision,0.0795,residual
6405,94,0.0707,residual
6413,ĠSwitzerland,0.0927,residual
6422,Ġinquiry,0.0968,residual
6430,Ġtribute,0.0755,residual
6439,uit,0.0533,residual
6448,Ġmethods,0.0689,residual
6456,Ġfeedback,0.0481,residual
6465,ĠJong,0.1139,residual
6473,Ġmodest,0.0359,residual
6481,ĠOrganization,0.0853,residual
6489,Ġcharging,0.0545,residual
6498,awa,0.0713,residual
6506,roy,0.1105,residual
6515,Ġpacked,0.0605,residual
6524,ĠSummer,0.034,residual
6533,Ġdefined,0.0304,residual
6541,ĠJamie,0.0631,residual
6552,ĠBern,0.048,residual
6561,Ġconcise,0.1226,residual
6571,ĠAsset,0.1016,residual
6579,ĠHal,0.0275,residual
6589,Ġintention,0.0675,residual
6597,UL,0.1107,residual
6605,Ġhip,0.0772,residual
6614,Ġdropping,0.0714,residual
6622,jet,0.0995,residual
6630,Ġuniversities,0.1335,residual
6639,Ġoutlets,0.1272,residual
6647,Ġovercome,0.0769,residual
6655,Ġlogo,0.0663,residual
6663,Ġstance,0.0962,residual
6671,Ġhonour,0.0757,residual
6680,Ġtheory,0.0926,residual
6688,Ġfinals,0.1114,residual
6696,Ġdrinks,0.1303,residual
6705,Ġ99,0.0609,residual
6713,Ġhang,0.0867,residual
6721,bing,0.082,residual
6729,Ġwages,0.1149,residual
6737,Ġwriters,0.0754,residual
6745,Ġbarrels,0.1024,residual
6753,ĠBab,0.0549,residual
6763,Ġpeers,0.0881,residual
6771,Ġreflects,0.0891,residual
6780,Ġmaintaining,0.0661,residual
6789,Ġenterprise,0.1308,residual
6798,ĠDubai,0.1044,residual
6806,oms,0.1039,residual
6814,Ġdefault,0.0523,residual
6822,Ġpresents,0.0895,residual
6832,ĠCarl,0.0529,residual
6841,iri,0.1022,residual
6850,SI,0.0998,residual
6858,ĠFinal,0.0464,residual
6866,Ġconviction,0.086,residual
6875,Ġholidays,0.085,residual
6883,ĠPrint,0.0998,residual
6891,ĠLes,0.0471,residual
6899,ĠECB,0.1118,residual
6907,Ġpink,0.0532,residual
6915,Ġdeputies,0.1256,residual
6923,Ġwanting,0.0504,residual
6933,ĠCB,0.0617,residual
6941,Ġtears,0.0754,residual
6950,Ġmoon,0.04,residual
6958,Ġheight,0.041,residual
6966,Ġswim,0.1151,residual
6976,Ġburden,0.0636,residual
6984,Ġofferings,0.1129,residual
6992,Ġanyway,0.0341,residual
7000,Ġdated,0.0873,residual
7009,Ġcrack,0.0399,residual
7017,Ġultimate,0.0738,residual
7026,inder,0.0976,residual
7035,Ġverdict,0.0646,residual
7043,erman,0.0903,residual
7051,fire,0.0775,residual
7060,agan,0.0987,residual
7069,Ġproceedings,0.0977,residual
7077,ĠBangladesh,0.0938,residual
7086,ĠPage,0.033,residual
7094,Ġpreparation,0.1163,residual
7102,Ġarrests,0.1202,residual
7110,rest,0.0729,residual
7118,Ġassess,0.0931,residual
7127,Ġcalendar,0.0818,residual
7135,ĠTher,0.0811,residual
7143,Ġhalftime,0.1409,residual
7151,ĠBrett,0.0678,residual
7159,Ġracist,0.0712,residual
7168,Ġoptimistic,0.0928,residual
7177,ĠBlake,0.067,residual
7185,Ġslipped,0.0887,residual
7193,Ġstakeholders,0.1209,residual
7202,BR,0.0658,residual
7210,gl,0.0535,residual
7219,ĠElectric,0.0807,residual
7229,ĠChange,0.0573,residual
7237,Ġupside,0.0598,residual
7245,Ġmile,0.0804,residual
7253,ĠBased,0.0953,residual
7263,Ġterrorists,0.1113,residual
7271,ĠSummit,0.0793,residual
7279,ĠAtt,0.062,residual
7287,ĠHarrison,0.0746,residual
7296,ĠVill,0.069,residual
7306,Ġrecession,0.1183,residual
7314,Ġbacks,0.069,residual
7322,ĠLopez,0.0849,residual
7331,HP,0.1207,residual
7340,Ġbadly,0.0688,residual
7348,ĠWant,0.0756,residual
7357,gate,0.0737,residual
7366,Ġtear,0.0405,residual
7375,ior,0.0907,residual
7383,Ġ82,0.0969,residual
7393,ĠEdward,0.0472,residual
7401,Ġscope,0.0648,residual
7409,Ġtwitter,0.1097,residual
7419,ĠDream,0.0391,residual
7429,ĠArkansas,0.0575,residual
7437,ĠUC,0.0454,residual
7445,lee,0.0806,residual
7453,ĠAnnual,0.0797,residual
7461,ĠGro,0.0429,residual
7470,ĠThird,0.0422,residual
7479,"],",0.0745,residual
7487,°,0.0854,residual
7495,Ġrid,0.068,residual
7503,ĠIslam,0.1008,residual
7511,Ġload,0.0511,residual
7519,ĠCurrently,0.1159,residual
7527,aps,0.1005,residual
7536,IES,0.1314,residual
7545,ĠUnit,0.0525,residual
7553,ĠAndre,0.0397,residual
7562,Ġborders,0.103,residual
7571,Ġ1960,0.0952,residual
7580,Ġengaging,0.1381,residual
7588,Ġvowed,0.135,residual
7596,ĠLind,0.0415,residual
7610,Ġtrick,0.0761,residual
7618,ced,0.0813,residual
7627,ĠUse,0.0449,residual
7636,Ġcorn,0.1013,residual
7644,Ġboxes,0.047,residual
7653,ĠConsumer,0.1146,residual
7661,Ġdeemed,0.0657,residual
7669,agh,0.1168,residual
7677,Ġeliminate,0.1053,residual
7685,Ġburned,0.0642,residual
7693,ĠAngela,0.0654,residual
7703,Ġtenure,0.1251,residual
7712,Ġfinale,0.1009,residual
7722,Ġshed,0.055,residual
7730,ĠOliver,0.0537,residual
7738,ĠNathan,0.0479,residual
7746,ĠAh,0.0346,residual
7754,Ġhearts,0.0706,residual
7763,Ġoldest,0.1411,residual
7772,ĠHeat,0.0553,residual
7780,ĠIraqi,0.0909,residual
7789,Ġarriving,0.08,residual
7799,ĠHughes,0.106,residual
7808,Ġdelighted,0.1049,residual
7816,ĠHernandez,0.1121,residual
7825,Ġrebound,0.0959,residual
7833,Ġabsolute,0.0719,residual
7841,cell,0.112,residual
7850,Ġinnocent,0.0465,residual
7860,ĠCost,0.0918,residual
7868,ĠTownship,0.1075,residual
7876,ige,0.0888,residual
7884,Ġsing,0.0478,residual
7892,Ġwildlife,0.136,residual
7901,Ġanonymity,0.1261,residual
7910,Ġinfection,0.1101,residual
7918,ĠSnow,0.036,residual
7927,ĠPoll,0.0678,residual
7935,ĠÃ©,0.0602,residual
7944,Ġbonus,0.0636,residual
7953,Ġ88,0.0895,residual
7961,Ġgrid,0.0471,residual
7969,Ġ1995,0.0788,residual
7977,Ġrevolution,0.0969,residual
7986,Ġcarpet,0.0688,residual
7995,ĠMemphis,0.0723,residual
8003,ĠHu,0.0362,residual
8012,ĠHope,0.0295,residual
8020,Ġwondering,0.0924,residual
8031,ĠKnights,0.0888,residual
8039,Ġinmates,0.1164,residual
8048,ĠElementary,0.0867,residual
8056,scale,0.1404,residual
8064,HL,0.1181,residual
8072,ĠBrooks,0.0747,residual
8080,Ġbathroom,0.0887,residual
8088,Ġintersection,0.1089,residual
8096,Ġcomply,0.1186,residual
8105,RS,0.0879,residual
8113,Ġsur,0.0373,residual
8122,Ġbroker,0.1397,residual
8133,ĠMother,0.0362,residual
8141,ashing,0.1084,residual
8150,Ġmatching,0.0428,residual
8159,Ġbuses,0.1212,residual
8167,IGHT,0.1398,residual
8176,Ġ87,0.0843,residual
8184,ĠPick,0.0595,residual
8193,ĠCommonwealth,0.0726,residual
8201,Ġremoving,0.0607,residual
8209,asi,0.0834,residual
8218,Ġvalid,0.0509,residual
8229,ĠAuto,0.0595,residual
8238,ĠDrew,0.0627,residual
8246,ipped,0.1131,residual
8254,Ġseparated,0.0499,residual
8262,Ġrescued,0.0947,residual
8270,ĠRidge,0.0751,residual
8279,aling,0.1074,residual
8287,stop,0.0799,residual
8296,Ġstepping,0.0782,residual
8306,Ġreminder,0.077,residual
8315,Ġmerely,0.0509,residual
8324,ĠBat,0.0344,residual
8332,PG,0.1146,residual
8343,Ġaveraging,0.0972,residual
8352,ĠAmendment,0.1161,residual
8361,home,0.1224,residual
8369,Ġapproaches,0.0523,residual
8381,ĠChair,0.0695,residual
8389,ĠLouisville,0.0801,residual
8398,ĠLebanon,0.0859,residual
8406,ĠCow,0.0394,residual
8414,Ġstrict,0.0667,residual
8422,Ġtoxic,0.0769,residual
8430,Ġmatchup,0.1219,residual
8438,ĠNA,0.0376,residual
8447,Ġsch,0.0644,residual
8455,ĠCuba,0.1001,residual
8464,Ġslowing,0.0933,residual
8473,Ġswept,0.0949,residual
8483,Ġexhibit,0.0641,residual
8491,Ġaudit,0.1409,residual
8502,ln,0.113,residual
8510,ĠEqu,0.0348,residual
8518,ĠBitcoin,0.0935,residual
8526,ĠRef,0.0383,residual
8534,Ġslot,0.0357,residual
8542,ĠDaniels,0.0879,residual
8550,ĠSant,0.0403,residual
8559,Ġshake,0.0551,residual
8567,Ġlesson,0.0786,residual
8576,Ġspectrum,0.0811,residual
8589,Ġflagship,0.0869,residual
8597,Ġemotions,0.1341,residual
8605,Ġwishes,0.0684,residual
8614,ridge,0.111,residual
8623,Ġconsulting,0.0857,residual
8631,asc,0.0804,residual
8642,Ġoverwhelming,0.0596,residual
8653,Ġpunishment,0.1356,residual
8663,eren,0.083,residual
8672,Ġauthorized,0.0779,residual
8682,ĠSierra,0.0533,residual
8692,ĠWR,0.036,residual
8700,ĠColombia,0.1085,residual
8709,Ġdev,0.0534,residual
8718,ĠColin,0.0859,residual
8727,RO,0.082,residual
8735,Ġslated,0.105,residual
8743,ĠDj,0.064,residual
8752,ĠPackers,0.124,residual
8762,Ġrumors,0.1308,residual
8771,ands,0.0969,residual
8779,Ġnegotiating,0.1082,residual
8787,Ġlengthy,0.0742,residual
8795,Ġtrauma,0.1184,residual
8803,Ġlocals,0.0767,residual
8812,Ġjournal,0.093,residual
8821,sex,0.1392,residual
8830,ĠEmmanuel,0.0693,residual
8839,ault,0.1041,residual
8849,hat,0.0912,residual
8857,ĠInst,0.0286,residual
8866,Ġentities,0.0745,residual
8876,mond,0.1116,residual
8886,ĠQB,0.0847,residual
8896,Ġescaped,0.0644,residual
8907,iki,0.1218,residual
8915,Ġvisa,0.07,residual
8924,Ġfoster,0.1227,residual
8932,Ġarray,0.0655,residual
8940,Ġ94,0.0612,residual
8948,ĠChancellor,0.1097,residual
8956,cker,0.1145,residual
8965,ĠSalman,0.1177,residual
8974,mit,0.0752,residual
8982,olog,0.1075,residual
8992,Ġexclusively,0.0702,residual
9001,Ġmystery,0.0825,residual
9011,ĠJeffrey,0.0772,residual
9022,ĠPetroleum,0.1299,residual
9031,Ġsem,0.0396,residual
9040,Ġunchanged,0.0943,residual
9048,Ġvessels,0.1053,residual
9056,raw,0.0877,residual
9064,Re,0.0463,residual
9074,Ġcas,0.048,residual
9085,ĵ,0.0963,residual
9093,ĠWindsor,0.0863,residual
9101,ĠRivers,0.0855,residual
9109,ĠMi,0.0323,residual
9119,col,0.0787,residual
9128,Ġcurb,0.0784,residual
9136,ĠSure,0.0696,residual
9144,rock,0.0894,residual
9153,ĠKerry,0.1052,residual
9162,UE,0.1122,residual
9170,ĠUAE,0.1206,residual
9180,Ġreminded,0.0934,residual
9188,ĠTem,0.0232,residual
9196,Ġbrokerage,0.1427,residual
9204,ĠComm,0.0408,residual
9214,Ġfrozen,0.0477,residual
9223,Ġinstructions,0.0765,residual
9232,def,0.0932,residual
9240,Ġcor,0.0452,residual
9249,ĠAbdul,0.0949,residual
9258,Ġpuck,0.1248,residual
9266,ĠHarper,0.0852,residual
9274,ĠEaster,0.054,residual
9282,Ġdifficulties,0.0901,residual
9290,Ġinclusion,0.0713,residual
9298,ANG,0.1321,residual
9308,Ġwounds,0.1169,residual
9317,ĠRonald,0.0653,residual
9326,Ġcircuit,0.0867,residual
9334,Ġcoup,0.0882,residual
9343,quez,0.1308,residual
9351,ĠCop,0.0321,residual
9359,ĠLog,0.0585,residual
9367,Ġmall,0.0764,residual
9375,Ġopposing,0.0489,residual
9383,Ġpres,0.0442,residual
9392,ĠSilva,0.1079,residual
9401,ense,0.082,residual
9412,ously,0.096,residual
9420,Ġcautious,0.0833,residual
9429,ĠRichardson,0.0987,residual
9438,Ġpole,0.0697,residual
9448,ĠMcGregor,0.1084,residual
9456,Ġshoppers,0.1258,residual
9465,Ġ01,0.0511,residual
9475,aren,0.1023,residual
9483,Ġdefendants,0.1146,residual
9491,Ġcanceled,0.09,residual
9499,Ġachieving,0.1032,residual
9508,ĠKer,0.0416,residual
9518,Car,0.0548,residual
9527,ĠList,0.0321,residual
9535,Ġradar,0.066,residual
9544,Ġtwin,0.0877,residual
9552,ĠBow,0.0429,residual
9561,ĠSoon,0.0889,residual
9570,Ġcelebrations,0.1392,residual
9580,Ġmarine,0.0828,residual
9588,ĠCongressional,0.1309,residual
9596,ocked,0.1269,residual
9604,oner,0.1003,residual
9612,ĠFast,0.0494,residual
9621,Ġprayer,0.0905,residual
9629,Ġsettings,0.0852,residual
9637,Ġcombine,0.0761,residual
9646,Ġhiding,0.0834,residual
9654,ĠJul,0.0589,residual
9662,EP,0.1005,residual
9671,roll,0.0709,residual
9680,Ġ140,0.0553,residual
9689,Ġenc,0.0411,residual
9697,ivo,0.1016,residual
9705,ĠWang,0.0887,residual
9713,rt,0.0938,residual
9724,Ġaf,0.0505,residual
9734,Ġbeliefs,0.1174,residual
9742,Ġconvenience,0.1462,residual
9751,Ġpresidents,0.1356,residual
9761,Ġprecious,0.091,residual
9769,Ġinspire,0.1188,residual
9777,ĠHomeland,0.0994,residual
9785,Ġcertified,0.0616,residual
9793,ĠCrystal,0.0489,residual
9801,Ġpartial,0.0457,residual
9809,Ġconnecting,0.0539,residual
9819,Ġappreciation,0.1007,residual
9827,Ġcharter,0.1033,residual
9835,ĠConn,0.0729,residual
9844,Ġsustain,0.0703,residual
9853,ĠBaldwin,0.0963,residual
9861,Ġincumbent,0.0779,residual
9869,Ġlovely,0.0654,residual
9879,Ġfavorable,0.074,residual
9887,Ġspecialty,0.0952,residual
9895,Ġtroubled,0.0802,residual
9903,aver,0.076,residual
9911,Ġnewspapers,0.1158,residual
9921,Ġorganizers,0.091,residual
9929,ĠAndrea,0.0707,residual
9938,ĠDas,0.0806,residual
9948,ĠKil,0.0696,residual
9956,ody,0.1081,residual
9965,van,0.0864,residual
9973,ĠUniversal,0.0793,residual
9982,ĠJa,0.0498,residual
9991,leton,0.1481,residual
9999,eland,0.1434,residual
10011,Ġrespondents,0.1011,residual
10019,ĠIbrahim,0.0961,residual
10027,Ġsooner,0.0793,residual
10035,ĠVis,0.0279,residual
10043,Ġlandmark,0.0987,residual
10051,ĠDylan,0.1059,residual
10060,ĠDenmark,0.1099,residual
10068,-$,0.1421,residual
10078,ĠChampion,0.0932,residual
10086,Ġclearing,0.0635,residual
10097,walk,0.0956,residual
10106,Ġpayout,0.118,residual
10115,Ġundermine,0.1432,residual
10123,ĠWinnipeg,0.1167,residual
10132,Ġmemorable,0.1024,residual
10140,leading,0.135,residual
10148,ĠJulian,0.0457,residual
10156,Ġboundaries,0.082,residual
10165,Ġclashes,0.14,residual
10174,osing,0.1131,residual
10182,Ġtours,0.0955,residual
10192,Ġseal,0.0471,residual
10201,Ġlifting,0.0762,residual
10209,Ġir,0.0489,residual
10217,ĠCorn,0.0617,residual
10227,ANK,0.1395,residual
10235,ĠShane,0.0695,residual
10247,eed,0.1204,residual
10256,Ġsubsidies,0.1368,residual
10267,Ġjack,0.0853,residual
10276,ĠTelevision,0.1393,residual
10287,ĠJoin,0.1088,residual
10296,IAN,0.1324,residual
10306,Ġbu,0.0568,residual
10315,ĠRegister,0.0885,residual
10324,Ġrecipe,0.0933,residual
10334,Ġcorrupt,0.1022,residual
10344,rough,0.1244,residual
10352,ĠGlass,0.0584,residual
10360,Ġcomic,0.1468,residual
10370,COM,0.0831,residual
10378,ĠWalter,0.0592,residual
10387,Ġnerve,0.0948,residual
10396,ĠNintendo,0.0944,residual
10405,Ġinteraction,0.1055,residual
10416,pool,0.1187,residual
10426,ĠYears,0.1345,residual
10436,heim,0.1077,residual
10445,Ġenterprises,0.1138,residual
10453,Ġprovinces,0.1053,residual
10461,rew,0.0837,residual
10470,¤,0.0793,residual
10480,ĠDirect,0.025,residual
10490,Ġlayer,0.0409,residual
10499,Ġsurplus,0.0891,residual
10507,Ġstatewide,0.0915,residual
10515,Ġaffiliate,0.0995,residual
10523,Ġfirmly,0.091,residual
10531,Ġsacks,0.1067,residual
10539,ĠValentine,0.0632,residual
10548,ĠOz,0.0538,residual
10559,",''",0.1331,residual
10568,Ġcontrolling,0.0581,residual
10577,ĠStep,0.0529,residual
10585,ĠNJ,0.0687,residual
10595,alf,0.1095,residual
10603,Ġintensity,0.0844,residual
10612,AV,0.0853,residual
10622,Ġjets,0.1088,residual
10631,ĠMom,0.0458,residual
10642,Ġgrandfather,0.1237,residual
10651,ĠScroll,0.1488,residual
10660,Ġfacebook,0.1113,residual
10668,Ġfe,0.0452,residual
10677,Ġanytime,0.0813,residual
10685,ĠVolkswagen,0.1245,residual
10694,ĠStephanie,0.0933,residual
10702,Ġpepper,0.0794,residual
10712,ĠCM,0.0637,residual
10720,Ġkicking,0.0814,residual
10728,Ġhonestly,0.0583,residual
10736,olds,0.1445,residual
10745,Ġpray,0.105,residual
10753,Ġaccordance,0.1127,residual
10761,Ġprizes,0.1125,residual
10770,lem,0.1013,residual
10779,Ġmissions,0.0754,residual
10789,Ġdrunk,0.0612,residual
10797,ĠTenn,0.0641,residual
10807,Ġcountless,0.0785,residual
10816,offs,0.1054,residual
10824,ĠHoliday,0.0785,residual
10834,Ġbombs,0.1016,residual
10843,Ġaired,0.1075,residual
10853,ĠTogether,0.1047,residual
10863,Ġrains,0.1149,residual
10872,ĠNPR,0.1121,residual
10880,ĠVoice,0.0806,residual
10888,ĠLy,0.0357,residual
10898,lar,0.0927,residual
10907,Ġclimbing,0.0914,residual
10915,ĠZe,0.0393,residual
10923,Ġspill,0.0647,residual
10933,Ġdetect,0.0881,residual
10943,Ġfeeding,0.0515,residual
10954,Ġheroes,0.079,residual
10962,ĠSL,0.034,residual
10970,Ġbite,0.0657,residual
10980,Mr,0.0601,residual
10989,ĠResort,0.1163,residual
10998,cons,0.0743,residual
11007,Ġrenew,0.0938,residual
11016,ĠAirbus,0.143,residual
11025,Ġyoga,0.1328,residual
11033,Ġtrails,0.0813,residual
11041,ako,0.1141,residual
11051,Ġbro,0.0564,residual
11059,Ġremainder,0.0685,residual
11067,ĠAdvisory,0.0915,residual
11075,Ġphotography,0.1358,residual
11084,ĠJah,0.1022,residual
11093,ĠMans,0.0475,residual
11102,ĠMaking,0.0798,residual
11113,Ġflip,0.0494,residual
11121,Ġglasses,0.0898,residual
11129,Ġaff,0.0484,residual
11138,Ġcrowded,0.0739,residual
11149,ĠCamera,0.1055,residual
11158,Ġpodium,0.102,residual
11167,ĠMcL,0.0827,residual
11175,atch,0.0993,residual
11185,ĠDet,0.0192,residual
11193,ĠFul,0.0692,residual
11203,Ġmessaging,0.1083,residual
11212,Ġpad,0.0457,residual
11220,Ġadvisor,0.1101,residual
11228,erry,0.1332,residual
11236,Ġconstructed,0.0883,residual
11244,agn,0.1311,residual
11252,Ġtravelled,0.1458,residual
11261,minded,0.117,residual
11269,Ġkn,0.0576,residual
11277,Ġchasing,0.1015,residual
11285,ĠMorrison,0.0888,residual
11293,Ġfatally,0.125,residual
11301,listed,0.1426,residual
11309,ĠGardner,0.0825,residual
11318,ĠTah,0.082,residual
11326,nc,0.1257,residual
11336,Ġdeliveries,0.119,residual
11344,Ġhackers,0.1487,residual
11353,ĠHalf,0.0456,residual
11361,Ġlimiting,0.0739,residual
11369,Ġlim,0.0511,residual
11377,grand,0.1269,residual
11385,Ġhorrible,0.0636,residual
11394,Ġregarded,0.0913,residual
11402,Ġham,0.0453,residual
11410,Ġentries,0.0787,residual
11418,uls,0.1067,residual
11430,Ġforthcoming,0.0758,residual
11438,host,0.1315,residual
11446,ĠPv,0.0989,residual
11456,kov,0.1398,residual
11466,Ġmajors,0.1072,residual
11474,pos,0.0868,residual
11482,ĠOmar,0.0914,residual
11491,Ġgro,0.0549,residual
11500,Ġupgrades,0.1205,residual
11509,Ġexpressing,0.0956,residual
11519,ĠForbes,0.1066,residual
11527,lie,0.1097,residual
11536,ĠCongo,0.1096,residual
11546,ĠGard,0.0595,residual
11554,Ġautomated,0.1202,residual
11562,ĠNg,0.0883,residual
11570,Ġprov,0.0543,residual
11578,Ġrider,0.0831,residual
11587,Ġintern,0.0678,residual
11596,ĠKir,0.0609,residual
11607,Ġaccommodation,0.1295,residual
11615,FT,0.0822,residual
11623,ĠMuk,0.0727,residual
11631,ĠEsp,0.0663,residual
11640,Ġabsent,0.0491,residual
11648,ĠAgu,0.1125,residual
11658,Ġsatisfaction,0.1209,residual
11667,aces,0.1239,residual
11676,Ġbizarre,0.0877,residual
11684,Ġturnout,0.0999,residual
11692,Ġflee,0.1069,residual
11700,ĠBlock,0.0542,residual
11708,Ġsheer,0.0861,residual
11717,Ġassignment,0.0708,residual
11726,ict,0.1148,residual
11736,eder,0.1166,residual
11744,Ġtopping,0.0893,residual
11752,Ġsticking,0.0808,residual
11763,ĠOperating,0.129,residual
11772,Ġconcentration,0.0523,residual
11783,Ġdisturbing,0.0692,residual
11791,ails,0.1153,residual
11799,ĠSussex,0.0984,residual
11808,Ġsetup,0.0538,residual
11818,Ġtends,0.0963,residual
11826,ĠMC,0.0693,residual
11834,ĠPur,0.0396,residual
11843,Ġgu,0.0414,residual
11852,Ġassessed,0.1079,residual
11862,ĠGonz,0.0903,residual
11870,Ġeventual,0.0641,residual
11879,Ġbridges,0.1017,residual
11889,ĠDell,0.0921,residual
11898,Ġward,0.07,residual
11906,Ġsuburb,0.1238,residual
11915,Ġvisibility,0.0963,residual
11923,Ġreluctant,0.0929,residual
11931,ĠCord,0.0745,residual
11939,oda,0.0997,residual
11948,Ġlimitations,0.1013,residual
11956,Ġrelaxed,0.0613,residual
11964,itude,0.1304,residual
11972,Ġoverdose,0.132,residual
11981,Ġteamed,0.118,residual
11991,Ġlanguages,0.1239,residual
12000,Ġdenying,0.1155,residual
12008,Ġunanimously,0.111,residual
12016,ĠMaple,0.0918,residual
12025,Ġthankful,0.1338,residual
12033,Ġmounting,0.0812,residual
12041,ĠRat,0.053,residual
12051,ĠDavies,0.1225,residual
12061,aved,0.109,residual
12071,Ġdowns,0.0767,residual
12081,vere,0.1307,residual
12090,ĠPedro,0.0898,residual
12098,ĠYad,0.1257,residual
12108,ĠCond,0.045,residual
12116,Life,0.0931,residual
12125,Ġdonor,0.1108,residual
12136,Ġobservers,0.1098,residual
12145,iden,0.0991,residual
12153,ĠAhmad,0.0984,residual
12162,Ġoutright,0.0545,residual
12172,Ġbubble,0.0452,residual
12183,ĠLevel,0.0275,residual
12192,ĠGive,0.0425,residual
12201,Ġcharts,0.0987,residual
12209,ĠGL,0.0358,residual
12217,Ġfootprint,0.0953,residual
12225,Ġturmoil,0.1457,residual
12234,Ġdose,0.1199,residual
12242,ĠShen,0.0671,residual
12250,Hold,0.1052,residual
12259,Ġinv,0.0421,residual
12269,Ġdealer,0.1051,residual
12277,ĠCay,0.0885,residual
12286,Ġunlawful,0.1068,residual
12294,Ġambitions,0.1422,residual
12303,Ġmacro,0.0669,residual
12312,Ġ115,0.0532,residual
12320,Ġwisdom,0.1169,residual
12329,Ġconstituency,0.1487,residual
12337,Ġcorresponding,0.0215,residual
12346,ĠFace,0.048,residual
12355,ĠMik,0.0668,residual
12363,ounds,0.1409,residual
12372,ĠPatricia,0.095,residual
12381,ĠMaur,0.1163,residual
12390,Ġcontributor,0.096,residual
12400,ĠTelegraph,0.1047,residual
12408,ĠMAN,0.0728,residual
12416,ĠCommunist,0.1088,residual
12424,ĠHeath,0.0771,residual
12432,Ġalign,0.0838,residual
12440,ĠCount,0.0502,residual
12449,ĠWy,0.0497,residual
12457,ĠStop,0.0438,residual
12466,ĠMb,0.0824,residual
12479,Ġcle,0.0456,residual
12489,Ġdecor,0.0946,residual
12498,Ġsuperintendent,0.1497,residual
12507,Ġdeliberately,0.0747,residual
12516,neutral,0.1468,residual
12526,ĠIncluding,0.1442,residual
12536,Ġprosperity,0.1286,residual
12547,Ġensemble,0.0905,residual
12555,ĠIcon,0.1058,residual
12563,Ġmate,0.0735,residual
12571,ĠGP,0.0376,residual
12580,America,0.1463,residual
12589,olic,0.117,residual
12598,ĠChand,0.0775,residual
12607,tle,0.1107,residual
12616,Ġcompares,0.1233,residual
12625,ĠBeauty,0.0948,residual
12635,ĠGat,0.0927,residual
12643,ĠRamos,0.0982,residual
12651,.:,0.0916,residual
12661,Ġadverse,0.0923,residual
12669,Ġvintage,0.1282,residual
12677,oved,0.0962,residual
12685,uous,0.109,residual
12694,GP,0.1019,residual
12703,Ġdecisive,0.0848,residual
12712,Ġseparately,0.0519,residual
12720,Ġcharacteristics,0.1064,residual
12730,Ġ112,0.0881,residual
12738,ĠAsk,0.0819,residual
12748,Ġforming,0.0506,residual
12758,Ġmetrics,0.1354,residual
12766,Ġcompet,0.0643,residual
12774,Ġgraphics,0.1078,residual
12782,tes,0.1244,residual
12791,ĠCompetition,0.1028,residual
12802,Ġjun,0.081,residual
12811,ĠMonica,0.0846,residual
12820,ede,0.1016,residual
12830,ĠMis,0.0446,residual
12839,ishi,0.1394,residual
12848,ĠExxon,0.1287,residual
12856,Ġhalted,0.1033,residual
12867,Ġsore,0.105,residual
12878,ĠDiaz,0.0971,residual
12889,Ġconcessions,0.103,residual
12898,Ġmidway,0.1157,residual
12906,Ġment,0.0571,residual
12914,ĠRiverside,0.0812,residual
12924,Ġcooler,0.0793,residual
12934,azi,0.1219,residual
12942,Ġowed,0.1019,residual
12952,Ġmerchandise,0.117,residual
12962,Ġtracked,0.1262,residual
12971,Ġallocated,0.0844,residual
12979,nic,0.1422,residual
12987,Ġvi,0.0872,residual
12997,fr,0.0856,residual
13006,ĠPul,0.0636,residual
13014,inate,0.1137,residual
13024,Ġtying,0.0999,residual
13032,Ġmerit,0.0885,residual
13041,ĠListen,0.12,residual
13051,Ġcord,0.0527,residual
13059,Ġrivalry,0.1491,residual
13068,Ġhaul,0.0828,residual
13076,Ġstats,0.1027,residual
13084,Ġisolation,0.0767,residual
13093,edd,0.1205,residual
13101,iman,0.1074,residual
13111,ĠThor,0.0567,residual
13119,Ġmurders,0.1325,residual
13129,ĠPersonal,0.0514,residual
13137,Ġtwins,0.0917,residual
13146,Ġchill,0.0572,residual
13157,urb,0.1079,residual
13165,Ġlistened,0.1199,residual
13174,Ġpriest,0.0806,residual
13182,Ġbuck,0.0441,residual
13192,Ġintervene,0.1392,residual
13203,Ġoverwhelmed,0.098,residual
13211,ĠBreak,0.0698,residual
13219,ĠFlor,0.0506,residual
13227,Ġsucceeded,0.103,residual
13237,tery,0.1347,residual
13246,ASH,0.1116,residual
13256,ĠSupp,0.0727,residual
13264,ĠBarrett,0.0921,residual
13274,ĠHours,0.1382,residual
13284,Ġlocks,0.0646,residual
13292,ĠOm,0.0575,residual
13302,ĠOnt,0.0799,residual
13311,ĠAurora,0.0771,residual
13320,ĠNate,0.0749,residual
13328,Ġenters,0.0884,residual
13338,Ġvisitor,0.0743,residual
13348,Ġstrengths,0.1258,residual
13357,ĠEmbassy,0.1195,residual
13365,De,0.0482,residual
13374,acker,0.1378,residual
13384,Ġoutdoors,0.106,residual
13393,ĠOle,0.0792,residual
13401,ĠGujarat,0.1382,residual
13409,ĠLives,0.107,residual
13417,ĠSid,0.0683,residual
13425,ĠArmenia,0.1394,residual
13436,Vs,0.1429,residual
13445,âĦ¢,0.0929,residual
13457,ND,0.104,residual
13465,ĠRichards,0.1007,residual
13477,oret,0.0918,residual
13486,ĠMariners,0.1471,residual
13495,Ġtooth,0.0806,residual
13503,Ġlaughed,0.1213,residual
13512,Ġpri,0.0495,residual
13520,ĠDol,0.0861,residual
13530,ĠBRE,0.1135,residual
13538,ĠSind,0.0928,residual
13547,Ġhammer,0.0552,residual
13556,OST,0.1362,residual
13564,Mc,0.0723,residual
13574,Ġsuburbs,0.148,residual
13582,Ġemotionally,0.0993,residual
13591,Ġhop,0.05,residual
13603,Ġserial,0.0626,residual
13612,ĠSupply,0.1079,residual
13620,ĠHigher,0.0712,residual
13629,Ġbloody,0.0435,residual
13639,bec,0.1128,residual
13647,ĠRoberto,0.1144,residual
13655,Ġaccessing,0.1209,residual
13663,ĠFil,0.043,residual
13674,Ġ107,0.0749,residual
13682,Ġknocking,0.1012,residual
13692,Ġyoungsters,0.1492,residual
13700,rial,0.1376,residual
13708,ĠVic,0.059,residual
13718,pri,0.092,residual
13726,160,0.0916,residual
13734,ĠTrip,0.0655,residual
13743,Ġsignatures,0.081,residual
13752,Ġoversee,0.1403,residual
13763,Ġslid,0.1085,residual
13772,ĠRum,0.0967,residual
13782,Ġliquor,0.1297,residual
13793,ĠSafe,0.078,residual
13803,Ġprocurement,0.1454,residual
13813,Ġstrengthened,0.1293,residual
13821,ĠChef,0.1065,residual
13830,ĠKur,0.0861,residual
13840,ĠSqu,0.0441,residual
13851,ually,0.0926,residual
13859,ĭ,0.1068,residual
13870,ĠJohnston,0.0942,residual
13878,oir,0.1405,residual
13887,olan,0.1381,residual
13896,ĠConway,0.1079,residual
13905,Ġdemonstrates,0.1105,residual
13914,ĠPF,0.0773,residual
13923,Ġspecialists,0.122,residual
13933,Ġwarmer,0.0971,residual
13941,amin,0.0896,residual
13949,April,0.0935,residual
13958,Ġconfirming,0.1087,residual
13966,ĠCardinal,0.0857,residual
13975,step,0.1161,residual
13985,ĠZen,0.0557,residual
13995,ĠExpand,0.1495,residual
14004,obe,0.1094,residual
14014,Ġmentality,0.143,residual
14022,Ġgratitude,0.126,residual
14033,ĠHardy,0.092,residual
14042,ĠBurton,0.1026,residual
14050,Ġdesktop,0.0952,residual
14059,ĠKab,0.0744,residual
14068,ĠNoble,0.1099,residual
14077,ĠMT,0.0451,residual
14085,Ġidentical,0.0516,residual
14094,Ġreunion,0.1125,residual
14103,ourt,0.1402,residual
14111,ĠUnd,0.0687,residual
14119,aran,0.1098,residual
14128,Ġcolorful,0.0898,residual
14137,Ġappreci,0.0508,residual
14145,Ġdiscretion,0.1083,residual
14153,Ġcheating,0.0966,residual
14161,ĠFaith,0.0928,residual
14169,Ġshelves,0.1116,residual
14177,Ġstandout,0.0994,residual
14185,ĠFranco,0.0808,residual
14193,Ġwoods,0.1296,residual
14201,ĠBrief,0.109,residual
14209,nee,0.139,residual
14219,ĠComplex,0.0889,residual
14228,ĠMits,0.1167,residual
14237,Ġren,0.0715,residual
14246,Ġclarify,0.1373,residual
14254,ĠSalvador,0.1286,residual
14263,icate,0.1145,residual
14271,bow,0.0969,residual
14280,PAR,0.1211,residual
14290,ĠRosa,0.0853,residual
14299,Ġconsiderably,0.095,residual
14309,ĠLucy,0.0777,residual
14318,Ġoversees,0.1232,residual
14329,ĠChemical,0.141,residual
14338,ĠAuthor,0.0627,residual
14349,Ġoccupation,0.0918,residual
14358,ĠHerman,0.0789,residual
14366,Ġprem,0.0758,residual
14374,Ġparish,0.1156,residual
14383,Ġfel,0.0591,residual
14397,Ġdough,0.0871,residual
14407,Ġcigarettes,0.1234,residual
14417,Ġalternate,0.0605,residual
14428,Ġ1978,0.1349,residual
14436,Ġconsolidated,0.0776,residual
14444,eda,0.14,residual
14452,SON,0.1193,residual
14460,Ġseas,0.0923,residual
14471,Ġrevival,0.074,residual
14480,Ġchore,0.073,residual
14489,Ġlightning,0.064,residual
14498,ĠArri,0.1291,residual
14506,Ġkits,0.0889,residual
14515,180,0.0907,residual
14523,ĠNatalie,0.0966,residual
14533,ĠFinn,0.0942,residual
14541,Maybe,0.0721,residual
14553,Ġdemonstrators,0.1337,residual
14561,Ġpaths,0.0715,residual
14569,Ġgeneric,0.0732,residual
14580,Ġverbal,0.0755,residual
14589,Ġbriefed,0.1414,residual
14598,Ġhilarious,0.1162,residual
14606,ĠAnkara,0.1391,residual
14616,times,0.1417,residual
14625,ĠCelebrity,0.1478,residual
14634,Ġpromotional,0.1188,residual
14644,ĠAgg,0.0689,residual
14652,Ġproblematic,0.0872,residual
14663,Ġinduct,0.0904,residual
14675,vision,0.1323,residual
14685,Ġsurprises,0.1025,residual
14695,ĠPeoples,0.1202,residual
14704,ĠSEE,0.1438,residual
14713,zman,0.1458,residual
14722,Ġ04,0.0949,residual
14730,lier,0.1202,residual
14739,Ġendangered,0.0902,residual
14751,Ġcouncils,0.1157,residual
14761,Ġhype,0.07,residual
14769,ĠRooney,0.1271,residual
14777,ĠEss,0.0603,residual
14785,mand,0.1241,residual
14793,ĠVW,0.1085,residual
14801,ugu,0.1418,residual
14813,ĠEnc,0.0663,residual
14821,ĠPreviously,0.1474,residual
14833,ĠRenault,0.1188,residual
14841,ĠRochester,0.1011,residual
14850,ĠEM,0.064,residual
14860,Ġoverly,0.0516,residual
14870,ĠAu,0.0954,residual
14879,ĠIg,0.0617,residual
14889,Ġcentered,0.0958,residual
14899,Ġupbeat,0.1404,residual
14908,sold,0.121,residual
14916,ĠChavez,0.1319,residual
14925,Ġverification,0.1039,residual
14934,Ġtoe,0.0743,residual
14945,ĠHorse,0.0786,residual
14954,Ġacclaimed,0.1019,residual
14964,Ġate,0.0818,residual
14976,Ġembark,0.1154,residual
14984,ĠCommander,0.065,residual
14992,Ġskeptical,0.1247,residual
15001,Ġaz,0.0764,residual
15009,Ġnum,0.0905,residual
15019,Ġthread,0.0683,residual
15028,Ġasleep,0.116,residual
15036,ieth,0.1295,residual
15045,Ġsights,0.108,residual
15055,ĠHalifax,0.1038,residual
15065,ĠBeer,0.1011,residual
15074,ĠDunn,0.0968,residual
15086,las,0.1278,residual
15096,Ġtweeting,0.1384,residual
15107,Ġwreck,0.0717,residual
15117,Cal,0.0432,residual
15125,ĠStanding,0.0943,residual
15133,ĠWonder,0.0981,residual
15144,asha,0.1273,residual
15152,ĠPleasant,0.1128,residual
15161,ĠUttar,0.1393,residual
15170,ĠDustin,0.0982,residual
15178,Ġlever,0.0639,residual
15186,Ġprobable,0.05,residual
15194,Ġresilient,0.0837,residual
15203,Ġvest,0.0719,residual
15211,ĠCorner,0.0844,residual
15219,ĠArticles,0.0983,residual
15228,Cor,0.0564,residual
15237,Ġmalicious,0.0792,residual
15245,ĠRyder,0.0949,residual
15253,iated,0.1436,residual
15263,Ġshelf,0.0595,residual
15272,Ġnaval,0.1243,residual
15282,ĠSally,0.0896,residual
15293,Ġdesigning,0.1288,residual
15301,Ġfixtures,0.0965,residual
15309,ĠCultural,0.1086,residual
15319,ĠDeer,0.1048,residual
15329,cross,0.0944,residual
15340,ĠTracy,0.086,residual
15349,Ġaisle,0.1262,residual
15357,Ġdest,0.0559,residual
15367,ĠrÃ©,0.0843,residual
15376,ĠLeg,0.0416,residual
15384,ĠUniverse,0.1051,residual
15392,Ġpunish,0.1161,residual
15400,ĠNS,0.0456,residual
15409,igs,0.1356,residual
15417,Sw,0.0617,residual
15426,Af,0.1023,residual
15435,Ġfixing,0.097,residual
15443,Ġcopied,0.1129,residual
15454,ĠNeal,0.1076,residual
15462,Ġdischarge,0.0549,residual
15470,Ġsilly,0.0745,residual
15478,ĠBiden,0.1011,residual
15487,Ġowning,0.125,residual
15497,center,0.1358,residual
15505,Ġplanting,0.118,residual
15516,ĠSex,0.0821,residual
15524,Ġ1974,0.1378,residual
15533,Ġpunched,0.1219,residual
15543,caster,0.147,residual
15552,ĠRunning,0.1003,residual
15561,ths,0.1197,residual
15571,bra,0.1,residual
15583,Ġsensation,0.0933,residual
15591,ĠPrison,0.0922,residual
15602,Ġinstalling,0.1471,residual
15611,Ġ(-,0.0707,residual
15620,essa,0.1379,residual
15630,ĠJae,0.1072,residual
15638,Red,0.0444,residual
15649,Ġsandwich,0.0812,residual
15657,Ġlevy,0.1137,residual
15666,Ġfederation,0.1279,residual
15677,imer,0.1121,residual
15686,Ġtongue,0.0759,residual
15694,Ġquad,0.0547,residual
15702,Ġvacuum,0.0591,residual
15710,ĠAustrian,0.0985,residual
15718,Ġstrained,0.1138,residual
15726,Ġproudly,0.1215,residual
15736,Ġposters,0.0823,residual
15744,Ġcongestion,0.1113,residual
15753,ĠSPD,0.0951,residual
15762,Ġkidnapped,0.1441,residual
15770,ĠRES,0.0736,residual
15781,ĠRelease,0.0994,residual
15791,Cap,0.0942,residual
15802,Ġundertake,0.1478,residual
15812,Ġmortality,0.1231,residual
15820,Ġweighs,0.1314,residual
15828,Ġfaithful,0.049,residual
15837,ĠSz,0.0824,residual
15848,Ġvegan,0.1123,residual
15856,ĠIslanders,0.1172,residual
15866,Ġhiking,0.1404,residual
15878,ĠIndies,0.1271,residual
15886,bird,0.1094,residual
15894,broken,0.1221,residual
15903,ĠBaylor,0.1172,residual
15911,oped,0.1437,residual
15920,ĠMonster,0.0605,residual
15930,ĠNZ,0.0741,residual
15938,ĠFortune,0.1108,residual
15946,ahi,0.1373,residual
15957,Ġenerg,0.1012,residual
15966,Ġ116,0.0815,residual
15977,ĠMalta,0.1226,residual
15987,Ġcaravan,0.119,residual
15995,Ġcomfortably,0.1077,residual
16005,ĠANY,0.0929,residual
16016,Ġflies,0.0744,residual
16027,ĠChandler,0.0788,residual
16036,ĠAccount,0.0897,residual
16044,Ġrewarding,0.1043,residual
16053,ĠJohns,0.0746,residual
16061,Ġsuffers,0.1103,residual
16070,ĠSchwartz,0.1184,residual
16079,mid,0.12,residual
16087,ĠZhang,0.1218,residual
16097,Ġrevolutionary,0.1313,residual
16105,Ġembracing,0.1178,residual
16114,Ġinstit,0.1022,residual
16122,ĠFly,0.0627,residual
16132,Ġalumni,0.1382,residual
16141,Ġdistinctive,0.0887,residual
16153,Ġcapturing,0.1027,residual
16162,Ġupgrading,0.135,residual
16173,Ġsnake,0.0728,residual
16183,ĠStream,0.0824,residual
16192,Ġdistinction,0.09,residual
16200,Ġtowers,0.1217,residual
16210,ĠMultiple,0.0796,residual
16218,170,0.1099,residual
16228,Ġthriving,0.1123,residual
16238,Ġdeparted,0.0939,residual
16251,ĠHew,0.1027,residual
16261,MM,0.0813,residual
16269,ĠSample,0.1325,residual
16277,Ġloads,0.048,residual
16288,Ġpresentations,0.0975,residual
16296,Ġranges,0.097,residual
16309,Ġtsunami,0.1173,residual
16317,zed,0.1183,residual
16326,Ġpools,0.1053,residual
16335,Ġgrounded,0.0898,residual
16347,arge,0.1333,residual
16358,Ġboundary,0.0647,residual
16367,eri,0.1236,residual
16377,Ġmarsh,0.0652,residual
16386,Ġrichest,0.1211,residual
16394,Ġconsultancy,0.1383,residual
16403,Ġpersist,0.1062,residual
16413,Ġsecular,0.0896,residual
16424,kill,0.102,residual
16432,iera,0.1405,residual
16442,Ġadvising,0.109,residual
16454,unes,0.1175,residual
16463,ĠBle,0.0937,residual
16471,Ġberth,0.1175,residual
16480,Ġenduring,0.0723,residual
16491,Ġ119,0.0951,residual
16500,ĠPablo,0.0936,residual
16508,Ġimaging,0.1137,residual
16520,ĠWeekend,0.0907,residual
16529,Ġchaotic,0.0861,residual
16539,Ġstretching,0.0862,residual
16548,Ġincremental,0.0849,residual
16560,heads,0.1012,residual
16569,Ġreadings,0.0891,residual
16577,ĠTea,0.0723,residual
16585,ĠSah,0.077,residual
16594,ĠFro,0.0805,residual
16603,ĠGore,0.0956,residual
16612,ĠMilton,0.0804,residual
16623,ĠPartner,0.1022,residual
16635,ĠRhodes,0.0777,residual
16646,ONE,0.1054,residual
16655,Ġgrind,0.0693,residual
16663,Ġchambers,0.1081,residual
16671,Ġbranding,0.0831,residual
16681,Ġunified,0.0763,residual
16691,ĠServ,0.0629,residual
16703,ĠTi,0.0452,residual
16712,INA,0.1385,residual
16722,entially,0.1421,residual
16730,ĠVehicle,0.1425,residual
16740,Ġditch,0.1093,residual
16749,Ġay,0.0668,residual
16759,Ġcommun,0.0675,residual
16767,cam,0.1088,residual
16777,ĠJennings,0.1057,residual
16786,ĠKatherine,0.1123,residual
16800,ĠLund,0.1052,residual
16809,ĠRoc,0.0723,residual
16820,Ġculinary,0.1457,residual
16829,Ġmiracle,0.0835,residual
16843,east,0.1497,residual
16852,ĠFE,0.0466,residual
16860,ĠMental,0.0881,residual
16868,Ġsymbolic,0.0842,residual
16877,Ġtranslated,0.0707,residual
16888,Ġtighten,0.1308,residual
16899,Ġdeferred,0.1114,residual
16910,ĠLeone,0.1463,residual
16920,Ġdisciplined,0.1347,residual
16929,ĠGan,0.0712,residual
16939,ĠSioux,0.1105,residual
16948,Ĳ,0.1249,residual
16957,Ġshoots,0.0939,residual
16970,Ġ118,0.0963,residual
16979,pless,0.134,residual
16989,Ġperpetrators,0.1417,residual
16997,Ġconsuming,0.1005,residual
17006,ĠHarley,0.0963,residual
17015,oks,0.128,residual
17023,ĠSie,0.113,residual
17031,Ġvillain,0.098,residual
17041,annie,0.1484,residual
17050,Ġpretend,0.0818,residual
17060,Ġranch,0.1312,residual
17071,uating,0.1455,residual
17079,ĠCalvin,0.0694,residual
17087,ĠHun,0.0597,residual
17099,Ġhazardous,0.1181,residual
17109,Ġrigorous,0.1095,residual
17120,Ġtrainers,0.1171,residual
17132,ĠRoot,0.0792,residual
17143,both,0.0874,residual
17152,ĠNotes,0.1406,residual
17161,ĠKind,0.061,residual
17170,mel,0.1175,residual
17179,Ġsterling,0.1147,residual
17187,manship,0.1467,residual
17198,Ġhonoring,0.1429,residual
17208,Ġsocially,0.0811,residual
17217,ĠLines,0.1291,residual
17225,ische,0.1296,residual
17236,Ġhalls,0.1382,residual
17244,Ġgravity,0.0761,residual
17254,rar,0.1481,residual
17263,ĠLaure,0.0914,residual
17275,Ġfool,0.0487,residual
17287,Ġconcession,0.09,residual
17295,ĠMoz,0.0827,residual
17303,pir,0.1191,residual
17313,ĠCN,0.0909,residual
17322,Ġstressful,0.1214,residual
17332,Ġresidency,0.0996,residual
17342,SK,0.125,residual
17354,ĠPlains,0.0883,residual
17362,ĠGeneration,0.1016,residual
17378,ĠNI,0.0666,residual
17386,Ġstems,0.1095,residual
17396,Ġawait,0.1328,residual
17406,Ġnortheastern,0.1386,residual
17416,ĠAddress,0.1173,residual
17425,Def,0.0674,residual
17434,Ġrope,0.069,residual
17445,Ġ145,0.09,residual
17454,ĠKaty,0.0933,residual
17462,Ġdelete,0.1029,residual
17473,ĠDonovan,0.124,residual
17484,ĠOaks,0.1395,residual
17494,ĠChennai,0.1302,residual
17503,ĠPiper,0.1067,residual
17514,ĠYo,0.0594,residual
17526,won,0.1106,residual
17534,Ġdisappoint,0.129,residual
17544,ĠAZ,0.0714,residual
17553,Ġrevital,0.1009,residual
17562,Ġbenefiting,0.1279,residual
17570,ĠEspecially,0.1068,residual
17579,Ġsocialist,0.1441,residual
17587,Ġpraying,0.0939,residual
17595,ĠWebsite,0.1049,residual
17605,Ġslap,0.0721,residual
17616,Ġ1964,0.1122,residual
17627,Ġupl,0.0776,residual
17638,ĠAdv,0.0776,residual
17649,orry,0.1404,residual
17661,aris,0.1361,residual
17672,Ġcant,0.0542,residual
17680,Ġremark,0.0897,residual
17688,ĠInfinity,0.0977,residual
17697,Ġspecifications,0.1437,residual
17705,Ġstrokes,0.1007,residual
17714,ĠCars,0.1161,residual
17727,ĠMald,0.0815,residual
17737,Ġvis,0.0508,residual
17745,miss,0.1145,residual
17757,Ġintensified,0.1319,residual
17769,Ġguiding,0.0608,residual
17777,Ġtimetable,0.1366,residual
17789,ĠRein,0.0691,residual
17798,Ġhomemade,0.0764,residual
17807,ĠMash,0.1256,residual
17818,Ġparagraph,0.1117,residual
17826,ĠCNBC,0.1425,residual
17837,Ġemergence,0.104,residual
17845,Ġrents,0.1318,residual
17856,andal,0.1341,residual
17868,RL,0.0836,residual
17877,ĠVu,0.1093,residual
17885,Ġratios,0.1164,residual
17895,Ġsq,0.0892,residual
17910,Ġenforced,0.1147,residual
17920,Ã¶r,0.1177,residual
17932,ĠFranc,0.0745,residual
17942,Ġwhites,0.103,residual
17952,rage,0.1496,residual
17962,ĠCarbon,0.0892,residual
17973,SR,0.0959,residual
17981,ĠGes,0.1253,residual
17990,ĠLily,0.0739,residual
17999,Ġarrange,0.1021,residual
18010,Ġundersc,0.1368,residual
18019,ĠFear,0.0999,residual
18028,friend,0.1303,residual
18038,Ġgenocide,0.1319,residual
18047,COL,0.1383,residual
18056,Ġrealizing,0.0933,residual
18065,ĠSpect,0.1031,residual
18073,ĠHuntington,0.0994,residual
18084,ĠFresno,0.122,residual
18093,Ġtum,0.0818,residual
18102,Ġprobability,0.1133,residual
18112,Ġfulfilling,0.0984,residual
18122,ĠSau,0.1015,residual
18131,ĠKob,0.1045,residual
18140,umin,0.1007,residual
18148,ĠHugo,0.1248,residual
18156,Ġfarther,0.0902,residual
18168,ĠVenus,0.112,residual
18179,Ġspa,0.1104,residual
18188,pg,0.1394,residual
18200,ĠOrchestra,0.1287,residual
18211,ĠBernstein,0.1399,residual
18222,ĠIsh,0.0749,residual
18230,reek,0.1497,residual
18238,ĠFlag,0.0783,residual
18246,Ġseparating,0.0874,residual
18254,Ġproceeded,0.1382,residual
18268,Ġtravellers,0.1438,residual
18278,Ġreps,0.0985,residual
18289,ĠHarold,0.0769,residual
18298,ĠBaton,0.1093,residual
18306,ĠAbrams,0.1244,residual
18315,Ġcolumns,0.0809,residual
18326,ĠSaturdays,0.1427,residual
18337,ĠComplete,0.0632,residual
18348,Ant,0.0699,residual
18356,ivan,0.1422,residual
18365,ĠPeriod,0.0996,residual
18375,roc,0.1178,residual
18385,ĠCub,0.0917,residual
18393,Joe,0.1078,residual
18404,ĠPerson,0.0708,residual
18414,ĠHed,0.078,residual
18423,Ġtenant,0.0745,residual
18434,ĠJavaScript,0.1237,residual
18443,Ġrocky,0.1063,residual
18454,ĠFact,0.1085,residual
18464,Ġbud,0.0766,residual
18472,Ġlayout,0.0909,residual
18481,Ġpistol,0.099,residual
18491,ĠYates,0.1239,residual
18500,ĠSuffolk,0.1078,residual
18508,135,0.1282,residual
18517,ml,0.1106,residual
18526,Ġtrek,0.0941,residual
18537,¸,0.0948,residual
18547,End,0.0787,residual
18558,Ġchoir,0.1173,residual
18569,Ġpads,0.1015,residual
18586,Ġtemper,0.0595,residual
18594,ppe,0.143,residual
18603,Ġjur,0.0965,residual
18614,225,0.1296,residual
18623,ĠShirley,0.1163,residual
18632,Ġtexture,0.0975,residual
18646,Ġbreached,0.1158,residual
18657,Ġnic,0.0668,residual
18666,Ġfaction,0.1288,residual
18675,oline,0.112,residual
18683,ĠTropical,0.122,residual
18691,House,0.0966,residual
18700,ĠDani,0.1013,residual
18710,ĠGrizzlies,0.1481,residual
18723,rench,0.1307,residual
18736,ĠOptions,0.1411,residual
18749,ĠNorwich,0.1189,residual
18759,arest,0.1401,residual
18769,Ġsob,0.0719,residual
18778,ullah,0.1388,residual
18787,ijn,0.1306,residual
18798,ĠGuam,0.1208,residual
18806,Kim,0.1157,residual
18816,ument,0.1211,residual
18824,ĠCaleb,0.1077,residual
18833,Ġsoda,0.1313,residual
18844,108,0.1059,residual
18852,ĠVald,0.1148,residual
18861,TOR,0.1354,residual
18870,ĠBec,0.0895,residual
18879,agi,0.1246,residual
18891,something,0.1486,residual
18900,Ġwidening,0.1073,residual
18911,orable,0.1339,residual
18919,ĠBillboard,0.1218,residual
18930,ĠIsle,0.0956,residual
18939,Ġrevision,0.0916,residual
18948,hearted,0.1196,residual
18960,ĠToys,0.1428,residual
18970,ĠTay,0.0766,residual
18979,Ġplanets,0.1476,residual
18992,Ġraft,0.093,residual
19000,107,0.1199,residual
19008,Ġcollar,0.0971,residual
19020,ĠDisc,0.0652,residual
19031,ibly,0.1413,residual
19041,ĠArgent,0.0852,residual
19052,Ġformats,0.1352,residual
19062,Ġoccupants,0.1373,residual
19072,Ġsandwiches,0.1441,residual
19080,ĠFrazier,0.1352,residual
19091,ĠStandards,0.1185,residual
19101,Ġinvites,0.0931,residual
19113,Ġlosers,0.1303,residual
19122,Ġhomework,0.1166,residual
19130,002,0.132,residual
19140,isson,0.1226,residual
19149,ĠProcess,0.0994,residual
19160,odes,0.1238,residual
19173,achel,0.1458,residual
19182,Ġopting,0.1328,residual
19191,Ġsinking,0.0846,residual
19202,dos,0.1201,residual
19211,ĠNguyen,0.1444,residual
19220,Ġmax,0.0313,residual
19230,Ġbugs,0.1009,residual
19238,owitz,0.1464,residual
19247,Green,0.0799,residual
19256,found,0.1304,residual
19265,Ġexotic,0.1143,residual
19275,Ġexecuting,0.103,residual
19285,ĠIss,0.1003,residual
19296,FER,0.1228,residual
19306,drive,0.1404,residual
19314,Ġvot,0.1224,residual
19323,Ġmoms,0.1133,residual
19332,ĠGerard,0.1044,residual
19341,Ġinvasive,0.1217,residual
19349,Ġfalsely,0.1135,residual
19360,Fox,0.1316,residual
19370,ĠMW,0.0815,residual
19378,ĠPoints,0.1152,residual
19388,Ġmerge,0.1092,residual
19401,Ġinsecurity,0.1387,residual
19413,ĠPanel,0.0987,residual
19422,ĠHiggins,0.1007,residual
19432,andra,0.1219,residual
19443,ĠBuch,0.0868,residual
19453,Ġcomics,0.1425,residual
19461,Ġrollout,0.1208,residual
19469,ĠOpportunity,0.135,residual
19478,ĠWah,0.0964,residual
19487,glass,0.1216,residual
19496,RAM,0.1353,residual
19506,ĠGiving,0.1232,residual
19515,Ġ1962,0.134,residual
19525,Ġrefrain,0.1225,residual
19538,Copyright,0.0718,residual
19548,ĠHir,0.072,residual
19556,ĠLif,0.0728,residual
19567,Ġintr,0.054,residual
19581,pi,0.1123,residual
19589,Ġfraternity,0.1304,residual
19602,ĠCoordinator,0.1274,residual
19613,ket,0.1044,residual
19621,ANE,0.1421,residual
19634,Ġram,0.0638,residual
19643,ĠFi,0.1086,residual
19653,Ġsensible,0.0752,residual
19664,ĠHig,0.1083,residual
19672,ĠRicardo,0.1313,residual
19682,ĠRC,0.0472,residual
19693,opt,0.0941,residual
19702,ĠMari,0.0952,residual
19711,ĠNSA,0.0805,residual
19720,Ġastonishing,0.1183,residual
19731,ĠThur,0.1021,residual
19741,ĠOLED,0.138,residual
19749,ĠPatch,0.1251,residual
19757,ĠKraft,0.1186,residual
19766,ĠLanc,0.1139,residual
19777,ayer,0.1251,residual
19786,Ġmisuse,0.1217,residual
19794,Ġrainy,0.0866,residual
19803,ĠCry,0.0728,residual
19812,Ġlandlord,0.1194,residual
19822,Ġairing,0.12,residual
19830,Ġsymbols,0.0947,residual
19841,Ġwaking,0.0996,residual
19853,ĠBrid,0.0796,residual
19863,Ġginger,0.0841,residual
19875,abled,0.1448,residual
19886,Ġregist,0.0892,residual
19897,Ag,0.051,residual
19908,ĠCannon,0.1072,residual
19917,Ġmills,0.1261,residual
19928,ead,0.1317,residual
19941,Ġfooting,0.1068,residual
19951,Ġsiege,0.0934,residual
19961,Ġfib,0.0983,residual
19970,ĠCaliforn,0.1073,residual
19981,ĠOwn,0.1157,residual
19991,ĠUnified,0.0932,residual
20000,ichi,0.1212,residual
20008,ĠEngine,0.1232,residual
20018,Ġfir,0.0883,residual
20027,ĠFI,0.1098,residual
20035,Ġwives,0.123,residual
20045,ĠZh,0.096,residual
20055,ĠCyrus,0.1004,residual
20065,ĠFIR,0.1046,residual
20077,ĠFlowers,0.129,residual
20088,ĠLucky,0.0752,residual
20098,dig,0.1244,residual
20107,ĠMeng,0.1439,residual
20120,afe,0.1272,residual
20129,Ġcrossover,0.0693,residual
20137,Ġavid,0.1121,residual
20149,ĠMK,0.0552,residual
20160,Feb,0.1253,residual
20171,onal,0.1248,residual
20180,playing,0.1423,residual
20196,NER,0.1362,residual
20204,ĠChung,0.1478,residual
20218,Ġfulfilled,0.1206,residual
20227,ĠSwe,0.0934,residual
20238,Ġcrosses,0.0721,residual
20249,TF,0.086,residual
20258,ĠHands,0.0822,residual
20270,ĠIk,0.1013,residual
20283,ĠNYPD,0.1291,residual
20293,ĠUg,0.0997,residual
20302,ĠHots,0.121,residual
20313,ĠSaudis,0.1441,residual
20322,ĠCater,0.1323,residual
20336,ĠNorm,0.0626,residual
20348,ĠVander,0.1116,residual
20360,ĠMarty,0.0968,residual
20372,Ġabstract,0.0609,residual
20385,Ġpigs,0.112,residual
20393,Ġconfiguration,0.098,residual
20405,ĠMGM,0.138,residual
20416,Point,0.0859,residual
20425,Ġenergetic,0.0862,residual
20436,yth,0.1402,residual
20444,itarian,0.1427,residual
20455,Ġreminiscent,0.1262,residual
20464,Ġtortured,0.1365,residual
20476,Ġstubborn,0.0967,residual
20484,ĠIsabel,0.0972,residual
20492,ĠCompar,0.1378,residual
20500,Ġirrigation,0.1495,residual
20512,Roy,0.1297,residual
20522,Ġthrill,0.135,residual
20531,Ġterminals,0.1374,residual
20543,Ġadministrations,0.1472,residual
20552,Ġsystematic,0.0794,residual
20560,ĠPretty,0.0657,residual
20572,Ġsto,0.0733,residual
20585,Ġcolored,0.0738,residual
20596,Ġsacrifices,0.1043,residual
20607,Ġhurry,0.1079,residual
20616,Ġpasswords,0.1485,residual
20625,Ġspine,0.1003,residual
20635,Ġremarkably,0.094,residual
20650,downs,0.1389,residual
20659,Ġrefriger,0.1211,residual
20671,Ġgroin,0.1406,residual
20681,ĠTelegram,0.1208,residual
20691,ĠGast,0.0962,residual
20705,Ġrect,0.0738,residual
20715,Ġvulnerabilities,0.1414,residual
20728,Ġtampering,0.1488,residual
20736,ĠEva,0.0982,residual
20746,ĠFarmer,0.1063,residual
20755,Ġluxurious,0.143,residual
20767,Ann,0.0787,residual
20778,ĠOD,0.0662,residual
20789,Ġbend,0.0665,residual
20799,ĠBayer,0.1108,residual
20807,Ġmindful,0.1141,residual
20817,aunt,0.1205,residual
20831,ĠMats,0.0982,residual
20842,ĠFitzpatrick,0.1409,residual
20850,Ġblankets,0.1108,residual
20860,ĠASS,0.0744,residual
20872,Ġspeculated,0.1424,residual
20881,rawn,0.1456,residual
20891,ĠImport,0.1023,residual
20901,git,0.144,residual
20909,iani,0.1369,residual
20917,ĠPurchase,0.1308,residual
20926,ĠEug,0.1096,residual
20935,Ġfork,0.077,residual
20944,EMENT,0.147,residual
20955,Ġpriv,0.0745,residual
20964,ĠPiet,0.1057,residual
20977,ĠFirm,0.0863,residual
20986,Ġlad,0.0746,residual
20996,ĠGateway,0.1095,residual
21007,ĠDU,0.0772,residual
21018,ĠLuxembourg,0.1135,residual
21029,ĠTav,0.1126,residual
21037,Ġproposes,0.12,residual
21046,eat,0.1326,residual
21056,Ġmaxim,0.0734,residual
21067,Mad,0.0993,residual
21076,ĠStevenson,0.1332,residual
21086,Ġjungle,0.0811,residual
21096,Ġdisgusting,0.1136,residual
21107,ĠBellev,0.1236,residual
21118,199,0.1459,residual
21128,Ġsplitting,0.0988,residual
21138,275,0.1368,residual
21147,ĠACL,0.0935,residual
21157,vid,0.1344,residual
21168,Ġsunk,0.082,residual
21183,Ġtrou,0.0695,residual
21194,riel,0.1385,residual
21206,November,0.125,residual
21216,amar,0.135,residual
21225,wei,0.127,residual
21240,ĠTHR,0.1294,residual
21253,ĠColonel,0.1064,residual
21264,Ġgraves,0.1191,residual
21274,ĠHutchinson,0.1185,residual
21283,ĠSultan,0.0983,residual
21295,ĠGust,0.1241,residual
21306,plain,0.1329,residual
21320,Ġstumbled,0.1322,residual
21328,Ġdowned,0.1095,residual
21341,Ġauthenticity,0.1239,residual
21349,Ġcorrections,0.1206,residual
21363,mis,0.1347,residual
21375,ĠSimple,0.0679,residual
21385,ittle,0.1351,residual
21393,ĠFalk,0.1188,residual
21402,ł,0.0811,residual
21414,Ġpeaks,0.0966,residual
21422,Ġbeg,0.0746,residual
21431,Ġspinal,0.1243,residual
21439,ĠMessenger,0.1116,residual
21448,Ġ133,0.1061,residual
21456,Ġperpet,0.1041,residual
21465,ĠCoral,0.1133,residual
21474,ĠMoment,0.1046,residual
21483,Ġelusive,0.0964,residual
21495,Ġatomic,0.1091,residual
21505,ĠWarning,0.132,residual
21515,amic,0.1217,residual
21525,GI,0.1296,residual
21535,ĠPCs,0.1277,residual
21545,Ġvisually,0.0994,residual
21553,osition,0.1485,residual
21563,Ġrash,0.0956,residual
21572,ĠFern,0.0882,residual
21585,Post,0.0518,residual
21594,./,0.1018,residual
21604,arel,0.1438,residual
21615,ĠEle,0.0669,residual
21624,ĠRomanian,0.1168,residual
21634,Ġspecs,0.1246,residual
21645,riz,0.1431,residual
21656,ĠMichele,0.1265,residual
21667,Ġcomplainant,0.1407,residual
21677,Ġmuted,0.1061,residual
21685,color,0.1409,residual
21695,ĠMIL,0.0994,residual
21703,acs,0.1295,residual
21713,370,0.1256,residual
21728,arming,0.1377,residual
21739,atten,0.1447,residual
21749,ĠCec,0.1035,residual
21764,Ġsleeves,0.1107,residual
21775,Ġpadd,0.1038,residual
21783,oker,0.1341,residual
21792,BP,0.126,residual
21802,ĠTale,0.1098,residual
21812,Ġamassed,0.1415,residual
21821,Ġirrelevant,0.1138,residual
21832,Ġdaring,0.0886,residual
21844,Ġheartfelt,0.1374,residual
21854,Ġswearing,0.1409,residual
21864,ĠMcKay,0.119,residual
21876,ĠBauer,0.0936,residual
21886,Ġpract,0.1022,residual
21896,ĠWTO,0.1487,residual
21907,Ġindict,0.1245,residual
21916,ĠExport,0.1383,residual
21924,ĠBattery,0.1349,residual
21936,Ġbarg,0.0957,residual
21944,Ġbuffer,0.0755,residual
21954,eful,0.1196,residual
21963,MG,0.1158,residual
21972,ĠEdwin,0.094,residual
21986,Ġscouting,0.1492,residual
21996,points,0.1142,residual
22006,ĠChr,0.1121,residual
22014,ĠFlying,0.1083,residual
22026,Rep,0.0809,residual
22034,owe,0.1239,residual
22043,Ġqual,0.0723,residual
22052,Ġstrings,0.0872,residual
22060,ĠRainbow,0.0843,residual
22071,Ġforeseeable,0.106,residual
22086,Thanks,0.0775,residual
22096,ĠWillow,0.1025,residual
22106,inar,0.1272,residual
22115,Ġprost,0.0914,residual
22125,asters,0.1377,residual
22136,Ġtilt,0.0986,residual
22145,212,0.1271,residual
22154,Ġflick,0.0961,residual
22163,ĠClint,0.1157,residual
22175,Ġrenting,0.1287,residual
22187,Ġscaling,0.0695,residual
22198,ĠJes,0.0725,residual
22208,Ġreorgan,0.1221,residual
22217,ĠLaunch,0.1158,residual
22227,ĠTeacher,0.1269,residual
22238,mil,0.1051,residual
22249,Ġexempl,0.0923,residual
22260,255,0.1359,residual
22269,ĠMedina,0.1177,residual
22280,ĠGarland,0.0929,residual
22290,TL,0.1318,residual
22299,ĠParamount,0.1127,residual
22307,Ġtasty,0.1206,residual
22319,ĠOng,0.1112,residual
22331,ĠTOR,0.1478,residual
22342,exec,0.1314,residual
22350,Ġhubs,0.0991,residual
22360,ĠQuest,0.0894,residual
22369,Ġconvoy,0.1134,residual
22378,ĠColo,0.1445,residual
22389,ussed,0.1357,residual
22399,ĠDeadline,0.1455,residual
22409,ingo,0.1208,residual
22419,Ġsubpoena,0.1351,residual
22430,ĠHolden,0.1216,residual
22439,ĠAlternative,0.0923,residual
22451,Ġhatch,0.0973,residual
22460,Ġgle,0.0723,residual
22473,Click,0.0433,residual
22492,ĠNem,0.0734,residual
22501,mary,0.1322,residual
22513,ĠUnderstanding,0.1407,residual
22525,ĠFifty,0.1405,residual
22537,ĠExtension,0.1129,residual
22545,ĠWow,0.0826,residual
22554,ĠYEAR,0.1486,residual
22565,ĠResolution,0.0998,residual
22576,akin,0.1167,residual
22589,Ġalcoholic,0.119,residual
22598,ĠDUP,0.1387,residual
22609,path,0.1103,residual
22622,Ġgraffiti,0.1384,residual
22632,Ġdeprived,0.1161,residual
22641,close,0.1069,residual
22652,Ġprudent,0.1314,residual
22663,reth,0.1431,residual
22673,ĠWC,0.0858,residual
22681,Jones,0.1263,residual
22693,Ġnom,0.0445,residual
22703,Ġgalaxy,0.1262,residual
22713,Ġportraits,0.1303,residual
22727,ĠWeston,0.107,residual
22738,Ġenrich,0.1029,residual
22748,2011,0.1169,residual
22758,Ġyouthful,0.1174,residual
22768,ĠGap,0.0943,residual
22777,ĠReeves,0.1386,residual
22785,Ġsync,0.078,residual
22795,ĠBarnett,0.1307,residual
22806,roe,0.1368,residual
22817,Come,0.0731,residual
22826,ĠFerr,0.0908,residual
22838,Twitter,0.1298,residual
22846,Ġscrambled,0.1282,residual
22858,ĠMeadow,0.1328,residual
22869,Ġsympathetic,0.0831,residual
22880,Ġcongreg,0.0912,residual
22889,KING,0.144,residual
22901,Ġbegging,0.1097,residual
22912,ĠCod,0.0666,residual
22926,oids,0.1421,residual
22937,Ġirregular,0.0775,residual
22952,Ġthemed,0.0849,residual
22962,Ġmotivate,0.1389,residual
22971,Ġcontrollers,0.1113,residual
22983,AU,0.1149,residual
22994,Ġgluten,0.1202,residual
23003,ĠIQ,0.0887,residual
23013,ĠRae,0.1253,residual
23026,ĠElder,0.0632,residual
23037,ĠSne,0.0966,residual
23046,Ġwhipped,0.1109,residual
23055,Sub,0.06,residual
23065,agin,0.1373,residual
23077,Ġunilateral,0.1418,residual
23086,ĠAllied,0.0942,residual
23095,Ġhemp,0.137,residual
23106,ĠPapa,0.0897,residual
23119,Ġsv,0.1087,residual
23130,Ġpersuaded,0.1375,residual
23138,bery,0.1255,residual
23146,Ġdeserving,0.1073,residual
23156,neg,0.1338,residual
23164,Ġprevailed,0.1478,residual
23175,ĠKathryn,0.1142,residual
23190,ĠMast,0.0926,residual
23198,ĠWheel,0.1094,residual
23207,ĠBout,0.0854,residual
23219,bc,0.1309,residual
23229,Ġattain,0.0926,residual
23244,Ġfrenzy,0.1428,residual
23255,Ġwolf,0.0534,residual
23263,ĠSunset,0.1028,residual
23273,ĠHowell,0.1256,residual
23285,Ġsnapping,0.1187,residual
23294,ĠMarse,0.1349,residual
23305,Ġmalaria,0.142,residual
23317,Ġplayful,0.1437,residual
23325,ĠGus,0.1037,residual
23335,Ġtapes,0.1271,residual
23346,ĠStev,0.1269,residual
23358,Ġcombo,0.0516,residual
23371,Ġvetting,0.1311,residual
23382,rail,0.1453,residual
23391,compl,0.1357,residual
23400,nard,0.1324,residual
23417,310,0.1133,residual
23431,Ġconditional,0.0781,residual
23441,ĠMao,0.1136,residual
23452,ĠDele,0.1179,residual
23461,ĠTJ,0.0969,residual
23472,Ġvisibly,0.117,residual
23481,ĠCheng,0.115,residual
23489,Ġtorrent,0.0761,residual
23497,zzo,0.1482,residual
23510,ĠScher,0.1149,residual
23524,Ġinterfering,0.1281,residual
23536,Ġhonorary,0.1278,residual
23546,lag,0.1328,residual
23554,Ġanalytical,0.1163,residual
23565,Fort,0.0969,residual
23579,ĠNeighborhood,0.1233,residual
23590,alam,0.1416,residual
23601,ickers,0.1405,residual
23610,Ġlongevity,0.1337,residual
23621,Ġevenings,0.1182,residual
23631,ĠGift,0.0944,residual
23642,zai,0.1415,residual
23653,Ġvaries,0.1137,residual
23666,Ġcommencement,0.1298,residual
23678,Ġbasin,0.1111,residual
23686,ĠTrinidad,0.1246,residual
23700,oric,0.1331,residual
23709,ĠAbs,0.0685,residual
23719,Sil,0.1428,residual
23728,ITT,0.112,residual
23736,Morning,0.1332,residual
23746,ĠGin,0.1089,residual
23756,ĠSurf,0.1109,residual
23767,Ġexhibitions,0.1427,residual
23777,Ġ1200,0.1133,residual
23790,ĠAch,0.0738,residual
23800,ĠAttack,0.0965,residual
23812,Ġcollaborations,0.1411,residual
23821,235,0.1378,residual
23832,iren,0.1421,residual
23843,Ġfifteen,0.0819,residual
23855,Ġsized,0.0594,residual
23865,ĠMoe,0.1112,residual
23877,ĠTerror,0.0991,residual
23888,ĠSto,0.103,residual
23901,ĠMarshal,0.1088,residual
23912,Ġcane,0.1184,residual
23920,Ġwhereby,0.1195,residual
23932,Ġtransitional,0.1173,residual
23943,orian,0.1291,residual
23960,Ġherald,0.0996,residual
23973,ĠWritten,0.1338,residual
23986,Ġpillars,0.0952,residual
24004,Ġelites,0.1312,residual
24012,Ġenvis,0.1349,residual
24023,Ġusher,0.1305,residual
24032,Ġsocietal,0.1404,residual
24045,Ġclam,0.0917,residual
24054,Ġassemble,0.0997,residual
24065,ĠReggie,0.0998,residual
24073,Ġprivileges,0.124,residual
24083,132,0.1284,residual
24096,ogging,0.1397,residual
24108,126,0.1239,residual
24117,Ġmetallic,0.1183,residual
24128,ĠEthiopian,0.1017,residual
24140,ĠGrac,0.1036,residual
24151,ses,0.1151,residual
24161,Ġbreastfeeding,0.1499,residual
24173,Ġdescriptions,0.0888,residual
24183,ĠHuff,0.1078,residual
24196,seen,0.1468,residual
24207,ĠGiles,0.1308,residual
24221,Staff,0.1039,residual
24229,ĠSerbian,0.129,residual
24243,Ġprosecuting,0.1494,residual
24255,Ġbloom,0.0901,residual
24265,Street,0.105,residual
24273,ĠDesmond,0.127,residual
24283,Ġimpartial,0.1172,residual
24291,Mer,0.0692,residual
24300,Ġerase,0.1454,residual
24316,ĠCHAR,0.1344,residual
24326,ĠShea,0.1085,residual
24334,340,0.1031,residual
24344,stat,0.135,residual
24358,efully,0.1441,residual
24369,ĠZion,0.0918,residual
24378,950,0.1381,residual
24387,Ġoutlining,0.1428,residual
24401,Ġnicknamed,0.1484,residual
24410,Ġgrape,0.1208,residual
24424,Ġtread,0.0928,residual
24436,Ġ1955,0.1469,residual
24449,Ġpiles,0.1005,residual
24459,ĠTunis,0.1332,residual
24474,ĠIntroduction,0.1445,residual
24485,Los,0.1211,residual
24498,Ġrecapt,0.1329,residual
24508,Ġremoves,0.1139,residual
24523,Tra,0.1127,residual
24537,ĠMM,0.0481,residual
24547,Ġsourcing,0.1415,residual
24555,Ġregulating,0.135,residual
24568,Ġlimbs,0.1045,residual
24578,ĠDudley,0.1169,residual
24587,Ġprotagonist,0.1279,residual
24598,reck,0.1363,residual
24607,ĠSpectrum,0.1066,residual
24618,acle,0.123,residual
24628,Ġawake,0.0921,residual
24637,Ġrelinqu,0.1234,residual
24652,ĠJung,0.0963,residual
24666,Ġheroic,0.074,residual
24679,ĠPTSD,0.1291,residual
24692,ĠPau,0.0958,residual
24703,ĠQC,0.0903,residual
24713,Ġsorted,0.1056,residual
24723,ĠGIF,0.0858,residual
24734,ĠHabit,0.1242,residual
24749,wat,0.1234,residual
24759,zar,0.127,residual
24773,castle,0.1353,residual
24783,Ġnailed,0.1176,residual
24792,hom,0.1143,residual
24803,ĠKag,0.0977,residual
24815,Ġwoo,0.0979,residual
24825,ĠBuchanan,0.1172,residual
24834,ĠDaryl,0.1473,residual
24844,ĠBET,0.0905,residual
24858,arson,0.1495,residual
24870,Ġbake,0.1001,residual
24880,Ġtracker,0.1099,residual
24893,ĠHyd,0.1241,residual
24903,Ġprized,0.1191,residual
24916,bill,0.1385,residual
24928,ĠMines,0.1396,residual
24937,ĠBuckley,0.1433,residual
24946,Ġnoteworthy,0.1203,residual
24968,ĠGeoffrey,0.1041,residual
24979,ĠLanding,0.1183,residual
24988,Ġsimpl,0.0912,residual
25001,Ġreferral,0.1049,residual
25012,ĠSaturn,0.1406,residual
25023,Ġeternal,0.0715,residual
25037,133,0.1344,residual
25048,249,0.1379,residual
25057,Ġtempting,0.1114,residual
25071,Ġnecess,0.0931,residual
25082,aires,0.1456,residual
25091,lv,0.1212,residual
25103,ĠTib,0.1205,residual
25112,Ġdeleg,0.0967,residual
25128,Ġpenis,0.1024,residual
25143,ĠSuperman,0.1054,residual
25155,202,0.1317,residual
25164,ĠLash,0.1113,residual
25177,Ġcheated,0.1448,residual
25187,Ġgram,0.0518,residual
25195,ĠFaw,0.1406,residual
25205,Ġsponsoring,0.1456,residual
25215,ĠOtt,0.1216,residual
25228,Ġstoring,0.1157,residual
25242,ĠGone,0.1373,residual
25252,once,0.1116,residual
25265,ĠBD,0.0797,residual
25276,Ġsuppression,0.1196,residual
25286,etric,0.1342,residual
25298,Ġadop,0.106,residual
25312,ĠTus,0.0814,residual
25325,Ġwhiskey,0.1406,residual
25335,Ġtimed,0.0932,residual
25348,ĠAngelo,0.1124,residual
25359,illian,0.1435,residual
25371,Ġresemble,0.1311,residual
25383,sche,0.135,residual
25392,CB,0.1205,residual
25404,ĠFlu,0.101,residual
25415,Smart,0.1373,residual
25424,ĠVall,0.1161,residual
25433,131,0.1378,residual
25441,Ang,0.0874,residual
25451,Ġunfolding,0.1425,residual
25466,ĠShiite,0.137,residual
25477,Ġunrealistic,0.1367,residual
25487,allow,0.1286,residual
25499,Ġelabor,0.1031,residual
25507,Ġrevolt,0.1307,residual
25519,ĠLevin,0.1282,residual
25529,ighty,0.1471,residual
25538,ĠSheet,0.124,residual
25548,Ġpremie,0.1497,residual
25560,ĠEpiscopal,0.1306,residual
25572,Ġrefrigerator,0.1346,residual
25585,Ġmilitar,0.1435,residual
25597,Ġruthless,0.1262,residual
25606,Ġ;,0.0358,residual
25618,Ġmoratorium,0.1261,residual
25631,333,0.1386,residual
25642,Ġcleansing,0.1224,residual
25654,orted,0.1483,residual
25665,Ġgau,0.0854,residual
25674,Central,0.0949,residual
25683,mem,0.1112,residual
25696,Ġimply,0.1463,residual
25710,ĠRebel,0.0881,residual
25719,ĠBone,0.0932,residual
25728,Ġ162,0.1084,residual
25740,ĠPrograms,0.1391,residual
25751,ĠNewfoundland,0.1397,residual
25763,Ġgent,0.0724,residual
25774,Ġbuffet,0.1116,residual
25783,Ġroaming,0.1066,residual
25799,bil,0.1278,residual
25808,Stars,0.1334,residual
25820,ĠFerry,0.1445,residual
25832,Ġmanageable,0.1193,residual
25845,Ġstyled,0.1388,residual
25854,ĠGreatest,0.117,residual
25864,Ġeth,0.0775,residual
25875,ĠBeard,0.1402,residual
25887,Dan,0.0924,residual
25899,ĠMAT,0.1034,residual
25915,Ġallocate,0.133,residual
25924,Ġexploits,0.1216,residual
25932,ĠChong,0.1488,residual
25947,ĠHud,0.0994,residual
25955,ĠPhilipp,0.1061,residual
25967,Ġpronounce,0.0992,residual
25975,Ġflashes,0.1024,residual
25989,ĠFeather,0.1254,residual
25998,ĠDill,0.1239,residual
26010,ĠUps,0.1187,residual
26021,ĠAren,0.1088,residual
26033,ĠVert,0.1148,residual
26046,ĠFP,0.0844,residual
26056,ĠCaps,0.1056,residual
26067,ĠOslo,0.1318,residual
26081,Ġthumbs,0.0976,residual
26093,ĠPrin,0.1033,residual
26104,iscal,0.1309,residual
26115,Ġsung,0.1221,residual
26126,Ġexec,0.0869,residual
26137,Ġcockpit,0.1353,residual
26148,Ġvans,0.1483,residual
26160,Ġcounterfeit,0.135,residual
26170,Po,0.104,residual
26182,ĠGrind,0.1068,residual
26193,ĠBalance,0.135,residual
26205,ĠPulitzer,0.1175,residual
26218,ĠWP,0.0925,residual
26229,umer,0.1132,residual
26248,Ġblatant,0.1186,residual
26263,ĠPom,0.1192,residual
26273,273,0.143,residual
26288,ĠHerz,0.1106,residual
26297,ĠHubbard,0.144,residual
26306,INAL,0.1417,residual
26316,tell,0.1471,residual
26326,ĠOverse,0.1196,residual
26336,Ġcaste,0.1363,residual
26348,Ġfabrics,0.1349,residual
26357,croft,0.1391,residual
26369,WH,0.0809,residual
26381,semble,0.1418,residual
26395,Ġhollow,0.0675,residual
26405,ĠAmelia,0.099,residual
26419,Ġhandmade,0.115,residual
26429,ĠBasil,0.086,residual
26437,Ġfunc,0.1367,residual
26449,ĠPrel,0.1157,residual
26458,Ġhun,0.0773,residual
26468,Ġaccommod,0.1245,residual
26479,ĠRusso,0.1271,residual
26493,Ġadapting,0.1464,residual
26504,Ġprops,0.0833,residual
26514,ĠFellowship,0.1349,residual
26525,Ġconstrained,0.1299,residual
26536,Ġfuck,0.0673,residual
26545,Ġrelaxation,0.1307,residual
26556,Ġstartling,0.1247,residual
26567,Ġvalidation,0.092,residual
26576,ĠShelley,0.1099,residual
26593,onduct,0.1479,residual
26606,Ġdefinite,0.0714,residual
26616,Ġaiding,0.1393,residual
26629,147,0.1261,residual
26639,Ġpopcorn,0.1419,residual
26650,give,0.1027,residual
26660,semb,0.1402,residual
26672,ĠSter,0.1258,residual
26688,ĠUNESCO,0.1486,residual
26700,Ġrazor,0.0858,residual
26714,Ġperpetual,0.0848,residual
26725,ĠBurr,0.1394,residual
26738,142,0.1379,residual
26751,School,0.1403,residual
26763,Ġ211,0.1093,residual
26775,ruff,0.1359,residual
26794,Ġpragmatic,0.1476,residual
26806,Ġ217,0.1272,residual
26820,Ġsynonymous,0.13,residual
26833,ĠBlizzard,0.1112,residual
26850,Ġunnoticed,0.1345,residual
26864,Ġchoking,0.1129,residual
26874,ĠNormally,0.1447,residual
26883,ĠLey,0.1232,residual
26896,LES,0.1415,residual
26908,Ġfren,0.1082,residual
26917,Ġforgiven,0.142,residual
26927,Ġpossessed,0.0983,residual
26939,Ġgalvan,0.1096,residual
26952,ARR,0.1335,residual
26961,ĠCult,0.1069,residual
26972,Ġ229,0.1203,residual
26982,ĠSpy,0.0967,residual
26992,nat,0.1442,residual
27006,Ġconcerted,0.1112,residual
27019,ĠReader,0.1255,residual
27031,Ġaux,0.0865,residual
27039,ĠPai,0.1481,residual
27052,ĠBoo,0.0956,residual
27060,ĠCage,0.1152,residual
27071,Ġgroove,0.0952,residual
27083,Ġequitable,0.1273,residual
27099,Ġplausible,0.1167,residual
27113,Ġbandwidth,0.1334,residual
27122,gd,0.1379,residual
27130,Ġcourtyard,0.1375,residual
27141,Ġbonding,0.0892,residual
27150,GF,0.1469,residual
27160,Ġfaux,0.1003,residual
27170,Fest,0.1357,residual
27182,ĠUI,0.051,residual
27193,Ġorderly,0.1043,residual
27206,Ġspirited,0.0994,residual
27221,ĠBoots,0.1396,residual
27234,ĠStam,0.1065,residual
27245,ĠCrossing,0.1254,residual
27255,ĠBlooming,0.1119,residual
27267,Den,0.1046,residual
27278,common,0.136,residual
27290,ĠTM,0.0843,residual
27306,Ġunfounded,0.1493,residual
27316,ĠOG,0.0741,residual
27335,ĠFram,0.0719,residual
27349,Ġshutter,0.1194,residual
27362,Ġcharger,0.1287,residual
27374,avin,0.1411,residual
27388,ĠABS,0.0656,residual
27398,dad,0.1347,residual
27410,ĠSpokane,0.14,residual
27421,Ġmould,0.1056,residual
27432,Ġcontagious,0.1273,residual
27445,ĠVAL,0.1276,residual
27456,Ġflair,0.0922,residual
27466,Ġwisely,0.1409,residual
27478,Ġdiscontent,0.1295,residual
27491,ĠLynd,0.1018,residual
27502,Ġbrazen,0.1275,residual
27518,ĠFolk,0.1225,residual
27527,complete,0.1489,residual
27538,ĠCrom,0.1166,residual
27548,Ġneurological,0.1486,residual
27558,ĠOrion,0.0982,residual
27572,Ġspikes,0.1,residual
27584,ĠLod,0.1142,residual
27601,Ġequals,0.0916,residual
27616,Ġessays,0.1499,residual
27626,Ġparcels,0.1246,residual
27638,ealing,0.1443,residual
27649,Ġdepos,0.1103,residual
27660,Ġbitten,0.1425,residual
27675,ĠHearing,0.1497,residual
27687,Ġdetached,0.0964,residual
27700,ĠCU,0.082,residual
27716,Ġknowingly,0.1232,residual
27727,Ġperipheral,0.0853,residual
27738,ĠAdapt,0.1357,residual
27751,Ġloft,0.092,residual
27761,151,0.1308,residual
27773,ĠTub,0.105,residual
27783,Ġprimer,0.1291,residual
27799,odies,0.1397,residual
27810,Ġinsecure,0.1056,residual
27821,Ġincorrectly,0.1206,residual
27837,ĠMonthly,0.1309,residual
27848,ĠTNT,0.1272,residual
27860,ĠAccounts,0.1416,residual
27872,Ġarticulate,0.1468,residual
27883,ĠCollect,0.1022,residual
27892,Ġtaxing,0.1199,residual
27904,ĠColony,0.1103,residual
27916,Ġjab,0.102,residual
27932,ĠDD,0.0505,residual
27943,ĠEquality,0.1301,residual
27957,ĠSac,0.0794,residual
27965,Ġ161,0.1216,residual
27977,Ġconfid,0.1245,residual
27988,ĠHouses,0.1226,residual
28000,ĠFreed,0.1142,residual
28012,Er,0.0695,residual
28027,orb,0.1348,residual
28040,ĠCraw,0.1359,residual
28052,Ġcasts,0.0908,residual
28066,ĠMAX,0.1021,residual
28078,Ġsmells,0.1359,residual
28091,ĠOxy,0.1029,residual
28100,ĠCla,0.1257,residual
28110,Ġcreamy,0.1338,residual
28122,ĠCRE,0.0766,residual
28131,Ġvig,0.107,residual
28142,EEP,0.1487,residual
28151,Mil,0.1119,residual
28161,Ġcarnage,0.146,residual
28173,Ġsatisfactory,0.1099,residual
28191,ivating,0.1378,residual
28201,actic,0.1462,residual
28211,Ġboun,0.1157,residual
28220,Ġcafes,0.1453,residual
28230,ĠOversight,0.1425,residual
28243,Rad,0.1079,residual
28259,Ġ777,0.1333,residual
28273,ĠProphet,0.1192,residual
28285,Heart,0.1304,residual
28296,Ġblades,0.1217,residual
28309,ĠBrass,0.111,residual
28323,Ġparadigm,0.1431,residual
28335,Ġdared,0.1146,residual
28346,ĠGrayson,0.1169,residual
28356,ĠGeorgian,0.0991,residual
28369,Ġlackluster,0.1417,residual
28387,ĠMage,0.1097,residual
28403,Ġdownloads,0.1469,residual
28416,Ġbrightly,0.1401,residual
28425,ĠSigma,0.1263,residual
28440,ĠRR,0.0734,residual
28455,Ġstreamlined,0.1374,residual
28469,ĠMiracle,0.1032,residual
28482,Ġ290,0.1186,residual
28491,Ġoffspring,0.1175,residual
28505,Ġbrilliance,0.1486,residual
28516,ĠAme,0.1187,residual
28526,gram,0.1176,residual
28535,Die,0.1189,residual
28548,Ġbursting,0.1038,residual
28561,Ġstro,0.0798,residual
28571,ĠTud,0.1334,residual
28581,Ġ555,0.1471,residual
28591,Ġrigging,0.137,residual
28602,Ġprestige,0.1224,residual
28616,Ġobey,0.1373,residual
28628,Ġ172,0.1222,residual
28641,vir,0.1435,residual
28654,248,0.1338,residual
28666,ĠMandatory,0.1456,residual
28676,Ġallotted,0.1198,residual
28688,ĠOptim,0.132,residual
28701,Ġslender,0.0966,residual
28711,ĠVS,0.069,residual
28728,Ġjudgments,0.1226,residual
28736,Ġcrocod,0.1251,residual
28751,ĠRare,0.1019,residual
28762,Ġtorso,0.1346,residual
28771,ĠBound,0.117,residual
28784,____,0.1442,residual
28796,Ġfigur,0.0789,residual
28806,Broad,0.1129,residual
28819,gre,0.1244,residual
28835,224,0.1234,residual
28852,Ġnightly,0.1089,residual
28862,Ġrug,0.0847,residual
28871,188,0.1338,residual
28883,Contin,0.1077,residual
28893,Ġindependents,0.1349,residual
28906,Ġinvoluntary,0.1079,residual
28921,Ġdevised,0.1439,residual
28935,Ġairborne,0.0995,residual
28953,Ġdiminishing,0.1365,residual
28967,ĠSpan,0.1191,residual
28977,ĠTort,0.0922,residual
28990,Ġceased,0.1227,residual
29002,Ġmerging,0.1161,residual
29016,Ġinfusion,0.1195,residual
29028,lando,0.1453,residual
29040,Ġcompartment,0.0879,residual
29052,Ġdisguise,0.0999,residual
29064,/#,0.1257,residual
29080,Ġauthorize,0.147,residual
29098,plate,0.1235,residual
29111,Son,0.0987,residual
29122,Ġost,0.0802,residual
29137,264,0.1299,residual
29153,ĠHOME,0.1466,residual
29161,Prince,0.1319,residual
29176,Ġana,0.1032,residual
29186,Sk,0.0866,residual
29195,Ġdescend,0.1136,residual
29205,Ġchatter,0.1301,residual
29214,ĠSUM,0.1322,residual
29222,Ġtame,0.1,residual
29236,Ġantenna,0.0924,residual
29244,Ġdeception,0.1359,residual
29259,Ġduct,0.1139,residual
29274,303,0.1487,residual
29290,Ġpretext,0.1295,residual
29299,ĠNathaniel,0.1232,residual
29310,Ġfunn,0.1185,residual
29322,Ġcrim,0.1022,residual
29334,TW,0.1369,residual
29347,ĠCommun,0.0853,residual
29361,ĠTreasure,0.0835,residual
29371,ĠGuardians,0.0872,residual
29386,Tax,0.1431,residual
29399,Ġcareless,0.1153,residual
29409,Ġclut,0.1217,residual
29426,ĠRogue,0.0968,residual
29441,Ġbreeds,0.1426,residual
29450,Ġjelly,0.1036,residual
29459,max,0.11,residual
29469,Ġsins,0.1032,residual
29478,Ġwig,0.1156,residual
29489,Ġmerch,0.1295,residual
29502,Ġuniversally,0.0923,residual
29515,Ġspontaneous,0.0896,residual
29526,Ġmisc,0.0894,residual
29540,ĠOrient,0.0965,residual
29555,Ġeccentric,0.1076,residual
29571,Ġvil,0.0952,residual
29583,Ġexhausting,0.1061,residual
29593,Ġaggress,0.1218,residual
29602,Ġmast,0.1,residual
29615,ĠMIC,0.1181,residual
29625,Ġadrenaline,0.1417,residual
29634,Ġsecession,0.1461,residual
29649,Ġdiscontin,0.1056,residual
29659,cod,0.1327,residual
29672,Ġ375,0.1296,residual
29687,ĠRedmond,0.1412,residual
29698,Ġsequential,0.1093,residual
29709,Made,0.0936,residual
29721,720,0.118,residual
29734,ELF,0.142,residual
29745,Ġsoftened,0.1413,residual
29754,Ġmaid,0.0741,residual
29768,Ġlic,0.0774,residual
29784,Ġlol,0.0652,residual
29803,Ġqueues,0.1355,residual
29821,430,0.1239,residual
29833,ĠBermuda,0.1377,residual
29846,reed,0.1238,residual
29858,Ġdinosaur,0.1421,residual
29872,ĠEscape,0.1056,residual
29887,Ġallot,0.0766,residual
29903,444,0.1392,residual
29916,Ġstruct,0.1143,residual
29931,ĠPric,0.1286,residual
29942,Ġ..,0.0263,residual
29952,ĠSno,0.1219,residual
29970,Ġintervening,0.1119,residual
29983,ĠGiovanni,0.1111,residual
29993,Ġtease,0.1256,residual
30003,217,0.1358,residual
30014,ĠJonah,0.1301,residual
30026,ĠTurbo,0.1209,residual
30039,Form,0.0873,residual
30052,ĠProsper,0.1344,residual
30062,Ġorche,0.1104,residual
30073,ĠVern,0.097,residual
30085,Ġ181,0.1108,residual
30094,zl,0.121,residual
30104,AME,0.1335,residual
30114,Ġrefere,0.1055,residual
30131,pipe,0.1493,residual
30146,Ġgag,0.1003,residual
30163,Ġincur,0.1439,residual
30180,Ġdub,0.0416,residual
30196,Ġgranite,0.1367,residual
30207,560,0.1223,residual
30221,Ġwatering,0.1099,residual
30235,ĠAPP,0.1188,residual
30246,Ġtraff,0.1272,residual
30260,Ġbathing,0.1237,residual
30273,Stephen,0.1267,residual
30284,ĠPromise,0.1344,residual
30294,Ġadjoining,0.1356,residual
30309,Ġstomp,0.0974,residual
30320,243,0.1497,residual
30333,Ġoverride,0.1268,residual
30345,Ġexh,0.0751,residual
30360,Ġacne,0.1423,residual
30374,ĠUsed,0.1166,residual
30386,Ġpawn,0.0987,residual
30398,Ġ227,0.1277,residual
30409,ĠPremiere,0.1423,residual
30421,Ġdeton,0.1176,residual
30437,ĠEating,0.1393,residual
30454,ĠMerchant,0.111,residual
30466,ĠLime,0.1324,residual
30479,ĠSurvivor,0.1378,residual
30492,ĠÃĸ,0.1255,residual
30502,Ġrouted,0.1306,residual
30516,Tonight,0.1365,residual
30536,ĠLL,0.0764,residual
30552,ĠFlags,0.1489,residual
30562,Tor,0.1042,residual
30573,Ġshuff,0.1139,residual
30587,Ġdistorted,0.1181,residual
30599,Ġdysfunctional,0.135,residual
30610,ĠRost,0.1299,residual
30627,ĠCompton,0.124,residual
30640,Ġloophole,0.1463,residual
30654,Ġenclosure,0.1087,residual
30665,Ġrequisite,0.1079,residual
30675,ĠFirefox,0.1463,residual
30686,Ġloosen,0.1319,residual
30703,Ġ510,0.1218,residual
30718,Ġtheoretically,0.1222,residual
30735,ĠSco,0.1147,residual
30747,ĠKuro,0.1342,residual
30762,ĠKev,0.1129,residual
30778,ĠWarehouse,0.1482,residual
30790,Ġinvitations,0.1175,residual
30801,Ġpolio,0.1497,residual
30811,Hy,0.1185,residual
30824,ĠDough,0.1332,residual
30839,Ġpercentages,0.1366,residual
30852,ĠFinger,0.1061,residual
30873,ĠDartmouth,0.1331,residual
30883,Ġdisgust,0.1086,residual
30895,ĠFeeling,0.1432,residual
30906,Lab,0.1207,residual
30921,return,0.136,residual
30937,Ġhijacked,0.147,residual
30947,Ġhappiest,0.1367,residual
30958,Ġpoke,0.1113,residual
30971,Ġderogatory,0.1486,residual
30981,Ġtreasures,0.135,residual
30992,ÙĦ,0.1327,residual
31005,Ġflashy,0.144,residual
31021,Ġgn,0.0769,residual
31035,Ġpeel,0.097,residual
31049,Ġundis,0.11,residual
31061,ĠQuarterly,0.1203,residual
31078,Ġinsurgent,0.136,residual
31091,Light,0.0992,residual
31108,Ġcylinder,0.1083,residual
31120,Ġdred,0.1226,residual
31132,410,0.12,residual
31149,Ġhandler,0.129,residual
31161,Connect,0.1133,residual
31176,ĠNeo,0.0647,residual
31186,Ġbutterflies,0.1385,residual
31197,ĠStack,0.1281,residual
31212,Ġquer,0.125,residual
31223,Ġstitches,0.1372,residual
31239,ĠGuess,0.108,residual
31251,Ġveil,0.1201,residual
31268,ĠReyn,0.1414,residual
31278,Ġrave,0.1117,residual
31294,Ġmesmer,0.1469,residual
31305,ĠJeanne,0.1175,residual
31314,ĠProvider,0.1482,residual
31324,ĠImpossible,0.1299,residual
31338,Ġirrational,0.1348,residual
31351,Ġfertile,0.1217,residual
31367,Ġreputable,0.1313,residual
31381,Ġdiffers,0.1418,residual
31397,Ġsketches,0.129,residual
31414,Hello,0.0792,residual
31427,Ġkidnap,0.139,residual
31440,Full,0.0728,residual
31450,Ġlubric,0.1176,residual
31465,ĠMID,0.1341,residual
31481,Ġcoordin,0.131,residual
31490,Ġ248,0.1326,residual
31501,maybe,0.1291,residual
31517,Ġtakedown,0.122,residual
31532,Ġharms,0.1347,residual
31544,Ġimprint,0.0732,residual
31554,Ġweary,0.1196,residual
31573,309,0.1484,residual
31592,Ġpans,0.0992,residual
31606,Ġamen,0.1251,residual
31616,Ġstationary,0.0663,residual
31630,Ġexoner,0.1446,residual
31641,ĠMemor,0.1288,residual
31654,Ġintersect,0.136,residual
31665,Ġshady,0.1165,residual
31682,Ġinheritance,0.1438,residual
31701,Ġreneg,0.1181,residual
31715,Ġdreadful,0.1354,residual
31727,Ġdefunct,0.1263,residual
31740,Ġ999,0.1271,residual
31748,ZZ,0.1283,residual
31765,Night,0.1358,residual
31775,ĠRIS,0.1328,residual
31792,Ġknots,0.1345,residual
31806,ĠClock,0.1304,residual
31817,ĠUb,0.1138,residual
31832,Ġraining,0.1326,residual
31846,ĠWorst,0.143,residual
31859,Ġzo,0.1157,residual
31877,429,0.1283,residual
31893,ĠWizard,0.1013,residual
31905,ĠSoup,0.1481,residual
31919,Ġvoltage,0.1127,residual
31929,Ġcaveat,0.1389,residual
31941,ĠSalon,0.1313,residual
31949,Ġrebate,0.1461,residual
31962,Ġlum,0.097,residual
31976,ĠBeats,0.118,residual
31988,Nic,0.0993,residual
32002,Ġmenacing,0.1332,residual
32014,Ġentrances,0.1478,residual
32026,Ġignition,0.1296,residual
32034,Ġpeg,0.0992,residual
32044,ĠBene,0.1185,residual
32059,kr,0.1235,residual
32076,Ġjoyful,0.1455,residual
32093,Ġswapping,0.1268,residual
32102,Leg,0.0798,residual
32116,Ġenclosed,0.1027,residual
32129,Ġdisapproval,0.14,residual
32142,lys,0.1374,residual
32156,Ġevidently,0.1072,residual
32169,Ġdele,0.1145,residual
32182,Ġpreferring,0.1368,residual
32193,ĠDynam,0.1256,residual
32208,Cry,0.1352,residual
32221,Ġhearty,0.1383,residual
32234,Ġachievable,0.1475,residual
32248,Ġagony,0.1334,residual
32264,Ġsavage,0.0816,residual
32279,Ġskins,0.1124,residual
32298,ĠCake,0.1218,residual
32308,ĠBarcl,0.1423,residual
32322,Ġpuff,0.1237,residual
32334,ĠRift,0.1168,residual
32351,Ġthirst,0.1068,residual
32364,Ġbutcher,0.1054,residual
32376,!!!!,0.0991,residual
32391,Ġcler,0.1314,residual
32405,Mur,0.1058,residual
32414,Ġstockpile,0.129,residual
32428,KC,0.1366,residual
32440,Ġye,0.0493,residual
32452,Moon,0.131,residual
32465,Ġnods,0.1252,residual
32474,ĠRockefeller,0.1192,residual
32486,Ġ231,0.1138,residual
32504,ĠClover,0.1243,residual
32514,ĠDino,0.1126,residual
32527,ĠAshe,0.1282,residual
32538,ĠBeam,0.1263,residual
32551,Ġstain,0.1104,residual
32564,Ġleaps,0.1129,residual
32578,Ġindispensable,0.1227,residual
32589,Ġunmatched,0.1384,residual
32604,Kal,0.1355,residual
32617,Ġpist,0.1156,residual
32633,Ġdodge,0.1148,residual
32654,Ġdisinteg,0.106,residual
32666,Ġcoworkers,0.1399,residual
32685,Ġdepended,0.1207,residual
32698,Ġcoax,0.1129,residual
32713,Ġchast,0.1224,residual
32725,ĠTRI,0.1149,residual
32738,Ġdishon,0.1337,residual
32752,Ġbystand,0.1378,residual
32770,gow,0.1401,residual
32780,ĠFres,0.1127,residual
32791,Ġnotions,0.1287,residual
32806,Ġparody,0.1264,residual
32817,Ġenormously,0.1345,residual
32831,Ġencaps,0.1016,residual
32847,Ġmotif,0.1213,residual
32860,ĠAunt,0.0978,residual
32875,Ġburd,0.1219,residual
32886,Ġrive,0.132,residual
32897,Ġretrospect,0.1291,residual
32907,Ġplainly,0.1367,residual
32921,Ġclaimants,0.1395,residual
32929,Ġreclaimed,0.1397,residual
32941,Ġprelim,0.1365,residual
32953,ISC,0.1481,residual
32970,ĠOrb,0.1096,residual
32983,Ball,0.1242,residual
33000,ĠURL,0.1066,residual
33018,ĠCoul,0.1456,residual
33027,hyp,0.1388,residual
33038,Direct,0.0797,residual
33049,Sir,0.1068,residual
33062,Ġstump,0.1121,residual
33080,Ġbartender,0.1352,residual
33092,ĠDeliver,0.1426,residual
33105,Working,0.1031,residual
33122,Ġsporadic,0.1132,residual
33139,Ġbaff,0.1205,residual
33154,Ġtides,0.1285,residual
33167,Ġwand,0.1151,residual
33177,Run,0.1044,residual
33187,Ġprompts,0.1157,residual
33199,Ġpeas,0.1388,residual
33214,rouse,0.1469,residual
33224,ĠNeck,0.1289,residual
33241,Tre,0.1222,residual
33257,Ġunforeseen,0.1392,residual
33277,ĠAlma,0.1193,residual
33290,Ġascend,0.1155,residual
33301,Ġmelody,0.1404,residual
33329,Ġautistic,0.115,residual
33340,Ġelic,0.1144,residual
33354,ĠCG,0.0816,residual
33368,ĠTitanic,0.1317,residual
33380,Ġsque,0.1054,residual
33398,ĠWordPress,0.138,residual
33410,319,0.1457,residual
33424,Ġexagger,0.1451,residual
33440,ĠUTC,0.1358,residual
33454,ĠSear,0.1258,residual
33468,ĠAfghans,0.1317,residual
33481,Kings,0.1473,residual
33490,003,0.1158,residual
33505,Ġphotographic,0.1207,residual
33522,Ġoppressive,0.1148,residual
33535,Ġtranquil,0.1089,residual
33545,ĠMadagascar,0.1398,residual
33562,Ġdissect,0.1345,residual
33571,ĠDamage,0.1405,residual
33584,ĠLOOK,0.1486,residual
33603,Bet,0.1067,residual
33616,Ġnatives,0.1232,residual
33631,Ġhardened,0.1108,residual
33644,Jac,0.1292,residual
33655,Ġapprehens,0.1283,residual
33667,Matthew,0.1125,residual
33677,Ġplush,0.125,residual
33691,ĠFabric,0.1473,residual
33704,Ġtrem,0.0972,residual
33719,hare,0.1306,residual
33730,ĠUbuntu,0.1337,residual
33744,Ġfleeting,0.1276,residual
33760,Ġverb,0.0957,residual
33775,ĠScene,0.1369,residual
33788,Ġcrus,0.0826,residual
33803,Ġray,0.0833,residual
33814,Ġaversion,0.1409,residual
33827,Ġelastic,0.0809,residual
33845,db,0.1251,residual
33860,ĠBMI,0.1476,residual
33876,ĠWax,0.1375,residual
33891,Ġ295,0.1466,residual
33904,Ġsolidly,0.1351,residual
33921,Ġ257,0.1315,residual
33932,ĠBrush,0.1265,residual
33952,Ġnefarious,0.1435,residual
33971,ĠAlter,0.0868,residual
33985,Ġnurt,0.1479,residual
34000,ĠDisp,0.1333,residual
34010,Ġproverbial,0.1275,residual
34022,Ġpeach,0.1234,residual
34039,ĠMystery,0.1463,residual
34062,ĠRNA,0.1138,residual
34079,Kate,0.1398,residual
34099,373,0.1326,residual
34109,386,0.1329,residual
34120,ĠDickens,0.1387,residual
34138,ĠStab,0.1437,residual
34158,RD,0.1463,residual
34177,ĠReference,0.1217,residual
34191,ĠPicks,0.1499,residual
34206,Bridge,0.1156,residual
34231,ĠSovereign,0.0996,residual
34250,OTS,0.1499,residual
34261,Ġcrammed,0.1497,residual
34275,ĠTie,0.1232,residual
34293,Ġgoddess,0.1114,residual
34307,Ġcompressed,0.1009,residual
34325,Ġtiers,0.1075,residual
34340,ĠChern,0.1112,residual
34352,ĠHorizons,0.1309,residual
34364,666,0.1285,residual
34384,Ġmell,0.1086,residual
34394,bones,0.1427,residual
34409,Ġracks,0.1079,residual
34419,ĠTaxi,0.1352,residual
34438,Ġbandwagon,0.1445,residual
34448,Ġmang,0.1082,residual
34466,ĠJesuit,0.1221,residual
34485,Ġrotten,0.1182,residual
34500,ĠPanc,0.1457,residual
34519,ĠAeg,0.14,residual
34536,Ġdisappears,0.1464,residual
34548,Ġexacerb,0.1478,residual
34565,ĠSAR,0.1126,residual
34587,ĠPair,0.1384,residual
34597,ĠPeng,0.1482,residual
34613,ĠAAC,0.1105,residual
34633,Ġrevol,0.0924,residual
34647,Small,0.1176,residual
34661,Ġsanity,0.1233,residual
34677,ĠEthernet,0.1491,residual
34694,Ġtagging,0.1331,residual
34704,ĠFug,0.1187,residual
34723,ĠFeng,0.1349,residual
34745,Ġstamina,0.1161,residual
34759,Ġdummy,0.0642,residual
34776,ĠFreddy,0.1024,residual
34785,Ġillegitimate,0.1186,residual
34800,ĠCinderella,0.1325,residual
34811,Death,0.1392,residual
34826,Domin,0.1266,residual
34841,ĠSai,0.1287,residual
34863,Ġmorphed,0.1425,residual
34875,Mind,0.0977,residual
34886,fork,0.1435,residual
34900,Ġabiding,0.1258,residual
34911,Officers,0.1372,residual
34922,ĠMaced,0.1261,residual
34942,Ġfictitious,0.1208,residual
34957,Ġmonstrous,0.1314,residual
34967,ĠRout,0.1377,residual
34983,Ġinequ,0.1416,residual
34999,Ġspatial,0.1173,residual
35020,ĠSalam,0.141,residual
35038,Mem,0.0959,residual
35054,rax,0.1464,residual
35066,ĠRipple,0.1477,residual
35081,Ġalterations,0.1193,residual
35093,fine,0.1229,residual
35106,ĠSwing,0.1304,residual
35119,Ġchau,0.1277,residual
35132,Prem,0.1197,residual
35146,Ġclandestine,0.1388,residual
35162,Ġhides,0.1139,residual
35173,Ġmigrating,0.1413,residual
35188,Ġitching,0.1316,residual
35206,ĠNegro,0.1115,residual
35222,ĠPanda,0.1163,residual
35235,Ġelectron,0.105,residual
35255,505,0.1397,residual
35266,ĠMk,0.1318,residual
35291,ĠDign,0.1402,residual
35307,ĠComes,0.1394,residual
35327,ĠVs,0.0941,residual
35342,ĠJihad,0.1432,residual
35370,Ġleth,0.1382,residual
35383,ĠAvalon,0.135,residual
35394,Ġpend,0.0825,residual
35414,479,0.1436,residual
35428,ĠChao,0.1444,residual
35444,Ġsmoot,0.1146,residual
35461,ĠAds,0.1363,residual
35480,Ġmarkings,0.1384,residual
35494,ĠSieg,0.1352,residual
35509,ĠLEGO,0.1262,residual
35522,ĠMembership,0.1492,residual
35537,502,0.1406,residual
35556,398,0.1485,residual
35567,Ġunmist,0.1353,residual
35587,Tri,0.0989,residual
35598,ĠTurtle,0.1033,residual
35611,Ġ403,0.1413,residual
35629,406,0.1431,residual
35647,ĠFalling,0.1447,residual
35667,Ġstreaks,0.1369,residual
35676,ĠMaul,0.1344,residual
35690,ĠTF,0.0573,residual
35718,Ġunquestion,0.1325,residual
35733,ĠGotham,0.1105,residual
35744,inth,0.1345,residual
35756,Ġbellig,0.1417,residual
35776,Alpha,0.1294,residual
35786,Ġjerk,0.1002,residual
35798,ĠAttention,0.1442,residual
35818,Ġsupplementary,0.1139,residual
35836,ĠBlaze,0.1282,residual
35860,ilan,0.1458,residual
35876,Ġstricken,0.1422,residual
35894,ĠBullet,0.1016,residual
35911,Ġvibration,0.1184,residual
35927,ĠRemy,0.1241,residual
35946,Ġcrow,0.0829,residual
35961,Ġenlarged,0.1098,residual
35973,ĠLei,0.141,residual
35985,Front,0.1179,residual
36005,Ġprimitive,0.1097,residual
36020,Ġhemorrh,0.1389,residual
36031,Ġinclination,0.125,residual
36048,enos,0.1361,residual
36064,correct,0.1417,residual
36077,ĠGiul,0.1474,residual
36090,Security,0.1367,residual
36101,606,0.1234,residual
36114,Ġincendiary,0.141,residual
36134,Girl,0.1476,residual
36155,ĠFoo,0.1355,residual
36173,Ġmatrix,0.0841,residual
36185,:-,0.1072,residual
36204,ĠCamel,0.1248,residual
36223,Ġ264,0.1453,residual
36246,448,0.1401,residual
36266,ĠProvision,0.1252,residual
36283,Band,0.1182,residual
36298,Ġgaping,0.1349,residual
36319,ĠNYT,0.1405,residual
36338,ĠNovel,0.1181,residual
36354,Ros,0.1314,residual
36376,Amb,0.1161,residual
36397,Ġtreadmill,0.1448,residual
36407,span,0.1297,residual
36419,letter,0.137,residual
36439,Ru,0.1325,residual
36453,025,0.1397,residual
36474,Ġtranqu,0.1378,residual
36492,Ġclutter,0.1182,residual
36505,Ġonward,0.1164,residual
36520,644,0.1284,residual
36538,?:,0.1319,residual
36552,ĠGenius,0.1416,residual
36569,ĠUA,0.1187,residual
36584,ĠVO,0.1019,residual
36596,Ġsneaking,0.143,residual
36610,427,0.1377,residual
36631,Ġdisappro,0.1287,residual
36642,Ġlocality,0.1428,residual
36661,Ġmailbox,0.1202,residual
36674,Ġuncont,0.1393,residual
36685,Ġunve,0.1493,residual
36705,Ġinterpre,0.123,residual
36719,Ġsynchron,0.0751,residual
36740,Ġpreserves,0.147,residual
36753,Vision,0.1345,residual
36765,Ð½,0.0628,residual
36783,ĠPs,0.0963,residual
36800,ĠXV,0.1215,residual
36823,Ġgraz,0.1482,residual
36837,enthal,0.144,residual
36855,ĠVita,0.1195,residual
36870,ĠLabel,0.1434,residual
36886,ĠCommit,0.1476,residual
36897,Ġpauses,0.1288,residual
36912,Ġlex,0.1116,residual
36924,Ġnano,0.1449,residual
36944,Ġselectively,0.1142,residual
36955,Ġfing,0.0852,residual
36974,Atlanta,0.1499,residual
36990,Ġmoderator,0.1286,residual
37012,ĠWallet,0.1454,residual
37024,Ġcalculator,0.1233,residual
37044,Fle,0.1259,residual
37062,Ġsocket,0.1407,residual
37084,ĠUE,0.1001,residual
37106,703,0.1461,residual
37125,ĠDesktop,0.1463,residual
37134,ĠHermes,0.1238,residual
37148,bug,0.1226,residual
37165,Div,0.0751,residual
37183,ĠHighly,0.1327,residual
37197,Ġinsomnia,0.1455,residual
37212,Ġinterpreting,0.1411,residual
37223,ĠCoup,0.1344,residual
37239,Ġbeginner,0.0958,residual
37262,ĠMonsters,0.1254,residual
37273,Ġpiping,0.1346,residual
37291,ĠDomain,0.1081,residual
37317,ĠRJ,0.1187,residual
37335,Ni,0.1098,residual
37345,Ġvas,0.1204,residual
37364,Ġdecoration,0.138,residual
37375,Ġcensor,0.1492,residual
37387,Ġovershadow,0.1489,residual
37402,565,0.1444,residual
37418,Ġcondu,0.1434,residual
37433,Ġborderline,0.0964,residual
37452,ĠHAM,0.1322,residual
37472,Ġcavern,0.1468,residual
37482,Ġloops,0.0889,residual
37498,Ġsoftly,0.1247,residual
37509,ĠAph,0.1392,residual
37522,ĠAmpl,0.1403,residual
37544,Ġglob,0.1001,residual
37567,ĠLOT,0.0927,residual
37589,BRE,0.1224,residual
37612,Ġsaliva,0.1452,residual
37625,ĠOttoman,0.1462,residual
37646,Ġstaggered,0.1132,residual
37664,478,0.1438,residual
37681,Ġvector,0.095,residual
37700,Ġreinforcement,0.1012,residual
37718,Ġcurl,0.1143,residual
37729,Sep,0.0788,residual
37744,Ġblogging,0.1152,residual
37771,Ġcaus,0.1173,residual
37783,ĠPatron,0.1429,residual
37799,Ġdope,0.1068,residual
37818,Seeing,0.1453,residual
37833,Ġoverpower,0.1407,residual
37860,ĠMIA,0.1196,residual
37876,ĠVelvet,0.1174,residual
37898,ĠFundamental,0.1182,residual
37909,Ġrighteous,0.1146,residual
37927,Ġmerciless,0.1462,residual
37949,ĠMarxist,0.1464,residual
37965,Ġgly,0.1139,residual
37975,ĠGideon,0.1136,residual
37990,ĠAlmighty,0.1237,residual
38003,Ġcompose,0.1253,residual
38031,Employ,0.1305,residual
38049,006,0.1439,residual
38065,Wa,0.1207,residual
38076,Private,0.1084,residual
38100,Irish,0.1391,residual
38110,Tur,0.0998,residual
38129,Ġ261,0.1214,residual
38148,ĠMelody,0.1373,residual
38171,ĠIGN,0.1137,residual
38182,Sum,0.1039,residual
38191,Cold,0.1498,residual
38208,Ġrele,0.1076,residual
38235,507,0.1311,residual
38251,Ġfract,0.111,residual
38268,Michelle,0.1479,residual
38293,Ġmistress,0.1467,residual
38314,ĠGrav,0.1131,residual
38337,Ġpresume,0.1451,residual
38364,ĠHOL,0.136,residual
38382,Ġdosage,0.1265,residual
38398,Iron,0.1154,residual
38422,Ġpaternal,0.138,residual
38444,787,0.1453,residual
38461,Franc,0.1388,residual
38474,Ġdow,0.1198,residual
38493,bars,0.1469,residual
38507,Ġcasing,0.1082,residual
38521,Ġsuppl,0.1287,residual
38530,657,0.1409,residual
38549,Ġpigeon,0.106,residual
38567,Ġamph,0.1401,residual
38581,",,",0.0992,residual
38596,Ġblah,0.0828,residual
38625,Council,0.1402,residual
38644,Commun,0.1473,residual
38667,Ġcoarse,0.1196,residual
38684,ĠRetro,0.1484,residual
38706,Ġbip,0.1481,residual
38724,ĠShang,0.1364,residual
38747,ĠNoir,0.1341,residual
38769,Ġbeet,0.1355,residual
38783,ĠTorah,0.1405,residual
38800,ĠMock,0.1483,residual
38815,RELATED,0.1032,residual
38828,815,0.1467,residual
38846,Ġsolves,0.1431,residual
38860,ĠJA,0.1355,residual
38870,ĠSwap,0.1423,residual
38901,ĠReneg,0.1449,residual
38917,.....,0.0374,residual
38933,Ġequival,0.1064,residual
38958,Ġvaliant,0.1416,residual
38984,Ġexplo,0.1261,residual
39002,Ġactivating,0.1315,residual
39018,Ġdism,0.1403,residual
39032,563,0.1481,residual
39047,Ġsprang,0.1478,residual
39074,Ġvibrations,0.1477,residual
39088,sorry,0.1468,residual
39106,ĠMSG,0.14,residual
39121,Ġgoogle,0.107,residual
39138,641,0.1467,residual
39154,ĠPlot,0.1255,residual
39178,ĠBulk,0.1286,residual
39199,Ġtransmitting,0.1413,residual
39215,Ġruth,0.1484,residual
39231,Fear,0.1453,residual
39253,Dad,0.1305,residual
39273,ĠNose,0.1462,residual
39289,ĠDresden,0.1448,residual
39300,ĠnaÃ¯ve,0.1412,residual
39316,ĠRage,0.1313,residual
39331,Georgia,0.1382,residual
39342,Ġequilibrium,0.1459,residual
39359,ĠFrequ,0.1433,residual
39380,Ġphotoc,0.123,residual
39395,Ġparaly,0.1237,residual
39408,Ġmagically,0.142,residual
39424,Ġdocking,0.1197,residual
39449,Ġinher,0.1407,residual
39482,Motor,0.1472,residual
39496,Ġtraveller,0.1462,residual
39511,Ġclone,0.0991,residual
39525,Date,0.12,residual
39543,Ġ376,0.1436,residual
39570,Ġ770,0.149,residual
39590,Ġ354,0.1417,residual
39615,Ġhandwriting,0.1378,residual
39630,Story,0.1174,residual
39641,ĠClassical,0.131,residual
39654,Ġyawn,0.1239,residual
39676,Ġseventy,0.1247,residual
39696,Ġrectangular,0.1341,residual
39712,Rex,0.1409,residual
39734,Ġoppos,0.107,residual
39750,Ġyr,0.1308,residual
39762,Self,0.0989,residual
39777,Starting,0.1144,residual
39802,Ġmanipulative,0.1392,residual
39816,Ġconstraint,0.1309,residual
39832,Ġlatt,0.1152,residual
39851,Ġdragons,0.1232,residual
39884,Ax,0.1208,residual
39898,Ġ413,0.1468,residual
39914,Dom,0.1095,residual
39940,ĠSword,0.0993,residual
39954,Search,0.1178,residual
39978,Ġprinces,0.1459,residual
39996,Ġtitan,0.1029,residual
40017,589,0.1402,residual
40039,Raw,0.1236,residual
40053,either,0.148,residual
40076,ĠResp,0.128,residual
40096,Ġspawning,0.1333,residual
40113,Normally,0.143,residual
40129,Ġretard,0.0994,residual
40153,Ġaest,0.1372,residual
40176,Ġnin,0.0793,residual
40191,Ġunmarried,0.129,residual
40213,Sand,0.1169,residual
40231,ĠDex,0.1348,residual
40255,*****,0.1324,residual
40266,Store,0.1304,residual
40295,Ox,0.1227,residual
40309,ĠLH,0.1217,residual
40338,Ġregul,0.1432,residual
40362,ĠBubble,0.1357,residual
40373,Ġpaw,0.1181,residual
40396,ĠAnnex,0.137,residual
40414,Arm,0.1481,residual
40431,ĠAster,0.1297,residual
40454,Ġsucker,0.1063,residual
40473,Ġhitherto,0.1249,residual
40498,Ġcoded,0.1126,residual
40535,Ġdirectional,0.1133,residual
40559,ĠSly,0.1188,residual
40571,boot,0.1325,residual
40598,Ġ359,0.1419,residual
40618,Ġunrem,0.1499,residual
40631,023,0.1332,residual
40648,Mich,0.1397,residual
40671,Either,0.1173,residual
40685,Ġ421,0.1485,residual
40702,ĠLets,0.138,residual
40730,Ġskulls,0.1439,residual
40760,Ġadhesive,0.122,residual
40792,Ġsender,0.1351,residual
40811,ĠPyramid,0.1335,residual
40822,links,0.1452,residual
40838,entin,0.1467,residual
40853,Ġscarcely,0.1354,residual
40870,Ġ432,0.134,residual
40902,Ġabyss,0.1197,residual
40923,Ġobe,0.1327,residual
40953,Ġparach,0.1272,residual
40973,Ġcrates,0.113,residual
40993,Ġabbrevi,0.1243,residual
41010,YES,0.1374,residual
41030,Ġimplicitly,0.1427,residual
41051,Howard,0.1478,residual
41080,ĠOath,0.1385,residual
41094,Bec,0.1245,residual
41125,Ġchests,0.1186,residual
41144,Ġultraviolet,0.1422,residual
41165,Ġ980,0.1437,residual
41178,Ġiniti,0.1018,residual
41190,ĠHik,0.1259,residual
41233,ĠForth,0.1393,residual
41253,ĠPagan,0.1358,residual
41266,Ġinstinctively,0.1437,residual
41283,Ġsmug,0.138,residual
41303,ĠFold,0.1423,residual
41317,031,0.1384,residual
41347,Ġorthodox,0.1119,residual
41367,Ġperman,0.1239,residual
41385,ĠSets,0.1262,residual
41402,Ġcontiguous,0.1358,residual
41419,Ġmutant,0.1223,residual
41437,Ġhuh,0.1182,residual
41465,Ġindign,0.1276,residual
41482,ĠShadows,0.1469,residual
41512,Ġ357,0.1301,residual
41528,Ġinco,0.1379,residual
41546,Ġpredominant,0.1377,residual
41569,Ġeuphem,0.1378,residual
41591,Ġic,0.0532,residual
41614,ĠSQL,0.1353,residual
41636,ĠRik,0.1382,residual
41663,953,0.1485,residual
41676,Mot,0.1087,residual
41698,Ġcompressor,0.1277,residual
41729,ĠWilhelm,0.1446,residual
41758,"ĠâĢ¦""",0.1346,residual
41780,Moving,0.1213,residual
41804,Ġrecept,0.0977,residual
41824,Ġexorc,0.1398,residual
41853,Ġtemporal,0.1155,residual
41870,Ġintermitt,0.1345,residual
41886,ĠUSPS,0.1456,residual
41907,é,0.1015,residual
41933,Lat,0.1335,residual
41959,Fat,0.1263,residual
41993,Ġlayouts,0.1461,residual
42013,Ġdagger,0.1429,residual
42035,ĠCorinth,0.1382,residual
42050,WATCH,0.1273,residual
42070,ĠTsu,0.1495,residual
42101,SIGN,0.1297,residual
42113,ĠTCP,0.1261,residual
42128,Ġhypers,0.1362,residual
42160,Ġwarped,0.1216,residual
42175,Ġhairy,0.1268,residual
42199,________________,0.1284,residual
42234,Ġcopyrighted,0.1428,residual
42254,Ġ??,0.103,residual
42271,Same,0.0896,residual
42292,arus,0.1498,residual
42316,Ġannihil,0.1492,residual
42339,ĠHH,0.0968,residual
42365,ĠSabb,0.1496,residual
42387,Ġwifi,0.1491,residual
42402,Ġamaz,0.1266,residual
42438,ĠNightmare,0.1457,residual
42461,eous,0.142,residual
42488,Ñĥ,0.0893,residual
42514,........,0.1094,residual
42541,Ġnumbering,0.1336,residual
42560,ĠLIC,0.1482,residual
42578,Emb,0.1274,residual
42606,Comb,0.1046,residual
42628,ĠMew,0.1299,residual
42643,Ġvul,0.1081,residual
42657,Ġpeasant,0.1279,residual
42685,Ġgamma,0.1117,residual
42700,Ġmultiplier,0.1216,residual
42719,ĠArray,0.1442,residual
42738,Ġwatt,0.1221,residual
42761,Ġadren,0.1383,residual
42779,Author,0.0932,residual
42804,ĠLDS,0.1329,residual
42831,ĠPry,0.144,residual
42863,Brew,0.1482,residual
42900,Running,0.141,residual
42925,Ġevid,0.1435,residual
42949,Original,0.1042,residual
42986,Ġcaric,0.1467,residual
43007,Ġgist,0.1463,residual
43034,Activ,0.1354,residual
43065,Ġcreeps,0.1351,residual
43091,Ġphil,0.1048,residual
43125,ĠHUGE,0.1196,residual
43159,Ġbackend,0.1406,residual
43188,Offic,0.1317,residual
43226,Gordon,0.1487,residual
43262,ĠLayer,0.1393,residual
43286,ĠDAC,0.1256,residual
43311,Ġultras,0.1391,residual
43354,Contact,0.0837,residual
43378,ĠArmor,0.1205,residual
43416,Ground,0.1258,residual
43444,ĠCRC,0.1475,residual
43467,Ġfung,0.1461,residual
43491,Ġquests,0.1284,residual
43529,Ġupd,0.1311,residual
43569,Ġairflow,0.1435,residual
43597,Cond,0.1144,residual
43640,Vi,0.1403,residual
43664,Ġwarp,0.1084,residual
43694,ĠSamurai,0.1369,residual
43725,Slow,0.136,residual
43759,Ġserpent,0.087,residual
43796,......,0.0493,residual
43813,Others,0.1256,residual
43851,Ġhypot,0.1324,residual
43875,Fif,0.1442,residual
43934,ĠGG,0.0944,residual
43980,Unit,0.1181,residual
44017,Ġsubstrate,0.0986,residual
44044,Feel,0.1138,residual
44058,ĠNode,0.1401,residual
44105,Fig,0.1,residual
44139,ĠHDD,0.1394,residual
44174,ĠNAD,0.1486,residual
44204,Ġsurviv,0.1107,residual
44241,Unknown,0.1359,residual
44259,----,0.1014,residual
44311,Consider,0.1109,residual
44357,Letter,0.144,residual
44394,Cart,0.1315,residual
44431,*),0.1392,residual
44461,Ġminions,0.1235,residual
44503,Commission,0.1373,residual
44514,Download,0.0826,residual
44580,ĠConj,0.1415,residual
44629,.......,0.1238,residual
44663,Fa,0.1404,residual
44702,Ġregress,0.1334,residual
44751,Ġepile,0.1496,residual
44766,Ġappro,0.1161,residual
44806,Shell,0.1448,residual
44840,ĠNull,0.1392,residual
44879,Event,0.1342,residual
44910,Poly,0.1388,residual
44926,"""!",0.1399,residual
44974,Sources,0.1488,residual
45003,Ġgoddamn,0.1023,residual
45038,Complete,0.0944,residual
45070,Visit,0.1003,residual
45095,Previously,0.1235,residual
45118,Adding,0.134,residual
45144,ĠReset,0.1467,residual
45165,Spr,0.1304,residual
45195,Present,0.1142,residual
45225,Written,0.1021,residual
45280,Len,0.1354,residual
45331,Comment,0.1028,residual
45390,"-""",0.0957,residual
45412,Ġdevils,0.1337,residual
45441,Ġhep,0.1458,residual
45494,Ġknights,0.1435,residual
45532,ĠSuppose,0.1285,residual
45573,Ġtransistor,0.1495,residual
45603,Links,0.1306,residual
45642,Chapter,0.1029,residual
45681,Capt,0.1334,residual
45714,Write,0.1192,residual
45776,Ġlobe,0.1302,residual
45834,Comments,0.1099,residual
45899,Member,0.1231,residual
45958,Jump,0.1432,residual
45994,Ġ==,0.131,residual
46064,Multi,0.1353,residual
46122,Î¿,0.1084,residual
46161,Ġ=>,0.1279,residual
46199,Ġhath,0.1129,residual
46247,Ġcp,0.1201,residual
46330,ĠGoku,0.143,residual
46386,][,0.1404,residual
46444,Similar,0.1248,residual
46493,Adjust,0.1445,residual
46547,Ġmonop,0.1474,residual
46604,Primary,0.1455,residual
46659,False,0.1095,residual
46710,ĠÂ±,0.1427,residual
46800,Ñĭ,0.0915,residual
46887,Excellent,0.1387,residual
46911,ĠÎ¼,0.1348,residual
46982,Continue,0.087,residual
47066,Desc,0.1145,residual
47118,Î½,0.1122,residual
47167,Load,0.1479,residual
47191,Ġiso,0.1137,residual
47251,Ġexecutable,0.1427,residual
47304,Ġretarded,0.1123,residual
47375,Ġalot,0.1209,residual
47459,ĠShaman,0.1496,residual
47526,Explore,0.1415,residual
47606,Added,0.1367,residual
47677,âĪĴ,0.1277,residual
47770,"/""",0.1318,residual
47834,Submit,0.1417,residual
47918,ãģĹ,0.106,residual
47982,ĠSummon,0.1448,residual
48052,Ġpolymorph,0.1486,residual
48103,Îº,0.1253,residual
48176,Fixed,0.1363,residual
48233,Copy,0.1478,residual
48291,Ġgp,0.1412,residual
48336,"Ġ""-",0.1417,residual
48400,Ġff,0.1304,residual
48505,[/,0.1096,residual
48570,æ°,0.1469,residual
48634,}.,0.1266,residual
48676,ãģ£,0.1265,residual
48742,"""[",0.1288,residual
48885,ãĤĤ,0.102,residual
48943,ãĥ¼ãĥ,0.149,residual
48992,[],0.1415,residual
49075,åī,0.1453,residual
49260,ãģĤ,0.1252,residual
49379,References,0.1163,residual
49561,ruciating,0.148,residual
49731,\-,0.1148,residual
49945,Ġâī¡,0.1464,residual
