token_id,token,similarity,type
1037,Ġfootball,0.1859,content
1612,Ġsports,0.5811,content
1847,ĠSports,0.5314,content
2165,Ġ___,0.1529,content
2414,Ġsport,0.3736,content
2613,Ġbasketball,0.2269,content
2926,news,0.2222,content
3336,ĠOlympic,0.1558,content
3403,Ġbaseball,0.2164,content
3910,ĠFootball,0.1833,content
4055,Ġcoaches,0.1997,content
4131,Ġathletes,0.3455,content
4191,Ġsoccer,0.2314,content
4365,ĠOlympics,0.2006,content
4599,Ġrewritten,0.1593,content
4773,Ġstadium,0.1548,content
4944,ĠESPN,0.2721,content
5006,Ġhockey,0.2446,content
5189,winning,0.1518,content
5248,ĠNCAA,0.1508,content
5413,ĠSport,0.3725,content
5630,Ġcricket,0.2381,content
5919,Ġtennis,0.2265,content
5946,daq,0.1631,content
6021,ĠCoach,0.1835,content
6111,ĠGolf,0.1513,content
6260,ĠMourinho,0.1605,content
6545,Ġgym,0.1565,content
6759,ĠFIFA,0.1589,content
6772,ĠLakers,0.168,content
6928,friendly,0.1572,content
7002,ĠDodgers,0.159,content
7604,ĠCubs,0.163,content
7609,ĠBroncos,0.1902,content
7647,ĠTournament,0.1571,content
7714,Ġathletic,0.3206,content
7771,sk,0.1585,content
7798,Ġsporting,0.3919,content
7894,Ġpreseason,0.1587,content
8213,ĠFalcons,0.1513,content
8226,Ġchampionships,0.1812,content
8303,ports,0.3155,content
8340,Ġathlete,0.3179,content
8441,ĠRacing,0.1608,content
8471,ĠHockey,0.2171,content
8552,NES,0.1555,content
8619,speed,0.1523,content
8646,Ġhomer,0.1557,content
8652,eded,0.1552,content
8662,ITY,0.1525,content
8674,shirt,0.1981,content
8687,team,0.1537,content
8754,ĠRugby,0.1958,content
8808,Ġrugby,0.2316,content
8813,school,0.2012,content
8833,pound,0.1655,content
8871,%),0.1583,content
8899,ĠAthletic,0.2314,content
8903,ĠChargers,0.1745,content
8970,ranked,0.1934,content
9114,Ġboxing,0.1801,content
9207,ĠCavaliers,0.1522,content
9409,ĠSeahawks,0.159,content
9517,ĠLeBron,0.1643,content
9523,nings,0.1668,content
9536,ĠMLB,0.1554,content
9573,ĠJuventus,0.1657,content
9576,Ġwrestling,0.1539,content
10239,ĠNike,0.1578,content
10241,driving,0.1845,content
10243,ĠBaseball,0.2218,content
10327,iors,0.1533,content
10331,Ġwinger,0.1549,content
10340,Ġmetals,0.1573,content
10424,ĠCricket,0.1999,content
10433,ĠSoccer,0.2197,content
10554,Sports,0.6215,content
10565,match,0.1519,content
10591,ĠNASCAR,0.2058,content
10828,ĠWildcats,0.1519,content
10895,Ġbaseman,0.1691,content
10902,Ġboasts,0.1605,content
10925,league,0.1731,content
10938,ĠAstros,0.1626,content
11000,si,0.1584,content
11023,ĠDurant,0.1545,content
11080,ĠMMA,0.1751,content
11107,football,0.318,content
11146,sa,0.1543,content
11517,seat,0.1643,content
11544,Ġtournaments,0.1868,content
11636,square,0.1682,content
11664,VERTISEMENT,0.2059,content
11711,Ġcolumnist,0.15,content
11727,ĠJaguars,0.1587,content
11761,ĠPrix,0.1673,content
11836,ĠKnicks,0.1521,content
11890,astics,0.2043,content
12048,NFL,0.227,content
12100,Ġmotorists,0.1517,content
12119,Ġbikes,0.1584,content
12127,rict,0.1551,content
12141,Ġhomers,0.1855,content
12154,ORT,0.1568,content
12163,fighters,0.1552,content
12295,wife,0.15,content
12391,ĠAdvertising,0.1694,content
12393,Ġcompeted,0.1666,content
12476,rug,0.1526,content
12531,Ġcoached,0.1844,content
12542,ĠKaepernick,0.1753,content
12600,ĠIslamabad,0.1522,content
12610,ĠBasketball,0.2337,content
12794,ĠBengals,0.1607,content
12876,Ġdisorders,0.1742,content
12917,STON,0.1733,content
12931,ĠLeafs,0.1828,content
12994,ĠRedskins,0.1729,content
13017,onductor,0.1667,content
13060,ĠREPORT,0.1736,content
13092,sim,0.1695,content
13107,ĠMarlins,0.1901,content
13147,ĠReserved,0.196,content
13183,ributes,0.178,content
13315,iable,0.1526,content
13376,ĠBraves,0.173,content
13429,ĠAthletics,0.256,content
13472,uties,0.1722,content
13592,ĠTrafford,0.1768,content
13669,arsity,0.2218,content
13754,ĠOilers,0.1622,content
13798,Ġhinted,0.1534,content
13800,ĠBahrain,0.1527,content
13828,ski,0.2452,content
13846,ĠGym,0.1778,content
13952,ennial,0.1687,content
14028,ĠRecreation,0.2029,content
14220,""":{""",0.1749,content
14281,Ġbeverages,0.1803,content
14303,Ġskating,0.1688,content
14304,Ġpetroleum,0.1586,content
14406,video,0.1558,content
14408,ĠBoxing,0.1598,content
14427,ĠCavs,0.1684,content
14468,gars,0.1631,content
14545,Ġvolleyball,0.2535,content
14572,ĠOrioles,0.1855,content
14609,azer,0.1539,content
14626,ĠMayweather,0.1857,content
14671,aily,0.1561,content
14715,Ġinjuring,0.1821,content
14731,ĠTennis,0.2498,content
14832,san,0.1669,content
14884,rish,0.1526,content
14890,ĠPhillies,0.183,content
14993,ĠOlymp,0.1563,content
15047,ords,0.1524,content
15082,ĠUEFA,0.1747,content
15091,ĠPorsche,0.1612,content
15268,Ġcollided,0.1534,content
15317,atham,0.1616,content
15322,athan,0.153,content
15564,scoring,0.1939,content
15596,istrates,0.2053,content
15624,Ġassaults,0.1516,content
15779,ADA,0.1703,content
15782,chard,0.1553,content
15805,ĠParenthood,0.1769,content
15841,general,0.156,content
15859,ĠSochi,0.1831,content
15917,ooter,0.1609,content
15928,ĠAdjusted,0.1719,content
15951,ĠStamford,0.1516,content
16014,arding,0.1524,content
16015,Ġathletics,0.3774,content
16032,sponsored,0.1844,content
16088,PF,0.1564,content
16127,frey,0.1635,content
16146,eka,0.1511,content
16147,ĠIOC,0.1765,content
16166,linked,0.1504,content
16174,Ġexplosives,0.151,content
16178,NBA,0.2247,content
16223,overed,0.1559,content
16243,bleacher,0.2117,content
16246,Ġgymn,0.1898,content
16284,shirts,0.211,content
16297,Ġfielder,0.1506,content
16303,ockey,0.2116,content
16328,Ġbeers,0.153,content
16337,lessness,0.1527,content
16345,ĠRosenstein,0.1795,content
16346,nick,0.1523,content
16349,elled,0.1565,content
16378,casters,0.2023,content
16408,sburg,0.2272,content
16434,aders,0.1511,content
16485,Ġdoping,0.2219,content
16512,ĠSporting,0.2993,content
16516,Ġfishermen,0.1578,content
16537,runner,0.1746,content
16552,reb,0.1549,content
16593,dh,0.1662,content
16624,daily,0.2013,content
16640,Ġcancers,0.1659,content
16791,Cola,0.1822,content
16794,ĠHighlights,0.1564,content
16834,afi,0.1754,content
16849,ctions,0.1503,content
16873,oji,0.1578,content
16885,erers,0.1915,content
16917,angs,0.1687,content
16936,riv,0.1549,content
16941,workers,0.1846,content
16949,Ġderby,0.1542,content
16967,Benz,0.1757,content
17011,ĠTVs,0.1514,content
17059,Ġbikini,0.1552,content
17098,Ġseafood,0.1665,content
17113,mys,0.1616,content
17130,onies,0.1676,content
17131,ĠBelichick,0.1943,content
17155,Ġoutskirts,0.1585,content
17166,itational,0.1788,content
17197,icians,0.1652,content
17226,wives,0.1608,content
17262,isbury,0.1668,content
17270,Ġskiing,0.2076,content
17308,continental,0.18,content
17328,worthy,0.1628,content
17363,Ġcommuters,0.1504,content
17366,lied,0.1819,content
17368,ĠDozens,0.1722,content
17372,ĠPacers,0.1612,content
17376,sided,0.1705,content
17446,quire,0.1568,content
17463,ĠAth,0.1613,content
17481,song,0.1892,content
17541,ĠWrestling,0.2206,content
17572,ĠBundesliga,0.1642,content
17596,Ġspectators,0.16,content
17608,League,0.1921,content
17636,ĠScouts,0.1708,content
17642,ĠSnapdragon,0.1636,content
17718,flows,0.1858,content
17763,ĠPaddock,0.167,content
17764,Ġworkouts,0.1815,content
17792,Ġproteins,0.1569,content
17827,photo,0.1669,content
17855,veh,0.1868,content
17865,rg,0.1538,content
17903,immers,0.1788,content
17921,birds,0.1538,content
17937,Ġoutfielder,0.158,content
17945,LEY,0.151,content
17946,ideshow,0.1769,content
18003,ĠGaming,0.1802,content
18021,Ġdeport,0.2287,content
18032,ĠAdmission,0.1697,content
18086,shaw,0.1559,content
18104,istrate,0.1727,content
18169,fake,0.2001,content
18191,ĠBlazers,0.1797,content
18216,mons,0.1673,content
18267,ATH,0.181,content
18290,ĠPistons,0.1703,content
18311,porting,0.2695,content
18338,ourke,0.1983,content
18453,ĠPLAY,0.1551,content
18457,ĠWrestle,0.1573,content
18476,ĠAnfield,0.1693,content
18584,marked,0.1609,content
18604,zhou,0.1597,content
18637,Ġtrophies,0.1533,content
18639,Ġboast,0.1589,content
18708,sky,0.1887,content
18711,rates,0.1624,content
18712,laws,0.1773,content
18715,rics,0.1597,content
18875,ĠBlackhawks,0.1734,content
18925,ĠMinutes,0.1674,content
18959,ĠKuala,0.1797,content
18961,ĠFitness,0.2103,content
18971,Ġsneakers,0.1884,content
19011,ĠCanucks,0.1651,content
19069,Ġderivatives,0.1607,content
19138,ifted,0.1569,content
19170,acts,0.16,content
19172,utive,0.1547,content
19228,ordon,0.1708,content
19294,Ġcyclists,0.1802,content
19367,Ġrockets,0.1509,content
19380,ĠOsaka,0.1502,content
19412,Ġcongratulated,0.1677,content
19423,special,0.1681,content
19447,ighth,0.1599,content
19451,Sport,0.4299,content
19532,Ġplastics,0.1903,content
19605,angled,0.157,content
19612,uddin,0.1575,content
19651,"?'""",0.1684,content
19688,Ġoffensively,0.1528,content
19701,Ġminerals,0.1618,content
19837,Ġherds,0.1524,content
19844,rosse,0.2212,content
19861,ĠShinzo,0.1945,content
19865,existing,0.1701,content
19876,LLOW,0.1566,content
19885,ĠAdviser,0.1631,content
19891,ĠAdidas,0.2334,content
19893,Ġalleviate,0.151,content
19898,baum,0.1607,content
19921,Ġboxer,0.1564,content
19931,Ġfootballer,0.2166,content
19979,Ġmotors,0.17,content
19996,LV,0.1531,content
20010,Ġlamented,0.1608,content
20038,Ġgases,0.1673,content
20117,ingham,0.1633,content
20157,issy,0.1563,content
20185,Ġsmiled,0.1543,content
20206,athi,0.1659,content
20226,dogs,0.1925,content
20275,PORT,0.1713,content
20289,Ġinsects,0.1638,content
20312,Ġviolates,0.1527,content
20353,Ġcasinos,0.151,content
20394,sis,0.1587,content
20412,online,0.1596,content
20417,branded,0.1774,content
20459,CTV,0.1819,content
20474,gard,0.1632,content
20503,ĠSubmit,0.1775,content
20547,winner,0.1674,content
20564,ampa,0.1593,content
20594,ĠYoga,0.1687,content
20612,thouse,0.1758,content
20638,ĠGoals,0.1668,content
20647,atha,0.1513,content
20660,Ġgamers,0.183,content
20711,Ġteased,0.1597,content
20754,usat,0.2003,content
20756,chuk,0.1623,content
20784,Ġcongratulate,0.153,content
20786,ĠCoyotes,0.1633,content
20815,rb,0.1571,content
20833,roup,0.1604,content
20841,Ġsidewalks,0.1646,content
20892,Asia,0.1668,content
20974,bike,0.2062,content
20991,Mania,0.1882,content
21078,Ġboasted,0.1936,content
21079,ĠBrees,0.1759,content
21088,Ġoutfield,0.1605,content
21108,ortun,0.1674,content
21112,Ġtyres,0.1558,content
21143,ĠCena,0.1699,content
21171,riot,0.1595,content
21173,Ġclubhouse,0.1515,content
21175,ĠSki,0.1738,content
21200,ĠSixers,0.1595,content
21203,ĠCrimes,0.1938,content
21207,smith,0.1601,content
21272,ishers,0.1821,content
21354,Ġwounding,0.1617,content
21359,esp,0.1513,content
21371,ĠLikewise,0.1724,content
21539,Ġapprehended,0.1565,content
21542,ĠOutdoor,0.1887,content
21613,ĠRouse,0.1744,content
21648,waters,0.1742,content
21659,Ġsewage,0.1546,content
21693,weather,0.2062,content
21717,Ġviruses,0.1523,content
21730,Ġrink,0.1532,content
21840,ĠMoines,0.1957,content
21851,agle,0.1738,content
21858,club,0.16,content
21973,raising,0.1685,content
21982,ĠWinning,0.15,content
21983,ĠSaban,0.1533,content
21995,ĠSabres,0.1858,content
22066,eely,0.1731,content
22083,ĠHarbaugh,0.1918,content
22129,ifty,0.1596,content
22165,utan,0.1507,content
22166,athlon,0.2573,content
22192,endez,0.1762,content
22204,ĠSPORTS,0.5359,content
22257,itating,0.1512,content
22270,scenes,0.2115,content
22274,Ġnarcotics,0.1548,content
22289,anco,0.1578,content
22387,ĠSwim,0.1846,content
22413,Ġyacht,0.1595,content
22470,gren,0.1536,content
22476,asers,0.1557,content
22510,ĠMartial,0.1684,content
22527,etts,0.1682,content
22529,lifting,0.1856,content
22536,Ġinsults,0.1664,content
22570,ERY,0.1791,content
22572,BALL,0.1953,content
22573,Ġballet,0.1684,content
22599,Ġ570,0.1591,content
22606,ĠDepending,0.152,content
22617,sn,0.151,content
22651,runners,0.193,content
22708,ĠInstructions,0.1526,content
22723,ĠWinners,0.1685,content
22728,ĠLansing,0.1526,content
22755,Ġstadiums,0.2303,content
22760,series,0.2084,content
22764,itled,0.1582,content
22799,shop,0.1614,content
22815,ourage,0.1675,content
22854,conn,0.1701,content
22857,asley,0.173,content
22881,RAL,0.1616,content
22906,hawks,0.1978,content
22909,ussions,0.2009,content
22914,smart,0.1878,content
22923,ooters,0.1989,content
22927,Ġpageant,0.172,content
22945,arers,0.1852,content
22972,ĠHai,0.1515,content
23004,adden,0.1708,content
23022,important,0.1545,content
23070,ĠBike,0.1501,content
23082,uds,0.1516,content
23109,Ġjerseys,0.1957,content
23115,small,0.1564,content
23167,ride,0.1536,content
23186,aquin,0.1878,content
23217,ĠPhelps,0.154,content
23231,earned,0.1882,content
23233,player,0.1562,content
23264,ĠMadden,0.1506,content
23267,sports,1.0,content
23304,ĠParking,0.1587,content
23331,Ġwrestler,0.1847,content
23388,Ġscoreboard,0.1554,content
23406,ront,0.1597,content
23409,Ġgenres,0.1824,content
23419,ĠBonds,0.1534,content
23428,sit,0.1893,content
23433,lund,0.1653,content
23507,ĠParaly,0.1599,content
23512,rowing,0.1692,content
23516,mAh,0.2021,content
23591,Angelo,0.1874,content
23600,Ġvomiting,0.1586,content
23605,poll,0.1775,content
23622,Ġdietary,0.1553,content
23656,avid,0.1531,content
23760,loving,0.1778,content
23761,lus,0.1702,content
23793,hler,0.1579,content
23811,Ġreferees,0.1615,content
23838,assi,0.1567,content
23846,patient,0.1518,content
23878,professional,0.2085,content
23890,reditation,0.2201,content
23896,ominated,0.1796,content
23959,marks,0.1797,content
23967,ĠRiders,0.1535,content
23968,Ġovercoming,0.1509,content
23985,Ġ--------------------------------,0.1892,content
23987,ĠBorders,0.1599,content
23988,ickey,0.1618,content
24024,arez,0.1573,content
24036,ĠRunner,0.1659,content
24059,Ġpostpone,0.1561,content
24103,isans,0.1655,content
24118,identally,0.1706,content
24129,ĠCFL,0.1501,content
24139,donald,0.1825,content
24163,ĠArtists,0.1591,content
24167,basketball,0.353,content
24170,beh,0.1719,content
24192,rays,0.1862,content
24214,ricks,0.1597,content
24220,edia,0.1529,content
24239,onomous,0.1819,content
24250,ĠGoodell,0.2174,content
24252,ĠTwelve,0.1514,content
24263,adoes,0.1747,content
24301,sid,0.2082,content
24336,cool,0.1518,content
24350,urban,0.1513,content
24352,Ġretweet,0.1511,content
24354,cially,0.1653,content
24374,aston,0.1789,content
24396,Ġrailways,0.1578,content
24411,Ġimpunity,0.15,content
24460,Ġsuspicions,0.1728,content
24464,"'""",0.1509,content
24484,ĠMoments,0.1522,content
24517,urable,0.1629,content
24519,ILY,0.169,content
24531,ĠLies,0.1597,content
24533,oyal,0.1866,content
24542,ĠRuk,0.1523,content
24561,Atlantic,0.184,content
24641,tun,0.1601,content
24664,Ġreligions,0.1817,content
24683,Ġscouts,0.1633,content
24700,atches,0.1616,content
24702,Ġcyclist,0.1905,content
24736,rera,0.1592,content
24764,Ġboasting,0.1613,content
24772,cki,0.1504,content
24786,rible,0.1619,content
24798,Ġbroadcasts,0.1519,content
24806,isons,0.1614,content
24817,ĠLastly,0.2039,content
24845,eared,0.1655,content
24879,atri,0.1577,content
24881,OTA,0.1639,content
24907,Ġfullback,0.1578,content
24918,OTOS,0.2142,content
24953,ĠCongratulations,0.171,content
24964,eport,0.2024,content
24978,ĠGators,0.175,content
24992,"'.""",0.1561,content
25002,pired,0.1505,content
25032,ographical,0.1685,content
25061,ĠPARK,0.1719,content
25064,purpose,0.1878,content
25078,Ġwrestlers,0.1964,content
25096,ĠShooting,0.1606,content
25106,Ġbroadcasters,0.1565,content
25120,scription,0.1937,content
25125,ĠBrewery,0.1677,content
25140,ĠFisheries,0.1876,content
25142,includes,0.1891,content
25166,Series,0.1557,content
25173,Ġfisheries,0.2078,content
25211,Ġathleticism,0.2834,content
25219,esville,0.1987,content
25225,ĠKnowing,0.1505,content
25254,mobile,0.1604,content
25258,forced,0.1874,content
25264,abilities,0.1845,content
25278,urger,0.1827,content
25303,casts,0.1856,content
25343,onds,0.159,content
25350,adjusted,0.1678,content
25357,atro,0.1602,content
25446,houn,0.1588,content
25462,Ġsuspending,0.1558,content
25471,NJ,0.1823,content
25526,Ġspecializing,0.1509,content
25554,ichael,0.1857,content
25557,gary,0.1565,content
25561,eddy,0.1714,content
25566,torn,0.2166,content
25576,Ġbotched,0.1601,content
25590,edin,0.1527,content
25596,ĠIllustrated,0.1745,content
25729,auna,0.1649,content
25747,Ġinjections,0.155,content
25773,letes,0.1827,content
25793,efe,0.1597,content
25861,ORTS,0.251,content
25881,ĠRican,0.1525,content
25894,HF,0.1581,content
25898,eree,0.1762,content
25912,ATA,0.1616,content
25939,HOU,0.1531,content
25958,ggy,0.1645,content
26007,agles,0.2153,content
26030,aunting,0.1642,content
26041,worthiness,0.2048,content
26048,Miami,0.157,content
26078,Ġannexation,0.164,content
26092,icable,0.1744,content
26189,ĠShowtime,0.152,content
26201,umbnail,0.1972,content
26202,atorial,0.1668,content
26237,ĠGraphic,0.1542,content
26239,sil,0.1821,content
26285,Ġâĸł,0.1896,content
26286,shoot,0.1931,content
26325,angling,0.1927,content
26341,ĠScores,0.1912,content
26358,itivity,0.1793,content
26359,ĠExhibition,0.1548,content
26366,atts,0.1644,content
26416,Ġkneeling,0.1606,content
26476,ĠActivities,0.1707,content
26478,bots,0.1656,content
26484,guards,0.1781,content
26492,rained,0.1618,content
26494,aments,0.173,content
26587,arted,0.1654,content
26603,Ohio,0.1546,content
26609,icol,0.1638,content
26627,Ġmeats,0.1513,content
26632,Pont,0.1923,content
26642,ouf,0.1558,content
26671,cade,0.172,content
26707,eve,0.1536,content
26755,erald,0.1949,content
26812,dn,0.1681,content
26867,packs,0.1894,content
26931,FOX,0.151,content
26988,WOOD,0.1746,content
27044,353,0.1519,content
27061,ĠPersons,0.174,content
27075,aer,0.1729,content
27077,Christian,0.1515,content
27086,amara,0.1535,content
27131,iard,0.1598,content
27177,PRESS,0.1556,content
27203,_____,0.1613,content
27205,athed,0.1867,content
27208,Ġbicycles,0.1695,content
27210,ifestyle,0.2028,content
27272,meyer,0.1741,content
27292,eln,0.1632,content
27320,Ġlandsl,0.1504,content
27328,wig,0.1552,content
27348,Ġdermat,0.1523,content
27350,idental,0.1565,content
27354,Ġ207,0.1618,content
27355,lass,0.1502,content
27359,NEWS,0.1599,content
27379,agues,0.1886,content
27417,ĠAthlet,0.3181,content
27440,rir,0.1667,content
27488,Ġintolerance,0.1737,content
27529,ĠClubs,0.1787,content
27531,Ġshrugged,0.1564,content
27550,imil,0.1634,content
27568,ĠMovies,0.173,content
27569,tops,0.1711,content
27597,ĠTEAM,0.179,content
27652,Ġinternship,0.1689,content
27667,ĠMubarak,0.1635,content
27670,actory,0.1743,content
27673,Ġwaive,0.1509,content
27684,woods,0.176,content
27688,unct,0.1576,content
27692,Saharan,0.2104,content
27708,ĠReligious,0.1506,content
27713,dain,0.1954,content
27724,Ġheadlined,0.1625,content
27725,Chelsea,0.168,content
27765,348,0.1681,content
27781,adiq,0.1754,content
27790,christ,0.1729,content
27840,spot,0.1771,content
27851,ĠPrediction,0.1914,content
27909,icent,0.1586,content
27925,ĠUNITED,0.1572,content
27926,ĠFighter,0.1524,content
27937,Ġexhib,0.1514,content
27978,rival,0.1814,content
27980,kson,0.1576,content
27996,223,0.1516,content
28011,Ġpossesses,0.1565,content
28016,Ġvocational,0.1733,content
28018,ĠComics,0.1547,content
28023,services,0.2477,content
28045,sd,0.1745,content
28060,ĠSitting,0.1564,content
28071,adier,0.1589,content
28086,ĠSurely,0.1568,content
28095,pher,0.1666,content
28153,Ġbuzzing,0.1578,content
28177,Ġvacations,0.1591,content
28186,arger,0.1631,content
28188,Sales,0.1694,content
28189,annel,0.1595,content
28192,Ġrevoke,0.1562,content
28206,Football,0.2934,content
28212,ĠFishing,0.1669,content
28268,Ġcultivate,0.1663,content
28308,sed,0.1894,content
28325,Ġ204,0.1533,content
28343,Coach,0.2589,content
28345,ĠWheels,0.1864,content
28375,oddy,0.1526,content
28390,289,0.1615,content
28444,Islamic,0.1909,content
28448,Qaida,0.1933,content
28553,"Ġ""âĢ¦",0.1606,content
28613,said,0.1797,content
28614,ĠConditions,0.1675,content
28626,seekers,0.2072,content
28633,essel,0.1626,content
28638,brother,0.1706,content
28656,esan,0.1612,content
28692,sie,0.1977,content
28709,umni,0.1894,content
28779,patrick,0.1813,content
28782,Ġracer,0.1795,content
28783,Ġfisherman,0.1524,content
28800,ĠAsians,0.1625,content
28818,Ġtouting,0.1966,content
28826,bett,0.1914,content
28828,ennis,0.2124,content
28838,osures,0.1989,content
28841,Ġparamilitary,0.1592,content
28846,Ġsenseless,0.1548,content
28854,279,0.1714,content
28904,deg,0.1766,content
28926,respected,0.1956,content
28929,actions,0.1684,content
28937,ooks,0.156,content
28949,reys,0.1616,content
28955,Ġ1934,0.1676,content
28971,Ġegregious,0.1508,content
28982,ĠFiber,0.152,content
28994,Ġexcise,0.1635,content
29005,ozy,0.1596,content
29014,ĠDeadpool,0.1538,content
29023,184,0.15,content
29060,ĠGAME,0.1794,content
29073,Ġhabitats,0.1655,content
29105,posing,0.1597,content
29115,Ġroared,0.1657,content
29123,umbs,0.1504,content
29129,ĠAccordingly,0.1568,content
29173,ĠAlley,0.1544,content
29253,Ġassailants,0.1701,content
29286,antle,0.1804,content
29313,ELY,0.1522,content
29328,signed,0.1906,content
29339,ĠWhilst,0.1664,content
29349,rush,0.1567,content
29411,1990,0.167,content
29413,Students,0.1625,content
29415,gyn,0.1826,content
29421,icts,0.1778,content
29423,ĠFighters,0.1651,content
29481,ĠItalians,0.1554,content
29519,ogged,0.1567,content
29522,acci,0.1739,content
29525,lict,0.1569,content
29528,guy,0.1709,content
29531,ipel,0.1757,content
29534,Ġ315,0.1507,content
29564,Ġsharper,0.1515,content
29590,ieties,0.1656,content
29608,ĠEnded,0.1805,content
29624,borgh,0.1784,content
29636,AMES,0.1683,content
29674,WI,0.1512,content
29683,balanced,0.1856,content
29688,ationally,0.1667,content
29704,esteem,0.2081,content
29712,ĠDonetsk,0.1588,content
29742,ordan,0.1614,content
29791,Ġpollutants,0.2103,content
29794,355,0.1514,content
29840,Weather,0.1873,content
29842,Ġsweets,0.1576,content
29866,ractions,0.2089,content
29876,ocations,0.1726,content
29896,Ġreservoirs,0.1758,content
29898,rf,0.1587,content
29920,LB,0.155,content
29954,okingly,0.1833,content
29962,agus,0.1583,content
29969,263,0.1579,content
29971,Soc,0.1553,content
29979,rieved,0.1874,content
30029,Ġoutpatient,0.1544,content
30031,UNE,0.1653,content
30071,heid,0.1605,content
30091,Ġheinous,0.1748,content
30095,amental,0.1755,content
30116,ambling,0.1675,content
30119,QB,0.1872,content
30122,Ġperpetrated,0.1736,content
30124,Fit,0.1555,content
30125,Ġsilenced,0.1519,content
30134,ooked,0.1657,content
30141,urst,0.1507,content
30151,âĿ,0.1607,content
30167,ateurs,0.1736,content
30181,lighting,0.1668,content
30184,ĠSpiel,0.1973,content
30217,heastern,0.1759,content
30239,Ġepilepsy,0.1622,content
30267,acons,0.1581,content
30307,Ġdraped,0.1698,content
30313,Ġhoops,0.1828,content
30340,orical,0.1803,content
30357,Ġforearm,0.1508,content
30369,opoly,0.1794,content
30378,ĠCARD,0.1615,content
30429,piring,0.1608,content
30450,ĠExercise,0.1958,content
30458,fledged,0.182,content
30460,lves,0.1989,content
30485,uese,0.1695,content
30514,pelled,0.1577,content
30520,formerly,0.1634,content
30531,izzy,0.1714,content
30534,pour,0.1575,content
30553,ĠColleges,0.16,content
30658,mins,0.1572,content
30706,ĠClasses,0.1557,content
30717,fman,0.1746,content
30721,Ġexpel,0.1576,content
30729,udos,0.1645,content
30758,Ġbehaved,0.1601,content
30785,Ġlabou,0.1536,content
30813,Ġhurled,0.1626,content
30815,nered,0.1705,content
30832,juries,0.1945,content
30851,ĠPeaks,0.1616,content
30854,anity,0.1742,content
30871,Ġprescribe,0.1559,content
30910,Ġvetoed,0.161,content
30919,squ,0.1798,content
30955,mens,0.1828,content
30963,blocks,0.1582,content
30983,Ġponds,0.1686,content
31004,Brazil,0.1679,content
31012,abeth,0.1692,content
31016,Ġsimulations,0.1575,content
31020,itizen,0.1892,content
31047,Ġforfeit,0.1637,content
31084,pects,0.1634,content
31092,Ġaquatic,0.1792,content
31096,Ġrosters,0.1524,content
31114,ĠReturning,0.1523,content
31134,Ġtweaked,0.1623,content
31137,irted,0.1819,content
31158,Ġstunts,0.1653,content
31175,---------------,0.2058,content
31181,630,0.1511,content
31193,ðŁĳ,0.1511,content
31209,ophobic,0.1526,content
31225,Ġspinach,0.163,content
31229,Cs,0.1534,content
31240,bench,0.1538,content
31249,icably,0.1851,content
31253,ESPN,0.3311,content
31255,ĠGTX,0.1607,content
31258,assault,0.2015,content
31269,latable,0.1974,content
31270,ĠOrth,0.155,content
31284,Ġpersists,0.1586,content
31292,Ġabusers,0.1549,content
31303,Israeli,0.1896,content
31336,male,0.1744,content
31340,ported,0.2037,content
31343,Ġinflict,0.1625,content
31360,aths,0.2107,content
31369,Ġpastors,0.1589,content
31372,female,0.23,content
31404,ships,0.1651,content
31434,lymp,0.238,content
31438,alties,0.1751,content
31451,Ġmishand,0.1554,content
31453,existent,0.187,content
31472,Ġviewership,0.1744,content
31484,Ġslurs,0.1578,content
31493,urga,0.1728,content
31502,MU,0.1566,content
31510,Ġmedd,0.1531,content
31521,ĠAlas,0.1625,content
31531,Ġalluded,0.1728,content
31578,XY,0.1691,content
31587,fox,0.1566,content
31598,Ġsteroids,0.1695,content
31604,aryn,0.1656,content
31618,doors,0.1905,content
31661,Arsenal,0.1904,content
31664,sac,0.1997,content
31668,NV,0.1516,content
31673,score,0.1915,content
31688,idences,0.1954,content
31705,ASON,0.1754,content
31710,ĠRasmussen,0.1553,content
31732,istar,0.1677,content
31756,rugged,0.1825,content
31785,yah,0.1512,content
31812,UV,0.1579,content
31821,iates,0.1856,content
31828,cele,0.1827,content
31831,ostic,0.1638,content
31865,aband,0.1731,content
31872,ĠBroadcast,0.1731,content
31878,ansky,0.1633,content
31884,Ġesports,0.3008,content
31898,ebra,0.1722,content
31912,zeb,0.174,content
31958,ĠHeb,0.1543,content
31959,APS,0.1634,content
31965,idated,0.1822,content
31982,venge,0.1602,content
32015,Ġprofessions,0.1552,content
32022,eeds,0.1813,content
32036,680,0.1547,content
32047,acceptable,0.1888,content
32065,Ġveggies,0.1506,content
32075,Ġannouncer,0.1572,content
32090,idation,0.1654,content
32096,fighter,0.1752,content
32115,ĠFifa,0.2077,content
32121,roller,0.1894,content
32133,ĠSCHOOL,0.2147,content
32146,ĠModels,0.1553,content
32151,Ġoverth,0.1608,content
32155,raining,0.1774,content
32180,Kids,0.1544,content
32188,cular,0.1594,content
32200,ĠComed,0.175,content
32212,ĠColumn,0.1552,content
32218,meal,0.1521,content
32261,ERC,0.1676,content
32268,angler,0.2031,content
32280,ĠRiding,0.1563,content
32288,HY,0.1595,content
32300,religious,0.2172,content
32332,ĠInjury,0.1747,content
32340,redibly,0.1577,content
32345,roit,0.1641,content
32460,soc,0.2437,content
32498,387,0.1559,content
32505,ĠForensic,0.1688,content
32562,roman,0.1612,content
32588,sweet,0.1948,content
32597,drop,0.1575,content
32613,Ġ345,0.1567,content
32643,oct,0.1547,content
32650,ĠWorse,0.1795,content
32658,susp,0.2255,content
32681,ĠØ§ÙĦ,0.1546,content
32704,posed,0.1643,content
32705,shots,0.1807,content
32733,apps,0.1787,content
32736,ĠOverwatch,0.1628,content
32740,ctive,0.1686,content
32745,Ġspectator,0.1667,content
32750,aroo,0.1769,content
32764,sight,0.1845,content
32781,asons,0.1584,content
32841,bishop,0.1828,content
32842,Ġperched,0.1797,content
32865,rack,0.1521,content
32866,STER,0.1726,content
32871,Ġcardio,0.1616,content
32874,yahoo,0.1866,content
32885,achable,0.1847,content
32894,orthy,0.1786,content
32904,idays,0.2089,content
32914,lated,0.191,content
32949,ischer,0.1649,content
32951,Ġsuperiority,0.156,content
32959,gam,0.1538,content
32961,metal,0.1845,content
32968,Ġ425,0.1581,content
32974,spons,0.2133,content
32976,570,0.1508,content
32981,pain,0.1624,content
33001,ampion,0.193,content
33004,umper,0.1548,content
33024,ISTER,0.168,content
33064,rets,0.1513,content
33075,646,0.1508,content
33094,anges,0.1516,content
33104,ĠPets,0.168,content
33118,UFC,0.2173,content
33123,orough,0.1627,content
33125,ĠAgric,0.2103,content
33135,Ġhikers,0.1808,content
33157,raper,0.1815,content
33210,iyah,0.1588,content
33233,ĠMcAuliffe,0.1646,content
33253,Ġ610,0.1645,content
33258,surprisingly,0.1973,content
33263,Aid,0.1693,content
33272,birth,0.1677,content
33276,eways,0.1769,content
33305,aternal,0.1851,content
33306,uchs,0.1948,content
33308,ĠTransmission,0.1532,content
33317,zinski,0.1703,content
33322,Ġarenas,0.1606,content
33326,teenth,0.1523,content
33338,Ġpersecuted,0.1721,content
33348,ĠAluminum,0.1813,content
33358,olicited,0.1968,content
33388,istant,0.1637,content
33395,agog,0.1769,content
33404,Ġesche,0.1649,content
33421,ileged,0.1931,content
33449,obl,0.1543,content
33495,Ġmasculinity,0.1858,content
33516,ĠLaos,0.1686,content
33550,awks,0.1915,content
33575,ĠCLASS,0.1543,content
33588,377,0.1597,content
33590,ĠVide,0.1542,content
33593,plays,0.1921,content
33609,pants,0.1646,content
33636,690,0.1537,content
33658,Ġexacerbate,0.1834,content
33673,ĠActivision,0.177,content
33684,racial,0.2041,content
33722,Girls,0.1661,content
33768,tn,0.1655,content
33774,aunts,0.1646,content
33783,020,0.1539,content
33790,ĠTorn,0.1609,content
33795,Ġamphib,0.1551,content
33806,server,0.1876,content
33878,ĠMotorsport,0.2147,content
33902,ĠSalad,0.1655,content
33903,odiac,0.1911,content
33909,itness,0.1852,content
33916,ĠHoms,0.1811,content
33933,590,0.1717,content
33969,Ġbullies,0.1743,content
33986,skin,0.2258,content
33999,Ġjournalistic,0.1823,content
34015,boats,0.1997,content
34032,bass,0.1935,content
34033,nice,0.1643,content
34044,porate,0.1863,content
34049,Ġpulmonary,0.168,content
34051,ĠManziel,0.2051,content
34061,Ġreconnaissance,0.1555,content
34069,spr,0.2086,content
34080,ĠJACK,0.1598,content
34089,heartedly,0.152,content
34092,melon,0.1597,content
34104,bodied,0.1893,content
34121,rophic,0.179,content
34151,ĠRankings,0.2028,content
34160,sung,0.2171,content
34164,Base,0.1765,content
34181,ivals,0.21,content
34189,WF,0.1638,content
34193,arranted,0.1998,content
34210,Ġdespicable,0.1698,content
34219,ĠZhao,0.1639,content
34223,ĠRepair,0.1622,content
34225,orses,0.1822,content
34227,Boston,0.1509,content
34237,antage,0.1692,content
34248,369,0.1597,content
34260,orce,0.1518,content
34277,ĠSurprisingly,0.1914,content
34282,spl,0.1817,content
34304,Ġresembled,0.1604,content
34309,379,0.1595,content
34311,LCS,0.1769,content
34353,ĠKazakh,0.1588,content
34362,Ġsauces,0.1857,content
34380,ĠAfterwards,0.1862,content
34396,ĠGREEN,0.1649,content
34420,concert,0.1839,content
34427,wreck,0.1601,content
34429,Ġ970,0.1725,content
34457,incent,0.1695,content
34459,ampions,0.2098,content
34462,sets,0.2051,content
34497,gru,0.1592,content
34504,790,0.1501,content
34506,airy,0.1529,content
34527,phal,0.153,content
34529,arling,0.1986,content
34537,andre,0.1528,content
34542,ĠRazer,0.1887,content
34554,mails,0.1935,content
34564,Ġscoff,0.1518,content
34567,edes,0.1666,content
34579,ophon,0.1571,content
34595,auts,0.1573,content
34615,354,0.1633,content
34631,Ġclutching,0.1562,content
34655,Ġminimizing,0.1518,content
34699,ernaut,0.1842,content
34717,ifully,0.1539,content
34726,Ġcorrectness,0.1551,content
34732,games,0.2253,content
34741,ĠLimit,0.1577,content
34747,Ġmislead,0.1509,content
34761,ĠSquadron,0.1593,content
34766,legram,0.178,content
34832,eeper,0.1632,content
34843,painted,0.196,content
34849,upper,0.1574,content
34865,mania,0.1553,content
34887,solid,0.1891,content
34894,iceps,0.1957,content
34927,astern,0.1908,content
34931,bands,0.1552,content
34937,Ġspecialize,0.1619,content
34943,ĠPoker,0.1643,content
34984,Ġbicycl,0.1911,content
34989,ecast,0.2136,content
35005,Ġcondone,0.1706,content
35016,aired,0.1622,content
35039,Ġhunts,0.1511,content
35040,Ġsubtly,0.1525,content
35047,swe,0.2174,content
35113,Ġarmoured,0.1706,content
35184,sighted,0.1884,content
35195,Ġmaximizing,0.1586,content
35202,gha,0.1699,content
35244,Ġrecre,0.1577,content
35250,urbed,0.1813,content
35290,"Ġ""#",0.1646,content
35306,MN,0.1673,content
35311,Ġexclaimed,0.1639,content
35330,Ġbehest,0.174,content
35334,Ġevoke,0.1569,content
35349,saw,0.1962,content
35357,odynamic,0.1564,content
35359,Ġprovoking,0.153,content
35433,CV,0.1636,content
35448,isner,0.1509,content
35473,POR,0.1577,content
35478,Ġbehavioural,0.1516,content
35586,ĠServing,0.1787,content
35605,Player,0.1723,content
35607,ĠWonderland,0.153,content
35614,ĠInfantry,0.1706,content
35617,Ġautoimmune,0.1687,content
35624,shows,0.2128,content
35632,765,0.1527,content
35646,ocial,0.1759,content
35648,ĠCorrection,0.1761,content
35651,Ġ253,0.1512,content
35687,boxing,0.2147,content
35728,ossom,0.1843,content
35734,Ġencompass,0.1521,content
35785,Ġoutlandish,0.1528,content
35802,porter,0.2096,content
35824,weed,0.173,content
35830,leased,0.1824,content
35835,Parents,0.1687,content
35843,ULTS,0.2153,content
35848,391,0.1519,content
35857,pn,0.1547,content
35870,ophile,0.1689,content
35878,abby,0.1721,content
35884,ulpt,0.1905,content
35898,Ġcessation,0.152,content
35901,sup,0.1762,content
35915,otation,0.1577,content
35947,aniel,0.1756,content
35983,SPA,0.1873,content
35986,undrum,0.1991,content
35988,ĠDawkins,0.1719,content
35997,ingers,0.1525,content
36000,arah,0.1564,content
36004,Zone,0.1637,content
36036,Ġcustomizable,0.155,content
36054,Ġtigers,0.1572,content
36055,ahoo,0.1531,content
36066,imoto,0.1612,content
36068,charg,0.1739,content
36083,cigarette,0.2234,content
36103,Ġauthorizing,0.1582,content
36111,Ġooz,0.1547,content
36113,ointment,0.1817,content
36117,vette,0.1707,content
36126,ascular,0.1775,content
36132,ĠOptical,0.1943,content
36139,ocity,0.1735,content
36151,fps,0.1843,content
36165,Ġmagnesium,0.1748,content
36166,Ġairliner,0.1634,content
36203,mental,0.1549,content
36220,dress,0.1901,content
36221,ĠClothing,0.1857,content
36227,615,0.1584,content
36231,Ġgenders,0.1553,content
36238,wolf,0.1507,content
36276,ĠCorvette,0.1723,content
36284,ĠPublisher,0.1668,content
36297,rue,0.1577,content
36310,Metro,0.1513,content
36365,Ġhobbies,0.2209,content
36369,Mario,0.172,content
36370,orpor,0.1693,content
36386,Ġgraphs,0.1505,content
36394,VB,0.1648,content
36429,bear,0.1748,content
36452,IU,0.1553,content
36480,Ġmaneuvers,0.1551,content
36482,IFIED,0.1917,content
36488,anty,0.1542,content
36496,Asian,0.1656,content
36518,ĠTags,0.1622,content
36525,Danny,0.1644,content
36534,ashion,0.2038,content
36546,tracks,0.1623,content
36568,forts,0.1746,content
36594,aiman,0.1672,content
36606,steel,0.1885,content
36611,463,0.168,content
36613,spin,0.1885,content
36619,riend,0.1556,content
36624,Fans,0.1874,content
36645,izons,0.2001,content
36654,Ġlibel,0.1716,content
36683,casting,0.1621,content
36731,ĠRape,0.1505,content
36734,spir,0.1841,content
36737,Ġabuser,0.157,content
36750,oward,0.1626,content
36761,Ġgamer,0.1689,content
36767,orst,0.1651,content
36793,Ġincite,0.1541,content
36795,ĠScouting,0.1958,content
36801,JM,0.1522,content
36806,erences,0.1743,content
36807,df,0.1613,content
36820,ribes,0.1905,content
36824,980,0.1544,content
36845,aciously,0.1656,content
36850,Ġwhiff,0.1561,content
36917,.#,0.177,content
36930,Ġkosher,0.1572,content
36937,evin,0.1563,content
36942,ĠSimpsons,0.1524,content
36963,ĠÙ,0.1515,content
36981,skinned,0.1943,content
36983,throp,0.16,content
37005,obal,0.1688,content
37027,Ġoranges,0.1573,content
37039,abus,0.1681,content
37041,avier,0.1773,content
37053,HAEL,0.1981,content
37085,flies,0.1633,content
37088,emark,0.1571,content
37120,bowl,0.1794,content
37158,ĠEveryday,0.1672,content
37171,Ġcourier,0.1525,content
37186,Ġcontradictions,0.1592,content
37266,SIM,0.1608,content
37300,Turkish,0.166,content
37303,bj,0.1623,content
37315,Ġ259,0.1609,content
37316,shock,0.2032,content
37322,Ġvigilante,0.1514,content
37340,Ġundergrad,0.1511,content
37353,Ġ298,0.1518,content
37359,mallow,0.1753,content
37360,Ġmasculine,0.1677,content
37395,PB,0.1697,content
37401,472,0.1528,content
37404,Ġpartake,0.1594,content
37425,sheet,0.1953,content
37437,Ġbuffalo,0.1554,content
37441,Ġdisbanded,0.1506,content
37467,ĠPassing,0.1662,content
37469,enance,0.1885,content
37485,ĠRefresh,0.1908,content
37523,ĠSpectre,0.1622,content
37530,Ġarri,0.151,content
37535,ournament,0.2126,content
37543,Ġ920,0.1631,content
37572,ayson,0.1898,content
37586,adra,0.1649,content
37594,nv,0.1684,content
37608,mob,0.1884,content
37610,WARD,0.1622,content
37614,Ġsteroid,0.1615,content
37624,aults,0.156,content
37626,ĠIncludes,0.1604,content
37643,nr,0.1635,content
37647,Playing,0.1616,content
37648,ĠSmile,0.1768,content
37675,Ġhormonal,0.1726,content
37703,Twenty,0.1507,content
37710,udden,0.1533,content
37711,Disney,0.1614,content
37737,ĠContinuous,0.1705,content
37758,sg,0.2414,content
37759,ĠEffects,0.163,content
37785,send,0.2084,content
37786,ourney,0.1746,content
37788,Ġamino,0.1774,content
37838,GV,0.1592,content
37842,ĠHappiness,0.1566,content
37843,oops,0.1708,content
37844,sb,0.2198,content
37852,Ġhrs,0.1542,content
37913,Ġchronically,0.1608,content
37918,ĠCHR,0.1607,content
37940,Ġsabot,0.1565,content
37945,sle,0.1884,content
37959,sr,0.2103,content
37960,ĠDynamo,0.1644,content
38001,ĠSmoking,0.1551,content
38002,hess,0.1595,content
38018,ĠBASE,0.2072,content
38027,635,0.1512,content
38036,FORM,0.1522,content
38040,Ġfaked,0.1675,content
38079,Ġdeceived,0.1567,content
38092,MH,0.1738,content
38097,598,0.1536,content
38131,cribed,0.1661,content
38153,ĠDefendants,0.1719,content
38168,ĠOvert,0.1708,content
38193,Fake,0.1751,content
38202,ĠEnding,0.1755,content
38234,nergy,0.2067,content
38240,ĠObst,0.1657,content
38242,ĠSPECIAL,0.171,content
38254,rozen,0.1638,content
38255,ĠRevis,0.1512,content
38284,ĠVenom,0.1577,content
38288,ORGE,0.188,content
38301,Buzz,0.1769,content
38302,Ġattainment,0.1556,content
38308,oras,0.1652,content
38313,arious,0.1916,content
38329,ĠIMAGES,0.1885,content
38418,essional,0.1633,content
38428,movie,0.2109,content
38430,Ġscorn,0.169,content
38449,ĠSelected,0.1664,content
38450,select,0.1532,content
38459,intuitive,0.2028,content
38473,rals,0.1902,content
38489,JR,0.1765,content
38497,ĠFires,0.1623,content
38510,1800,0.1572,content
38535,adders,0.1669,content
38555,alyst,0.1584,content
38560,Ġrites,0.1638,content
38572,favorite,0.2118,content
38579,iever,0.1931,content
38611,Ġ423,0.1855,content
38623,ARDS,0.1938,content
38635,cv,0.1805,content
38679,Ġ670,0.1737,content
38700,Ġterminating,0.1609,content
38703,asonic,0.1655,content
38707,dies,0.1714,content
38716,efined,0.1828,content
38756,angles,0.1748,content
38795,Ġreptiles,0.1769,content
38812,ĠHungry,0.1764,content
38832,EH,0.1592,content
38837,ĠPlayed,0.1828,content
38851,APE,0.1869,content
38882,itates,0.1912,content
38891,rafted,0.1946,content
38928,spec,0.1732,content
38934,ĠCollector,0.151,content
38947,.):,0.1782,content
38959,Kansas,0.153,content
38960,516,0.1638,content
38964,Ġantennas,0.1542,content
38974,Ġ1908,0.1627,content
38983,imeters,0.1641,content
38992,573,0.1819,content
38993,inters,0.1829,content
39013,ĠAnger,0.1676,content
39062,683,0.1571,content
39063,Ġabnormalities,0.1843,content
39066,jac,0.1698,content
39089,nai,0.1811,content
39115,ĠSoda,0.1828,content
39122,earance,0.1839,content
39128,manuel,0.1653,content
39133,ĠDisapp,0.1668,content
39163,ĠPlays,0.1942,content
39167,Ġcurric,0.1655,content
39179,Ġ502,0.1563,content
39180,Ġstru,0.1774,content
39197,Ġirrig,0.1855,content
39203,spirit,0.2003,content
39212,urther,0.1669,content
39214,pathy,0.2086,content
39222,iott,0.1812,content
39225,abolic,0.2006,content
39227,ĠLiterary,0.1872,content
39243,ERAL,0.1664,content
39249,Johnny,0.1533,content
39251,Italian,0.1804,content
39264,ateful,0.1695,content
39270,ĠJacket,0.1573,content
39278,Shield,0.1566,content
39292,gressive,0.1928,content
39332,ĠParticipation,0.1671,content
39337,513,0.1523,content
39369,Ġevict,0.1609,content
39375,ĠSTATS,0.2598,content
39382,754,0.1689,content
39387,sheets,0.1851,content
39426,iece,0.1635,content
39435,ĠPortable,0.1564,content
39445,ĠMPH,0.1604,content
39460,endish,0.1738,content
39506,ĠVegan,0.1816,content
39540,erver,0.1639,content
39544,sat,0.2175,content
39554,rious,0.1698,content
39565,ersion,0.1753,content
39571,ĠCommodore,0.1726,content
39579,ĠRivals,0.1909,content
39600,ĠHobby,0.1534,content
39609,pperc,0.1721,content
39613,Ġ289,0.1607,content
39638,rovers,0.1707,content
39646,ĠDrunk,0.1715,content
39659,996,0.1643,content
39662,Ġgrinning,0.1825,content
39678,Ġgastro,0.1633,content
39682,ĠInclude,0.1694,content
39710,sburgh,0.1744,content
39724,whel,0.1607,content
39732,".""""",0.1582,content
39735,opted,0.185,content
39748,ifice,0.1631,content
39766,VAL,0.1592,content
39771,ĠMood,0.1505,content
39803,shell,0.1714,content
39868,Services,0.156,content
39874,ĠWooden,0.1584,content
39875,Ġelectroly,0.1787,content
39889,ĠStrikes,0.1667,content
39933,NK,0.1652,content
39934,ĠLimits,0.174,content
39937,ĠSiberian,0.1554,content
39953,ership,0.1715,content
39965,ĠBicycle,0.1723,content
39969,rike,0.1812,content
39988,umph,0.1705,content
40031,VK,0.1886,content
40058,entious,0.1915,content
40073,itud,0.1617,content
40074,Toy,0.1612,content
40075,Ġincidentally,0.1704,content
40081,rank,0.1626,content
40109,ĠBenef,0.1534,content
40111,SEA,0.1699,content
40115,Ġarsenic,0.1739,content
40156,Ġ358,0.1553,content
40171,ublic,0.1751,content
40180,volent,0.1574,content
40183,Sony,0.1673,content
40221,ĠMuscle,0.2,content
40236,ĠVinyl,0.1824,content
40246,Race,0.168,content
40256,olded,0.1853,content
40259,photos,0.2237,content
40267,ĠScenes,0.2066,content
40268,JJ,0.1509,content
40272,lishing,0.2017,content
40288,entials,0.1895,content
40292,bows,0.1749,content
40293,ĠForms,0.1544,content
40298,Ġchirop,0.1771,content
40303,ĠStretch,0.1516,content
40320,Ġprenatal,0.1696,content
40321,________________________________,0.1554,content
40322,ĠElements,0.1505,content
40329,ĠeSports,0.283,content
40337,ĠRecre,0.2285,content
40342,igans,0.1759,content
40348,Ted,0.1515,content
40356,ĠAccessories,0.1955,content
40368,tower,0.181,content
40377,drops,0.1726,content
40387,ĠUnic,0.1633,content
40389,""":[""",0.1976,content
40401,Bey,0.1983,content
40403,putable,0.1824,content
40446,Ġplagiar,0.1628,content
40467,icrobial,0.1835,content
40476,Ġdenominations,0.1524,content
40484,iliar,0.1869,content
40486,Ġretracted,0.1698,content
40487,atars,0.1778,content
40520,Fight,0.1579,content
40527,ovies,0.1905,content
40543,nels,0.1692,content
40567,Ġ429,0.163,content
40573,ihara,0.1773,content
40580,holiday,0.2206,content
40608,essler,0.1787,content
40651,dating,0.2018,content
40656,Games,0.2346,content
40664,lasses,0.1842,content
40686,ollow,0.1699,content
40691,ĠAnalog,0.1719,content
40705,ĠAdren,0.1673,content
40719,restling,0.2446,content
40723,ĠRated,0.1665,content
40727,flake,0.1597,content
40740,Ġ417,0.1582,content
40745,greg,0.2015,content
40755,icester,0.1768,content
40758,arters,0.1726,content
40772,ammy,0.1651,content
40774,Jr,0.1773,content
40781,aretz,0.1982,content
40814,Ġerrone,0.1698,content
40842,ĠAres,0.1635,content
40856,Blake,0.1531,content
40862,?],0.1681,content
40875,ĠPersonality,0.1694,content
40877,Dutch,0.1823,content
40882,Ġdiscour,0.1604,content
40898,mud,0.1532,content
40920,Ġindoctr,0.161,content
40925,apsed,0.1977,content
40927,gered,0.162,content
40931,ĠObesity,0.2116,content
40941,Pie,0.1613,content
40942,Ġdepressive,0.1564,content
40945,zos,0.1509,content
40956,rower,0.1787,content
40979,adies,0.1761,content
40982,Ġperenn,0.1529,content
40997,nostic,0.1927,content
41023,ruits,0.182,content
41027,adder,0.1583,content
41035,Ġretina,0.1661,content
41042,told,0.1964,content
41062,MJ,0.1822,content
41076,ternally,0.1742,content
41086,hooting,0.1865,content
41096,ivic,0.1789,content
41122,ĠTackle,0.2374,content
41129,Ġinfringing,0.1736,content
41131,ĠGrip,0.1758,content
41132,ĠKeyboard,0.1562,content
41145,inarily,0.1735,content
41150,Ġdistortions,0.1516,content
41176,ultural,0.1784,content
41181,ultan,0.1842,content
41182,ĠTrash,0.1548,content
41192,Sup,0.1543,content
41210,Ġintolerable,0.1508,content
41216,ĠVim,0.151,content
41219,ĠUsername,0.2183,content
41226,Spanish,0.1761,content
41241,ĠInstruction,0.1548,content
41250,orks,0.1784,content
41264,ĠDisorders,0.2221,content
41276,ĠXiao,0.1709,content
41280,utable,0.1566,content
41293,ĠTornado,0.1607,content
41297,Steel,0.1674,content
41310,odium,0.1722,content
41312,ereo,0.1725,content
41329,Ġjour,0.1505,content
41358,Ġsexes,0.1986,content
41361,ocent,0.1669,content
41383,Ġ1440,0.1614,content
41404,sure,0.1764,content
41410,riors,0.1567,content
41418,ĠRaces,0.1904,content
41423,haust,0.1697,content
41446,ĠEndurance,0.1915,content
41447,ederation,0.193,content
41458,MAC,0.1609,content
41478,****************,0.1838,content
41479,ĠPenalty,0.1938,content
41498,ĠNorse,0.1635,content
41506,eworthy,0.1658,content
41534,Ġcarniv,0.1562,content
41558,BAT,0.1704,content
41560,Ġunderside,0.1673,content
41571,ĠTrayvon,0.1788,content
41581,igers,0.2076,content
41583,MF,0.1595,content
41586,ilingual,0.1811,content
41587,adj,0.1535,content
41594,bugs,0.1873,content
41617,ynski,0.1997,content
41620,ĠFavor,0.1707,content
41624,Spider,0.1798,content
41626,RG,0.1632,content
41643,romy,0.1641,content
41656,021,0.1637,content
41657,âĢĵâĢĵ,0.1501,content
41658,athetic,0.1901,content
41675,eric,0.1642,content
41695,Stra,0.1589,content
41733,ĠVirtue,0.1873,content
41734,"'),",0.1814,content
41746,osexual,0.1792,content
41753,ĠKrug,0.1594,content
41767,Ġallerg,0.1703,content
41776,itely,0.1546,content
41778,athing,0.1562,content
41779,Flow,0.1571,content
41794,Ġsubtitles,0.1521,content
41795,ĠEmin,0.1704,content
41800,Ġprojectiles,0.1674,content
41805,spective,0.1656,content
41820,shake,0.1832,content
41828,ocrine,0.1875,content
41831,Grid,0.1548,content
41834,Ġposterior,0.1522,content
41837,oslov,0.1782,content
41851,Ġselector,0.1545,content
41857,rl,0.1764,content
41871,Ġsalts,0.1558,content
41890,Ġvirtuous,0.1573,content
41898,ĠShowdown,0.1622,content
41900,Independent,0.1539,content
41915,ĠRanked,0.1963,content
41918,simple,0.1872,content
41922,ĠAbsent,0.1717,content
41923,agically,0.1653,content
41924,ĠPieces,0.1589,content
41925,Station,0.1559,content
41934,UTC,0.1818,content
41936,astically,0.1649,content
41961,ĠMinerva,0.1608,content
41965,igible,0.1938,content
41970,trap,0.1698,content
41977,Ġ422,0.1654,content
41982,GRE,0.1576,content
41985,Ġions,0.151,content
41992,ĠDaylight,0.1703,content
41998,ĠBomber,0.1607,content
42009,adjust,0.185,content
42021,Buff,0.1583,content
42028,ĠCorinthians,0.1748,content
42030,PUT,0.1688,content
42031,Ġcrucifix,0.165,content
42033,ĠVK,0.1882,content
42056,ĠVolks,0.1647,content
42064,ĠHeal,0.1551,content
42077,Players,0.1802,content
42112,avorable,0.1655,content
42118,ercise,0.2226,content
42141,onomic,0.1536,content
42158,Weight,0.1663,content
42162,lance,0.1872,content
42204,WOR,0.1651,content
42216,blems,0.1888,content
42224,Ġ1904,0.1787,content
42229,atinum,0.1721,content
42260,RECT,0.1689,content
42261,Denver,0.1613,content
42275,Ġexerc,0.1742,content
42278,abul,0.1621,content
42286,posure,0.166,content
42304,Ġdelegated,0.1616,content
42327,Ġinvincible,0.1532,content
42328,ĠGAM,0.1745,content
42331,ĠBalloon,0.1532,content
42335,ĠGuides,0.1605,content
42340,PHOTOS,0.1757,content
42344,ĠFIX,0.1566,content
42345,ilib,0.1637,content
42347,ĠLogged,0.1983,content
42357,wx,0.2258,content
42411,Ġagric,0.1911,content
42430,ozo,0.1715,content
42440,ounty,0.1867,content
42491,reads,0.1668,content
42499,ARCH,0.1637,content
42508,ĠCosmos,0.1515,content
42518,Ġapes,0.1739,content
42535,undle,0.1644,content
42540,ĠAnimated,0.1573,content
42566,astery,0.1766,content
42591,ĠInstructor,0.192,content
42605,Lens,0.1853,content
42633,Match,0.1699,content
42640,ĠObjects,0.183,content
42672,Ġado,0.1617,content
42680,EXT,0.1524,content
42684,Shot,0.1558,content
42712,pathic,0.1838,content
42726,incial,0.1989,content
42728,adena,0.1861,content
42763,BOX,0.1916,content
42799,Catholic,0.1926,content
42813,ĠWander,0.153,content
42853,1988,0.1798,content
42864,thur,0.1695,content
42868,Ġcounterfe,0.1813,content
42874,ĠHERO,0.1536,content
42888,Ġaerobic,0.1627,content
42892,orrect,0.1753,content
42899,ĠBALL,0.1871,content
42905,ĠItal,0.1512,content
42910,dust,0.1708,content
42918,apses,0.1988,content
42932,wings,0.19,content
42937,ovie,0.155,content
42963,Movie,0.1838,content
42994,Ġconquering,0.1722,content
43009,Ġlicens,0.1635,content
43014,Ġsquats,0.1687,content
43021,OAD,0.1702,content
43032,Thunder,0.1561,content
43042,ĠCyn,0.1863,content
43051,ujah,0.1925,content
43056,strap,0.1709,content
43074,"Ġ""@",0.1941,content
43080,Ġ********************************,0.1599,content
43081,iliate,0.1852,content
43082,ĠFunctional,0.1775,content
43096,KER,0.1754,content
43117,JV,0.1849,content
43127,itatively,0.1675,content
43129,gaming,0.2607,content
43133,riad,0.1755,content
43146,sleep,0.2091,content
43148,raints,0.1979,content
43149,vable,0.1711,content
43194,hibited,0.1934,content
43200,ĠAtari,0.1794,content
43229,animous,0.2067,content
43241,ASED,0.1765,content
43242,ĠBerks,0.1573,content
43244,Foot,0.1507,content
43249,ĠPigs,0.1748,content
43251,ï,0.1629,content
43263,inus,0.1533,content
43267,Ġdelusions,0.1633,content
43270,agonal,0.1806,content
43273,Dragon,0.1517,content
43280,razen,0.1881,content
43298,emn,0.1734,content
43310,Ġspurious,0.153,content
43314,ĠRacer,0.1846,content
43321,Ø§ÙĦ,0.1537,content
43330,ĠShoals,0.1597,content
43356,ĠGreenwald,0.1574,content
43357,dk,0.1831,content
43360,ernandez,0.2147,content
43388,Ġomit,0.1595,content
43389,Boost,0.166,content
43392,Ġanomal,0.1654,content
43394,Greek,0.1725,content
43395,warning,0.1898,content
43396,Ġdespised,0.1773,content
43401,_______,0.1706,content
43403,auldron,0.1964,content
43409,xa,0.1685,content
43430,Range,0.1678,content
43438,Tracker,0.1852,content
43453,ĠGENERAL,0.1643,content
43458,rentices,0.1758,content
43462,monary,0.1959,content
43469,thodox,0.1972,content
43479,1986,0.1752,content
43484,ĠHebdo,0.2079,content
43490,Ġbounded,0.1555,content
43494,ĠYue,0.1648,content
43495,ridges,0.1628,content
43498,Desk,0.1724,content
43499,ULAR,0.1827,content
43510,ĠAlternate,0.1564,content
43522,ĠStainless,0.2066,content
43531,bm,0.1527,content
43549,ĠCosmetic,0.2142,content
43556,Ġath,0.1844,content
43561,ĠSega,0.177,content
43573,Ġpilgr,0.1526,content
43582,ĠReplay,0.176,content
43590,ĠDisable,0.2256,content
43591,ouble,0.2045,content
43592,essors,0.1955,content
43604,dm,0.1559,content
43614,Ġ655,0.1583,content
43619,mL,0.1988,content
43628,ĠElys,0.162,content
43634,ensitive,0.1688,content
43637,buff,0.2052,content
43644,ĠBlueprint,0.1603,content
43645,CHQ,0.1906,content
43667,Ġutilitarian,0.1716,content
43671,opath,0.1535,content
43682,ocard,0.1914,content
43697,ĠUnreal,0.1549,content
43707,Ġvideog,0.1902,content
43722,ĠSiege,0.1618,content
43742,ĠSynd,0.1646,content
43745,ĠScorpion,0.1531,content
43758,Ġpathological,0.1591,content
43760,ĠFranÃ§,0.1598,content
43765,liga,0.1859,content
43784,PLAY,0.2041,content
43801,izational,0.1943,content
43838,hots,0.1607,content
43847,ĠCauses,0.17,content
43857,VERT,0.172,content
43859,idelines,0.2126,content
43861,MAP,0.1598,content
43866,ĠAndromeda,0.1563,content
43876,andise,0.1946,content
43902,ĠRemix,0.1537,content
43913,ĠLIA,0.1903,content
43914,shed,0.2082,content
43925,ĠCortex,0.1662,content
43927,Ġprojectile,0.1514,content
43928,Ġintrinsically,0.1594,content
43931,anuts,0.1813,content
43933,redits,0.192,content
43936,ĠChosen,0.1538,content
43941,ochemical,0.1606,content
43943,Ġfishes,0.1773,content
43950,Ġannoun,0.1657,content
43957,Swe,0.1503,content
43970,ancel,0.1766,content
43974,ĠMetallic,0.19,content
43981,otypes,0.1719,content
43989,ĠDoctrine,0.18,content
43996,ĠBooster,0.1763,content
44002,Performance,0.1827,content
44007,ĠOops,0.1521,content
44018,ĠSanskrit,0.1782,content
44019,Spect,0.1551,content
44028,Ġhurd,0.1655,content
44034,advert,0.1941,content
44059,ĠTwisted,0.1534,content
44060,Ġgrinned,0.2011,content
44064,ĠEquip,0.1897,content
44080,ynamic,0.1721,content
44082,];,0.1525,content
44094,ĠEVENTS,0.2205,content
44097,DK,0.1816,content
44104,thirst,0.1852,content
44106,fty,0.1671,content
44111,ĠBounce,0.1633,content
44117,ĠKills,0.1727,content
44124,Shock,0.1511,content
44126,Ġupgr,0.1706,content
44135,ĠUNIVERS,0.1949,content
44140,olson,0.1814,content
44164,Draft,0.184,content
44168,ceiver,0.2097,content
44173,ĠTenth,0.1542,content
44186,uph,0.1754,content
44187,rossover,0.2138,content
44199,utters,0.1645,content
44213,ĠRAID,0.1551,content
44215,hetti,0.1791,content
44221,ĠAristotle,0.1553,content
44238,mega,0.1835,content
44239,Ġphotons,0.1803,content
44255,ĠKafka,0.163,content
44268,ĠExtras,0.1857,content
44277,ĠAnime,0.1597,content
44278,Ġlipid,0.1723,content
44279,ggies,0.1734,content
44281,phalt,0.1925,content
44282,ĠCompleted,0.2114,content
44285,ĠAfric,0.1786,content
44289,ĠCompan,0.1601,content
44291,Dust,0.1618,content
44300,istine,0.1993,content
44303,ijah,0.1887,content
44314,ĠBuffer,0.1705,content
44318,iamond,0.2009,content
44331,ĠGujar,0.1779,content
44332,ĠPlaystation,0.1598,content
44338,Tickets,0.1596,content
44343,ĠMongo,0.1601,content
44358,ificant,0.1585,content
44359,ĠPortug,0.1981,content
44367,abetic,0.1877,content
44368,Ġantigen,0.1501,content
44386,bilt,0.1561,content
44396,ĠExecution,0.1656,content
44407,Studio,0.1669,content
44411,pport,0.1815,content
44414,Ġsmir,0.183,content
44432,ĠCombo,0.1507,content
44434,Ġaston,0.1629,content
44437,eworld,0.1986,content
44438,DEF,0.1638,content
44448,sylv,0.1862,content
44459,Ġsuperflu,0.1578,content
44466,Training,0.1638,content
44483,ĠEngels,0.1617,content
44488,erest,0.1599,content
44489,ĠQuery,0.1949,content
44499,Ġcaching,0.1812,content
44502,Ġcamoufl,0.175,content
44517,ishop,0.1774,content
44526,ĠOptional,0.1751,content
44533,auder,0.1786,content
44534,Keys,0.1528,content
44541,ĠRFC,0.1504,content
44543,ardless,0.1801,content
44544,ĠOrche,0.1772,content
44545,Kick,0.1529,content
44548,OUP,0.1987,content
44553,ĠIdle,0.1647,content
44566,ĠEsports,0.3065,content
44570,ĠSupports,0.1812,content
44579,DEC,0.1529,content
44581,entric,0.1951,content
44588,Ub,0.1566,content
44608,APD,0.1861,content
44610,ippery,0.1662,content
44614,Ġholster,0.1634,content
44632,ĠLoot,0.1694,content
44640,asonable,0.1727,content
44650,agnetic,0.1716,content
44657,Sax,0.1865,content
44673,ĠEmblem,0.1707,content
44674,ĠMicha,0.1555,content
44676,ĠObjective,0.1796,content
44679,poon,0.1907,content
44688,($,0.1524,content
44689,Nintendo,0.2207,content
44707,braska,0.1978,content
44709,Ġathe,0.1875,content
44713,verbs,0.1935,content
44722,REP,0.1857,content
44725,uilding,0.1881,content
44730,ĠXuan,0.1771,content
44740,ĠWrit,0.1642,content
44752,ĠBalanced,0.1925,content
44767,ĠPistol,0.1696,content
44779,Ġpropos,0.1581,content
44798,Integ,0.1734,content
44801,Ġunanim,0.177,content
44805,ĠEVENT,0.1767,content
44810,ĠSniper,0.1635,content
44828,helial,0.1692,content
44836,ĠRitual,0.1641,content
44843,Ġpious,0.1731,content
44856,audi,0.1828,content
44858,ergic,0.166,content
44871,esian,0.1846,content
44883,ĠHandle,0.1716,content
44888,Gam,0.1756,content
44889,ĠRPC,0.1558,content
44893,ĠPassive,0.1707,content
44894,ĠHelmet,0.1699,content
44921,ĠSPEC,0.1737,content
44930,ĠVeil,0.1593,content
44962,Js,0.1526,content
44963,orthern,0.1976,content
44965,alyses,0.1862,content
44976,np,0.1916,content
44988,ĠWrest,0.2403,content
45023,ĠEzek,0.1847,content
45029,amac,0.1696,content
45030,ĠNotting,0.1857,content
45049,Wing,0.1921,content
45050,ĠâĹ,0.2046,content
45057,aird,0.1768,content
45058,Blu,0.1798,content
45078,ĠPartial,0.1797,content
45082,irez,0.166,content
45092,DOM,0.1757,content
45126,asketball,0.2592,content
45163,Runner,0.2088,content
45175,Beast,0.1895,content
45176,sync,0.1928,content
45186,Female,0.1944,content
45193,ĠDietary,0.2002,content
45196,aukee,0.1901,content
45199,wagon,0.1708,content
45202,Ġsects,0.1731,content
45204,ombat,0.1884,content
45213,WORK,0.1998,content
45215,rican,0.1789,content
45227,ĠBrowser,0.1511,content
45236,matically,0.1595,content
45246,iberal,0.2054,content
45258,ĠJPEG,0.1685,content
45263,Ġepid,0.1578,content
45267,mop,0.1864,content
45273,Skin,0.17,content
45281,Bone,0.1502,content
45285,Stats,0.2066,content
45288,Graph,0.1608,content
45307,oppy,0.1586,content
45313,Gaming,0.2539,content
45316,Ġathlet,0.3061,content
45322,Ġproofs,0.1561,content
45323,ĠRevision,0.1805,content
45325,Ġconstitu,0.1753,content
45328,gz,0.1719,content
45332,Ġpercept,0.1579,content
45338,ĠPrinted,0.1826,content
45339,Native,0.1618,content
45341,pecting,0.1761,content
45346,cham,0.1604,content
45352,SPEC,0.1842,content
45354,FUN,0.1757,content
45359,ĠUncharted,0.1777,content
45366,Registration,0.1662,content
45367,ĠSaber,0.1512,content
45376,Ġ----,0.157,content
45385,pai,0.1983,content
45428,Ġnep,0.1726,content
45430,ascar,0.1952,content
45431,laim,0.1753,content
45439,ournaments,0.216,content
45442,ĠMales,0.1784,content
45447,rection,0.1981,content
45462,azines,0.1779,content
45474,ĠPyr,0.1509,content
45487,lisher,0.227,content
45499,Flying,0.1786,content
45520,Professional,0.187,content
45524,ĠSetup,0.1736,content
45527,Secondly,0.1572,content
45530,amate,0.1677,content
45535,Ġantid,0.1616,content
45537,ysical,0.1787,content
45538,ĠGladiator,0.1687,content
45554,amiya,0.1734,content
45557,ĠLuxem,0.167,content
45564,Ġincor,0.1572,content
45566,Depth,0.1818,content
45578,ĠMedals,0.2047,content
45579,stats,0.2429,content
45581,inished,0.1885,content
45588,Ġneglig,0.1818,content
45591,Ġovercl,0.1737,content
45592,_-,0.151,content
45598,amples,0.1661,content
45626,ĠAsgard,0.1778,content
45627,______,0.201,content
45630,Rate,0.1604,content
45644,ĠSphere,0.1723,content
45649,ĠValiant,0.1708,content
45666,ledged,0.2067,content
45670,ĠGamer,0.2253,content
45674,pecially,0.1854,content
45675,ĠJiu,0.1976,content
45678,xf,0.1805,content
45684,nesium,0.1861,content
45685,ĠSocrates,0.1781,content
45705,wrap,0.178,content
45715,earances,0.1758,content
45719,Ġtelesc,0.1738,content
45730,ĠISBN,0.1689,content
45738,ernal,0.1663,content
45750,endium,0.1847,content
45751,""");",0.1838,content
45775,Ġclitor,0.1847,content
45795,odcast,0.1799,content
45808,addafi,0.2121,content
45813,Ear,0.1654,content
45816,matical,0.1745,content
45822,ĠExtend,0.1831,content
45823,ropolitan,0.182,content
45831,Male,0.1615,content
45849,ĠPacks,0.1818,content
45856,Ġbiome,0.1825,content
45859,igham,0.1897,content
45864,gamer,0.2349,content
45870,ĠCommando,0.1679,content
45878,Ġemulation,0.1634,content
45880,ĠMiscellaneous,0.2047,content
45881,ĠParticipant,0.1884,content
45882,duc,0.1891,content
45884,ĠSparkle,0.1678,content
45890,owler,0.2042,content
45901,nyder,0.181,content
45910,loader,0.1728,content
45913,ĠReceived,0.1961,content
45921,dL,0.2124,content
45922,epad,0.1837,content
45925,ĠSteal,0.175,content
45946,=$,0.1916,content
45954,zona,0.1622,content
45991,orest,0.1616,content
46001,ophob,0.1901,content
46005,Ġplur,0.1614,content
46010,ĠIPv,0.154,content
46012,ortal,0.1681,content
46014,ounter,0.1747,content
46019,Ġpersecut,0.1793,content
46040,viks,0.1952,content
46042,ĠDota,0.1843,content
46052,Rank,0.1705,content
46060,ĠBabel,0.1643,content
46073,xb,0.1771,content
46077,)],0.1674,content
46088,ĠIncarn,0.1804,content
46097,ĠMySQL,0.1783,content
46103,ĠMetroid,0.1791,content
46109,Americ,0.1889,content
46124,Ġquar,0.1605,content
46134,obj,0.2081,content
46135,Ġjoystick,0.1875,content
46144,anchester,0.1816,content
46145,Pokemon,0.2318,content
46160,oppable,0.1999,content
46169,Plex,0.2105,content
46179,ĠChomsky,0.1878,content
46205,âĻ¥,0.168,content
46212,itudinal,0.1834,content
46215,ospace,0.1986,content
46246,ymm,0.1776,content
46258,BIP,0.1669,content
46260,phies,0.2163,content
46267,Ġendot,0.154,content
46278,ustom,0.1918,content
46279,Mp,0.2046,content
46284,enum,0.1578,content
46289,ĠSubtle,0.204,content
46303,________________________________________________________________,0.167,content
46328,onday,0.1922,content
46340,Points,0.1763,content
46347,Reader,0.1558,content
46348,ĠSacrifice,0.1755,content
46351,byter,0.2072,content
46353,"""âĢ¦",0.1642,content
46357,ĠErrors,0.2019,content
46380,Ġmetabolites,0.1921,content
46382,Ġsupra,0.1722,content
46383,ĠMakoto,0.1628,content
46394,ĠVERS,0.1784,content
46402,ĠTLS,0.1717,content
46417,ĠMerge,0.1995,content
46423,ĠAuth,0.1645,content
46427,Ultimate,0.2011,content
46432,ĠWem,0.1841,content
46445,ĠÂ¶,0.1613,content
46449,ĠSunder,0.1831,content
46453,ĠKingdoms,0.1567,content
46464,Ġported,0.1733,content
46468,Ġadip,0.1713,content
46477,isite,0.1668,content
46482,angular,0.1992,content
46484,Proof,0.1569,content
46501,ĠDebor,0.1724,content
46523,sectional,0.1925,content
46528,Ġdesper,0.1753,content
46535,SSL,0.184,content
46538,Ġenz,0.1544,content
46541,Rust,0.1565,content
46548,Pixel,0.1946,content
46554,skip,0.2294,content
46567,ĠFunctions,0.1974,content
46573,ageddon,0.1994,content
46577,Physical,0.1664,content
46589,ĠBallistic,0.2045,content
46598,ensibly,0.2207,content
46601,ustomed,0.2011,content
46603,ĠQt,0.1515,content
46612,ĠVengeance,0.1828,content
46619,doms,0.1886,content
46647,RGB,0.2066,content
46652,Intern,0.164,content
46653,tml,0.2254,content
46661,PokÃ©mon,0.2377,content
46675,Ġoptimizations,0.1907,content
46676,uador,0.16,content
46683,Ġhypert,0.19,content
46697,ĠPokÃ©,0.1796,content
46705,Xbox,0.1936,content
46707,ync,0.1546,content
46708,ĠNietzsche,0.1879,content
46716,cellence,0.2062,content
46718,ĠEntity,0.1566,content
46722,Winner,0.1677,content
46727,itime,0.1761,content
46730,ogyn,0.1968,content
46731,osuke,0.1672,content
46750,ihil,0.1526,content
46758,NUM,0.1953,content
46760,flags,0.229,content
46761,GAME,0.2083,content
46766,Frame,0.1599,content
46771,Lv,0.1959,content
46777,tsy,0.1802,content
46782,perture,0.1781,content
46787,bool,0.186,content
46789,ĠImmunity,0.1959,content
46807,ĠExile,0.1679,content
46808,lishes,0.2257,content
46809,iets,0.1573,content
46812,ĠSubjects,0.222,content
46827,Bound,0.1868,content
46834,ĠDagger,0.1672,content
46846,ĠSupplementary,0.1773,content
46851,ĠCalculator,0.1795,content
46857,ĠNutr,0.196,content
46859,TABLE,0.153,content
46861,andom,0.1637,content
46864,Registered,0.1811,content
46889,aminer,0.2025,content
46895,ospel,0.2048,content
46908,ĠAnon,0.1698,content
46924,Ġbour,0.168,content
46939,--------------------------------,0.1663,content
46942,ĠExtensions,0.1818,content
46950,ĠKonami,0.1735,content
46953,Specific,0.1624,content
46963,roxy,0.1827,content
46967,ĠMasquerade,0.2041,content
46980,aepernick,0.1877,content
47000,ĠChaser,0.1904,content
47014,ĠEnlight,0.1563,content
47019,jri,0.1733,content
47024,Located,0.1583,content
47028,uture,0.1965,content
47033,');,0.1827,content
47042,ĠFrames,0.1897,content
47043,ĠAmbro,0.1928,content
47060,POST,0.1763,content
47078,ĠRPGs,0.1718,content
47083,iband,0.1742,content
47092,ĠQuadro,0.2106,content
47095,thens,0.2254,content
47106,ĠBlizz,0.1558,content
47108,ĠOpenGL,0.1813,content
47109,zx,0.1832,content
47120,english,0.2133,content
47128,Ġmascul,0.2091,content
47140,oleon,0.175,content
47147,Ġtranssexual,0.1979,content
47150,arthy,0.2082,content
47161,!],0.1791,content
47169,ikarp,0.2143,content
47228,stitial,0.2067,content
47243,ĠUnleashed,0.1986,content
47247,pard,0.1743,content
47257,ĠDirectX,0.1926,content
47267,psons,0.2015,content
47272,ADRA,0.1682,content
47289,Ġdisproportion,0.171,content
47293,edient,0.2104,content
47299,ldom,0.186,content
47316,Lic,0.1689,content
47318,rolet,0.1956,content
47337,iasco,0.2068,content
47348,ĠSVG,0.1749,content
47352,rogens,0.203,content
47360,Matrix,0.2005,content
47370,spell,0.1992,content
47373,vP,0.2291,content
47377,ĠFn,0.1658,content
47383,kB,0.1912,content
47384,ĠRealms,0.1706,content
47391,Magazine,0.2129,content
47399,ĠRoose,0.1726,content
47406,ĠPinball,0.2008,content
47407,endars,0.2109,content
47408,Ġ===,0.1926,content
47411,Ġchromos,0.1931,content
47419,ortex,0.2018,content
47420,ĠHeroic,0.1536,content
47424,osher,0.1936,content
47433,arning,0.1914,content
47438,buffer,0.2067,content
47440,ĠModes,0.2008,content
47448,nants,0.1839,content
47453,ĠStarCraft,0.2023,content
47461,ĠFrenzy,0.1795,content
47463,===,0.1611,content
47469,Ġpromul,0.1978,content
47488,artney,0.1968,content
47490,psey,0.1971,content
47496,ĠHispan,0.1885,content
47500,POSE,0.174,content
47501,pherd,0.1751,content
47502,schild,0.2284,content
47505,Ġoptionally,0.1587,content
47507,ĠSpawn,0.1948,content
47518,dq,0.1929,content
47524,Ġproletariat,0.1971,content
47536,elist,0.1709,content
47546,ĠObj,0.2245,content
47547,igure,0.1688,content
47553,aptic,0.2094,content
47557,ĠAchievements,0.2329,content
47561,pread,0.1893,content
47573,ĠReflex,0.2044,content
47594,aunders,0.2107,content
47613,Role,0.175,content
47617,ĠException,0.2056,content
47621,Ġsynaptic,0.1752,content
47626,ĠHades,0.1697,content
47639,********************************,0.1751,content
47644,ĠGABA,0.1823,content
47648,odore,0.1637,content
47653,gerald,0.1866,content
47717,std,0.1745,content
47723,estern,0.1812,content
47728,ĠFolder,0.1947,content
47730,ĠMedline,0.2042,content
47737,Ġresize,0.1661,content
47744,Task,0.1653,content
47768,aredevil,0.167,content
47798,allery,0.204,content
47813,!/,0.1783,content
47823,ĠTraps,0.2052,content
47824,×Ķ,0.1877,content
47826,---------,0.18,content
47830,xual,0.2038,content
47841,Ġencour,0.1786,content
47843,ĠPLoS,0.1857,content
47849,Lastly,0.162,content
47855,ĠTotem,0.187,content
47857,Honest,0.1763,content
47872,GBT,0.1787,content
47885,Finish,0.1643,content
47896,ĠCSV,0.1797,content
47897,Ġè,0.1758,content
47901,ĠCommands,0.1983,content
47907,ministic,0.2043,content
47919,"""(",0.1521,content
47920,eneg,0.1992,content
47923,ĠGrenade,0.1924,content
47933,Purchase,0.1602,content
47956,ĠMehran,0.1853,content
47959,ĠHeader,0.1979,content
47968,ĠZup,0.1845,content
47991,obbies,0.2129,content
47992,DIR,0.1688,content
48005,LinkedIn,0.1863,content
48007,ifacts,0.1921,content
48012,enhagen,0.165,content
48033,erial,0.1528,content
48050,INFO,0.1898,content
48051,rehend,0.1713,content
48056,twitch,0.2199,content
48058,ĠSaiyan,0.176,content
48066,ependent,0.1926,content
48069,Weiss,0.2019,content
48079,Ġinclud,0.1846,content
48084,paralleled,0.164,content
48087,raltar,0.1883,content
48090,ĠSolitaire,0.1919,content
48092,ĠVaugh,0.1839,content
48100,Includes,0.1629,content
48102,ORPG,0.198,content
48113,ĠAUTH,0.2147,content
48115,ĠSocket,0.2227,content
48124,_(,0.1904,content
48127,elvet,0.2053,content
48136,Result,0.1745,content
48151,Authent,0.188,content
48165,noxious,0.1899,content
48187,à¨,0.1948,content
48188,Ġ<<,0.1603,content
48203,<<,0.1624,content
48210,Ġshowc,0.1727,content
48212,bringer,0.1702,content
48223,Ġembry,0.1994,content
48229,Ġ(/,0.1511,content
48248,lehem,0.1911,content
48254,Í,0.1801,content
48273,========,0.1763,content
48278,ĺħ,0.1573,content
48296,ĠToggle,0.2085,content
48313,Improved,0.1829,content
48314,endiary,0.1878,content
48326,scl,0.1708,content
48328,çĽ,0.1609,content
48333,Ġsubsc,0.1838,content
48349,Correction,0.1698,content
48356,Ġcreatine,0.2117,content
48366,ĠAttributes,0.2054,content
48379,Gamer,0.241,content
48380,ĠPlugin,0.2068,content
48383,ĠPuzzles,0.2197,content
48385,trl,0.2089,content
48403,ĠDebug,0.1961,content
48404,Ġ*/,0.1584,content
48407,License,0.175,content
48417,Vector,0.2081,content
48432,ĠSpells,0.2039,content
48464,Ġhippocamp,0.1901,content
48477,ĠFnatic,0.1981,content
48500,Ġdeprecated,0.2053,content
48507,skirts,0.2097,content
48527,Domain,0.1695,content
48529,ĠLegions,0.2003,content
48541,dyl,0.1614,content
48542,Alias,0.1887,content
48544,Ġinval,0.1835,content
48551,ĠDHCP,0.1855,content
48552,âĨĴ,0.1598,content
48555,âĹ,0.1891,content
48558,å¼,0.1515,content
48563,Ġmysql,0.1985,content
48567,Ġstatically,0.1793,content
48573,ulkan,0.2045,content
48586,Ġhither,0.1601,content
48594,romancer,0.1836,content
48605,Ġoverwrite,0.2018,content
48624,Ġdefic,0.1881,content
48632,owship,0.1942,content
48640,;;,0.1776,content
48648,Ġsovere,0.1757,content
48667,Notable,0.1811,content
48680,Package,0.1785,content
48682,Ġunsus,0.2051,content
48706,retty,0.1765,content
48715,Ġproletarian,0.2181,content
48722,ĠStarcraft,0.2059,content
48723,rored,0.1868,content
48741,ttp,0.1686,content
48755,=>,0.1789,content
48756,sers,0.1832,content
48758,Recommend,0.17,content
48765,å¿,0.1538,content
48766,Float,0.2093,content
48769,Ġfoo,0.1504,content
48771,=-,0.1827,content
48782,agonists,0.2202,content
48784,.>>,0.1957,content
48791,ãĤ¹,0.1643,content
48798,Ġdisadvant,0.1728,content
48803,;},0.1812,content
48807,Ranked,0.2203,content
48814,Ġsuscept,0.2002,content
48815,Types,0.1786,content
48825,Helper,0.1832,content
48845,+++,0.1774,content
48847,Exception,0.182,content
48849,Ġresemb,0.1938,content
48855,Ġ};,0.1857,content
48863,oaded,0.1938,content
48865,inline,0.2089,content
48871,ĠMLG,0.181,content
48877,frac,0.1872,content
48905,BUG,0.2063,content
48914,ĠUTF,0.1851,content
48919,:#,0.1743,content
48967,èĪ,0.1597,content
48977,swer,0.2069,content
49002,yip,0.1766,content
49014,Ġhemor,0.172,content
49017,ãĤ¢,0.1509,content
49023,Ġdetrim,0.1764,content
49043,RESULTS,0.2009,content
49046,udeb,0.1765,content
49062,Obj,0.1865,content
49063,ãĤ«,0.1633,content
49066,ËĪ,0.1827,content
49079,csv,0.2101,content
49089,sql,0.2343,content
49092,"],[",0.1948,content
49094,Ġprolet,0.2013,content
49096,estinal,0.1801,content
49101,CRIP,0.1733,content
49104,///,0.1906,content
49109,timeout,0.2311,content
49110,irtual,0.1854,content
49115,Proxy,0.1808,content
49134,Requires,0.1996,content
49141,ĠPalestin,0.1626,content
49143,)=,0.1905,content
49168,slaught,0.1845,content
49169,Ġtiss,0.1904,content
49176,Ġpokemon,0.1771,content
49183,-----------,0.2042,content
49184,icter,0.1675,content
49198,--------,0.1963,content
49209,Ġmosqu,0.1715,content
49213,/âĢĭ,0.1501,content
49222,sudo,0.1944,content
49223,ãģ®å,0.1535,content
49232,ï¸,0.1789,content
49240,ĠLisp,0.1942,content
49244,HTTP,0.2003,content
49245,Trivia,0.1991,content
49250,aeper,0.1807,content
49254,ĠSasuke,0.1672,content
49262,Folder,0.2014,content
49273,conservancy,0.1533,content
49275,)|,0.2052,content
49284,ãĢĲ,0.1872,content
49287,ãĢĳ,0.2059,content
49290,Console,0.1991,content
49304,ascript,0.1542,content
49305,Ġaddon,0.1736,content
49310,=[,0.2029,content
49323,ãĥŃ,0.1677,content
49324,Completed,0.1947,content
49329,"[""",0.1893,content
49337,èĢħ,0.1558,content
49350,quished,0.1799,content
49358,Ġ];,0.1821,content
49364,~~~~~~~~,0.2107,content
49366,][/,0.1759,content
49374,------------------------------------------------,0.2014,content
49399,Ġï¿½ï¿½ï¿½ï¿½ï¿½ï¿½ï¿½ï¿½,0.1739,content
49407,Ġbehav,0.1886,content
49448,Entity,0.188,content
49462,Ġopio,0.1714,content
49467,Ġnomine,0.1795,content
49477,²¾,0.1711,content
49490,Ġrgb,0.1992,content
49491,htt,0.1563,content
49493,Ġlivest,0.1626,content
49495,âĶĢâĶĢâĶĢâĶĢâĶĢâĶĢâĶĢâĶĢ,0.1931,content
49498,Ġskelet,0.1678,content
49511,ãĥģ,0.1525,content
49531,ividual,0.1678,content
49559,çīĪ,0.1949,content
49595,ĠMetatron,0.1834,content
49607,reddits,0.2277,content
49608,"Ġ""%",0.1831,content
49623,okemon,0.2175,content
49632,Ġ[+],0.1615,content
49638,Ļ½,0.1847,content
49643,"{""",0.1779,content
49649,Ġaddr,0.1797,content
49651,glomer,0.1753,content
49661,Ġentreprene,0.1576,content
49662,tnc,0.1502,content
49667,"Ġ""{",0.181,content
49675,-|,0.1539,content
49687,ategory,0.1731,content
49693,Ġcannabin,0.1566,content
49700,Ġconvol,0.1539,content
49713,"Ġ""_",0.19,content
49717,ĠTradable,0.1669,content
49738,"""},{""",0.2056,content
49745,Ġcarbohyd,0.1821,content
49748,âĸ¬âĸ¬,0.181,content
49765,usercontent,0.1711,content
49768,ãĥ¢,0.1774,content
49771,everal,0.1675,content
49778,"\"",",0.1793,content
49786,Ü,0.1775,content
49787,avascript,0.1887,content
49788,Ġbehavi,0.1688,content
49791,Attributes,0.2001,content
49792,âĵĺ,0.2072,content
49796,Gameplay,0.2197,content
49809,DERR,0.1802,content
49824,âĸĴ,0.2186,content
49828,Ġ(_,0.1782,content
49829,ĸļ,0.1736,content
49837,DEBUG,0.1979,content
49852,"""},",0.1816,content
49868,Ġ][,0.1839,content
49884,âĶĢâĶĢâĶĢâĶĢ,0.227,content
49900,"Ġ""<",0.2038,content
49907,Ġsizeof,0.1842,content
49922,Ġunnecess,0.1537,content
49930,ãĥ¼ãĥĨãĤ£,0.16,content
49937,Ġlooph,0.177,content
49940,Ġ)],0.1808,content
49943,Ġsubur,0.2044,content
49944,Þ,0.1927,content
49946,Interstitial,0.1723,content
49949,ãĥīãĥ©,0.2122,content
49951,ģĸ,0.2018,content
49959,Ġ$\,0.175,content
49971,£ı,0.1949,content
49974,Ĥİ,0.1959,content
49983,hovah,0.1838,content
49994,ĠArchdemon,0.1562,content
50010,ikuman,0.205,content
50011,Ý,0.2078,content
50013,ĠKinnikuman,0.1873,content
50017,)</,0.2092,content
50019,=-=-,0.1932,content
50028,=-=-=-=-,0.2114,content
50034,ortunately,0.158,content
50036,66666666,0.1676,content
50041,userc,0.1864,content
50059,ãģ®éŃĶ,0.1614,content
50075,76561,0.1888,content
50143,ĠÂł,0.1858,content
50148,ĠDragonbound,0.2298,content
50178,externalActionCode,0.2177,content
50185,Ġ<@,0.1776,content
50206,"\"">",0.1782,content
50207,catentry,0.1967,content
50211,ĳå£«,0.2286,content
8,Ġand,,connector
19,Ġwith,,connector
31,Ġfrom,,connector
41,Ġan,,connector
53,Ġbut,,connector
63,Ġits,,connector
78,Ġfirst,,connector
89,Ġthere,,connector
102,a,,connector
122,Ġnow,,connector
141,Ġhow,,connector
157,Ġwell,,connector
179,in,,connector
202,Ġstill,,connector
250,A,,connector
286,ĠFor,,connector
374,ĠOn,,connector
415,at,,connector
460,Ġalways,,connector
552,Ġalong,,connector
600,Ġthough,,connector
655,Ġever,,connector
818,Ġalmost,,connector
970,There,,connector
1121,In,,connector
1328,Ġthroughout,,connector
1464,ĠMe,,connector
1594,if,,connector
1711,That,,connector
1801,ĠJust,,connector
1990,for,,connector
2223,ĠAlthough,,connector
2362,no,,connector
2527,so,,connector
2661,Ġwhom,,connector
3048,US,,connector
3263,ĠAT,,connector
3687,ĠAmong,,connector
3908,With,,connector
4318,Ġmine,,connector
4890,ĠUs,,connector
5121,ĠON,,connector
5658,Ġshall,,connector
6209,Is,,connector
6553,ĠDid,,connector
6834,ĠWhich,,connector
7411,ĠSometimes,,connector
7905,ĠMoreover,,connector
8310,now,,connector
8827,BE,,connector
9154,ĠNever,,connector
9459,ĠALSO,,connector
10000,ĠNEXT,,connector
10285,Last,,connector
10669,after,,connector
10993,First,,connector
11773,Here,,connector
12341,ĠME,,connector
12888,ĠNevertheless,,connector
13331,ĠWHAT,,connector
13751,last,,connector
14051,Ġwhoever,,connector
14746,when,,connector
15628,ĠTill,,connector
16918,such,,connector
17345,ĠWITH,,connector
18258,ĠWere,,connector
19174,DO,,connector
20235,while,,connector
21600,OF,,connector
22392,Until,,connector
23444,above,,connector
25017,their,,connector
25784,between,,connector
27172,Ever,,connector
27800,ĠQuite,,connector
29856,ĠAFTER,,connector
30540,ĠDOES,,connector
32054,Had,,connector
32703,Second,,connector
33834,usually,,connector
34912,ĠWHY,,connector
35507,been,,connector
36342,Among,,connector
37049,NOT,,connector
37615,rather,,connector
39282,ĠMUST,,connector
40066,Along,,connector
42065,shall,,connector
43216,ĠTHEIR,,connector
44171,ĠALWAYS,,connector
45943,Below,,connector
12,-,0.0401,residual
36,Ġ(,0.0218,residual
68,Ġ$,0.0801,residual
86,Ġtime,0.0662,residual
105,Ã«,0.0615,residual
120,Ġget,0.0561,residual
134,1,0.0395,residual
151,000,0.0515,residual
163,ĠB,0.0276,residual
175,com,0.0597,residual
186,Ġweek,0.0538,residual
196,ed,0.0464,residual
210,Ġmarket,0.0913,residual
219,y,0.0345,residual
231,Ġ6,0.0279,residual
239,Ġhigh,0.0629,residual
248,ĠR,0.0325,residual
258,Ġboth,0.0455,residual
271,ar,0.0457,residual
279,old,0.0551,residual
291,Ġ20,0.0493,residual
299,Ġtop,0.0793,residual
307,ĠWednesday,0.0288,residual
315,ĠUnited,0.0282,residual
324,ie,0.0325,residual
332,Ġpoints,0.0523,residual
340,Ġnews,0.1372,residual
349,Ġeach,0.0398,residual
359,Ġ&,0.0319,residual
367,Ġfew,0.0466,residual
379,Ġ15,0.0506,residual
388,Ġstock,0.0829,residual
399,Ġdidn,0.0428,residual
409,Ġaway,0.0467,residual
421,Ġexpected,0.0765,residual
432,Ġdeal,0.0729,residual
442,Ġmaking,0.059,residual
450,Ġseen,0.0497,residual
461,Ġcourt,0.0847,residual
470,ĠAmerican,0.068,residual
480,Ġ--,0.026,residual
488,Ġlaw,0.1378,residual
496,ĠNational,0.0372,residual
505,Ġimportant,0.0765,residual
513,Ġleast,0.0486,residual
522,ĠPolice,0.0293,residual
532,ĠStates,0.0552,residual
541,30,0.0421,residual
550,ĠJuly,0.0427,residual
561,Ġtogether,0.0344,residual
570,Ġ2015,0.053,residual
579,Ġs,0.0378,residual
589,ĠUniversity,0.0455,residual
601,Ġ17,0.0522,residual
609,Ġprocess,0.0709,residual
619,Ġfeel,0.0584,residual
630,Ġdoesn,0.0476,residual
640,://,0.0699,residual
649,Ä,0.0576,residual
661,ist,0.0606,residual
669,Ġled,0.0473,residual
677,ak,0.0393,residual
685,Ġlost,0.0374,residual
695,Ġproject,0.0734,residual
704,Ġcoach,0.1354,residual
712,Ġincrease,0.0637,residual
721,Ġtrade,0.1095,residual
729,Ġelection,0.1307,residual
737,Ġposition,0.0693,residual
745,Ġbuilding,0.0647,residual
756,Ġcareer,0.0661,residual
764,ĠSan,0.0469,residual
772,ĠSeptember,0.0427,residual
781,Ġofficial,0.0727,residual
789,Ġahead,0.037,residual
797,Ġcontrol,0.0896,residual
805,based,0.0845,residual
814,Ġaction,0.0917,residual
824,ĠCenter,0.0252,residual
834,Ġchief,0.1005,residual
842,Ġse,0.0392,residual
850,Ġprices,0.0914,residual
858,ne,0.0522,residual
868,able,0.0477,residual
878,Ġrunning,0.0608,residual
886,ĠCalifornia,0.052,residual
895,ah,0.0364,residual
904,Ġoffer,0.0744,residual
912,Ġstop,0.0625,residual
921,Ġroad,0.0471,residual
929,Ġroom,0.0676,residual
938,Ġwasn,0.063,residual
947,&,0.0455,residual
955,.',0.0431,residual
964,Ġfriends,0.0796,residual
973,Ġ26,0.0604,residual
982,Ġstates,0.041,residual
990,est,0.052,residual
999,Ġstar,0.0575,residual
1007,Ġenergy,0.1448,residual
1016,ĠInternational,0.0683,residual
1024,Ġofficers,0.0615,residual
1033,ings,0.0479,residual
1042,Ġcosts,0.0824,residual
1050,Ġhuman,0.0805,residual
1059,Ġbecame,0.0469,residual
1069,ri,0.0503,residual
1077,Ġdemand,0.0903,residual
1085,Ġnothing,0.0593,residual
1093,Ġforeign,0.115,residual
1102,Ġhappened,0.0804,residual
1111,ĠChinese,0.0384,residual
1120,ard,0.026,residual
1130,Ġincreased,0.057,residual
1139,Ġtown,0.07,residual
1147,Ġhelped,0.0565,residual
1155,Ġvehicle,0.0978,residual
1163,ĠRead,0.0494,residual
1171,Ġincludes,0.0495,residual
1179,Ġraised,0.044,residual
1189,Ġremains,0.0507,residual
1198,Ġpre,0.0466,residual
1206,ĠPaul,0.0419,residual
1215,_,0.0388,residual
1224,Ġturned,0.0347,residual
1233,Ġsignificant,0.0628,residual
1242,ot,0.0502,residual
1250,all,0.0528,residual
1258,ation,0.0575,residual
1268,Ġanyone,0.0498,residual
1276,Ġdecided,0.0562,residual
1284,ĠObama,0.0921,residual
1292,ĠGeneral,0.04,residual
1300,Ġsource,0.0505,residual
1309,ĠHealth,0.1231,residual
1317,Ġheard,0.0555,residual
1326,Ġlooks,0.0558,residual
1335,Ġquickly,0.0617,residual
1345,Ġphoto,0.0484,residual
1353,Ġcentral,0.0856,residual
1361,Ġcredit,0.141,residual
1369,Ġhappen,0.0692,residual
1377,Ġprojects,0.0808,residual
1385,Ġterm,0.0603,residual
1394,Ġask,0.0662,residual
1403,Ġself,0.0458,residual
1414,Ġoperations,0.0862,residual
1423,Ġy,0.0338,residual
1433,Ġpreviously,0.0254,residual
1442,ĠNov,0.0404,residual
1450,Ġcomments,0.0717,residual
1459,ite,0.0479,residual
1468,Ġmaterial,0.0908,residual
1476,Ġviolence,0.1129,residual
1485,ĠNFL,0.1279,residual
1494,Ġdepartment,0.0735,residual
1502,ĠDec,0.0339,residual
1510,Ġ70,0.0584,residual
1518,Ġbrand,0.0419,residual
1528,Ġtrue,0.0532,residual
1539,Ġchallenge,0.055,residual
1548,Ġapproach,0.054,residual
1556,twitter,0.1374,residual
1564,Ġcollege,0.0851,residual
1573,ĠChris,0.0403,residual
1583,Ġthousands,0.0628,residual
1592,.),0.0421,residual
1601,Ġletter,0.0773,residual
1609,Ġhighest,0.0718,residual
1619,ĠChristmas,0.0666,residual
1628,ĠGreen,0.0251,residual
1636,ĠKim,0.0259,residual
1644,back,0.0433,residual
1653,ĠCar,0.0343,residual
1661,Ġoffered,0.0654,residual
1670,Reporting,0.1277,residual
1678,ĠDirector,0.0313,residual
1687,Ġconsidered,0.0381,residual
1696,ino,0.0605,residual
1704,ĠAfrican,0.0657,residual
1716,Ġmissing,0.0647,residual
1724,Ġdecades,0.0843,residual
1734,Ġvehicles,0.0855,residual
1743,Ġsystems,0.0785,residual
1752,ĠPakistan,0.0576,residual
1760,Ġact,0.0727,residual
1768,Ġscheduled,0.055,residual
1776,ĠBig,0.0589,residual
1785,ĠBoard,0.0316,residual
1795,Ġbenefits,0.0806,residual
1804,Ġlimited,0.0679,residual
1812,Ġ80,0.076,residual
1820,ĠServices,0.0978,residual
1828,Ġtough,0.0584,residual
1837,Ġcriminal,0.086,residual
1846,Ġcrime,0.1262,residual
1855,Ġch,0.0394,residual
1863,ĠSecretary,0.068,residual
1871,Ġsave,0.0497,residual
1879,iv,0.0341,residual
1887,Ġdesigned,0.0316,residual
1897,Ġdomestic,0.0801,residual
1905,Ġfeature,0.0682,residual
1914,Ġforecast,0.0653,residual
1923,Ġemergency,0.1198,residual
1931,Ġex,0.044,residual
1942,ee,0.052,residual
1950,Ġfully,0.0405,residual
1958,Ġsnow,0.0334,residual
1966,Ġanalysis,0.1042,residual
1974,Ġplays,0.0907,residual
1982,Ġwritten,0.0449,residual
1991,Ġhopes,0.0742,residual
1999,ha,0.0639,residual
2007,Ġsimple,0.0544,residual
2015,Ġreality,0.105,residual
2023,»,0.0832,residual
2031,Ġchoice,0.0654,residual
2039,Ġmissed,0.0761,residual
2047,Ġbelieved,0.0503,residual
2055,Ġ+,0.0252,residual
2063,ĠFox,0.0471,residual
2072,ize,0.0459,residual
2080,Ġassault,0.1188,residual
2088,ive,0.0454,residual
2097,Ġprevent,0.1064,residual
2105,Ġfair,0.0551,residual
2114,Ġfacing,0.0558,residual
2123,Ġconfidence,0.0717,residual
2133,na,0.0594,residual
2142,Ġsend,0.0501,residual
2150,ĠMatt,0.0594,residual
2158,ze,0.0464,residual
2167,Ġspecific,0.0544,residual
2175,Ġbond,0.0912,residual
2183,Ġselling,0.0755,residual
2192,ities,0.0928,residual
2202,Ġdecade,0.1008,residual
2210,Ġexisting,0.0676,residual
2218,ĠKh,0.0468,residual
2227,Ġrising,0.0434,residual
2235,ĠClinton,0.0801,residual
2243,Ġchairman,0.1147,residual
2252,Ġdividend,0.091,residual
2261,Ġcandidates,0.0545,residual
2270,Ġprimary,0.0459,residual
2279,ann,0.0597,residual
2287,Ġeuro,0.0842,residual
2296,Ġdenied,0.0777,residual
2305,Ġstated,0.0359,residual
2314,Ġscoring,0.059,residual
2323,Ġhits,0.0629,residual
2331,ala,0.0585,residual
2341,Ġtrain,0.0697,residual
2349,Ġaccounts,0.0795,residual
2357,Ġ33,0.0305,residual
2367,ĠMiddle,0.0319,residual
2375,Ġeffective,0.0552,residual
2383,âĢĵ,0.0311,residual
2393,ĠTr,0.0246,residual
2402,Ġsteps,0.0552,residual
2411,Photo,0.0822,residual
2420,ck,0.0655,residual
2429,Ġkilling,0.0505,residual
2438,Ġdeliver,0.0812,residual
2447,Ġimmigration,0.1231,residual
2455,Ġallowing,0.0594,residual
2463,ice,0.0516,residual
2471,Ġcast,0.0433,residual
2479,Ġdraft,0.0869,residual
2488,ĠJim,0.0673,residual
2496,Ġstyle,0.0681,residual
2505,ĠDavis,0.0524,residual
2513,Ġoperation,0.0744,residual
2523,Ġnames,0.0584,residual
2532,Ġperhaps,0.0436,residual
2540,Ġplease,0.0585,residual
2550,ied,0.0538,residual
2559,Ġseparate,0.0529,residual
2567,Ġpartners,0.0514,residual
2576,Ġbottom,0.0449,residual
2584,Ġcarried,0.0352,residual
2592,Ġproduce,0.0776,residual
2600,Ġreading,0.0748,residual
2608,Ġwinter,0.0677,residual
2619,200,0.0605,residual
2628,Ġsu,0.0394,residual
2638,Ġloved,0.053,residual
2646,ĠGu,0.0197,residual
2656,Ġdeals,0.0606,residual
2665,Ġorganizations,0.0699,residual
2674,Ġfavorite,0.0825,residual
2683,Ġindustrial,0.1145,residual
2691,ĠWomen,0.0395,residual
2699,Ġinnings,0.1381,residual
2707,Ġstrength,0.072,residual
2716,let,0.0371,residual
2724,Ġten,0.0565,residual
2732,Ġsupporters,0.0643,residual
2740,Ġordered,0.0595,residual
2749,Ġsetting,0.0641,residual
2757,Ġdivision,0.0637,residual
2766,Ġ49,0.0482,residual
2774,DAY,0.1287,residual
2782,Ġimproved,0.0715,residual
2790,Ġprotest,0.1118,residual
2798,Ġpanel,0.061,residual
2806,Ġreceiving,0.0403,residual
2815,ĠConference,0.0618,residual
2823,Ġsecure,0.0976,residual
2831,99,0.0597,residual
2839,ron,0.0625,residual
2848,ĠPort,0.049,residual
2856,Ġmatches,0.0712,residual
2864,Ġherself,0.0603,residual
2873,ĠThree,0.043,residual
2882,Ġwilling,0.0426,residual
2890,29,0.0814,residual
2899,Ġconsensus,0.0542,residual
2908,Ġ37,0.045,residual
2916,Ġcatch,0.04,residual
2924,Ġnewspaper,0.0818,residual
2933,Ġdark,0.0389,residual
2941,ĠTe,0.0299,residual
2949,Ġadvice,0.1243,residual
2957,uh,0.0798,residual
2965,300,0.0703,residual
2974,ĠGr,0.0218,residual
2982,Ġdis,0.0413,residual
2990,ack,0.0572,residual
2998,Ġdeclared,0.0376,residual
3006,iss,0.0471,residual
3015,ĠEx,0.0369,residual
3023,Ġx,0.0242,residual
3031,Ġactual,0.0581,residual
3039,Ġenvironmental,0.094,residual
3051,Ġwalking,0.0552,residual
3060,ĠVer,0.0208,residual
3069,Ġden,0.0366,residual
3077,Ġgains,0.0462,residual
3087,Ġne,0.0406,residual
3095,ĠWilson,0.0361,residual
3103,33,0.0557,residual
3112,Ġextended,0.0635,residual
3120,Ġnotice,0.054,residual
3128,ĠOnce,0.0417,residual
3136,Ġmoves,0.058,residual
3145,ff,0.0576,residual
3153,ank,0.0679,residual
3161,ĠMinnesota,0.0489,residual
3170,38,0.0636,residual
3179,Ġrefused,0.0698,residual
3189,Ġscale,0.0502,residual
3197,Ġroads,0.1084,residual
3205,Ġcents,0.1198,residual
3214,Ġexpensive,0.0735,residual
3222,Ġinter,0.0481,residual
3231,Ġcounter,0.0626,residual
3239,itch,0.0948,residual
3248,90,0.064,residual
3256,):,0.061,residual
3265,ĠSeries,0.0653,residual
3273,Ġpointed,0.0341,residual
3281,ern,0.0759,residual
3289,ĠJustin,0.0475,residual
3297,BS,0.0866,residual
3306,Ġstruggling,0.069,residual
3314,eng,0.0764,residual
3322,ĠEarlier,0.125,residual
3331,Ġwriter,0.0539,residual
3341,like,0.0608,residual
3350,ĠKe,0.0328,residual
3358,.-,0.0613,residual
3366,Ġdream,0.0545,residual
3374,Ġbecomes,0.0528,residual
3382,Ġregistered,0.0432,residual
3390,Ġactress,0.1296,residual
3399,NAS,0.1127,residual
3408,Ġturning,0.0378,residual
3417,ĠSeattle,0.0508,residual
3425,Ġinternal,0.06,residual
3433,Ġbreaking,0.0961,residual
3441,Ġrequires,0.0474,residual
3449,Ġcaptain,0.0765,residual
3458,Ġreligious,0.0857,residual
3466,ĠArabia,0.1218,residual
3474,Ġcrimes,0.1184,residual
3482,Ġshopping,0.1241,residual
3491,Ġgained,0.0521,residual
3500,Ġrelief,0.0926,residual
3509,ning,0.0569,residual
3517,Ġtroops,0.0753,residual
3525,Ġagents,0.0527,residual
3534,ĠDelhi,0.0743,residual
3542,ĠBo,0.0319,residual
3550,Ġ44,0.046,residual
3558,Ġending,0.0776,residual
3566,Ġacquired,0.0495,residual
3576,ĠChe,0.0463,residual
3584,Ġpurchased,0.0545,residual
3593,ĠEmail,0.1005,residual
3601,ĠSky,0.046,residual
3609,Sh,0.0535,residual
3617,Ġnumerous,0.0515,residual
3625,Ġsignificantly,0.0412,residual
3633,Ġcriticism,0.1012,residual
3641,star,0.086,residual
3649,Ġsuggests,0.0488,residual
3658,ĠNetwork,0.0767,residual
3666,ĠChampions,0.0797,residual
3674,Ġcomplaint,0.0555,residual
3682,Ġticket,0.0851,residual
3691,Ġshortly,0.0594,residual
3699,ives,0.0891,residual
3708,Ġmonthly,0.074,residual
3716,Ġpool,0.0576,residual
3725,Ġinvestigators,0.1,residual
3733,eg,0.0667,residual
3741,Ġcl,0.0329,residual
3749,Ġcontracts,0.0829,residual
3759,ĠFour,0.0297,residual
3767,ĠVal,0.0267,residual
3778,Ġsun,0.0587,residual
3787,Ġfounder,0.0528,residual
3796,inch,0.092,residual
3805,Ġtend,0.0357,residual
3813,BA,0.0933,residual
3822,Ġbattery,0.0536,residual
3830,ĠRo,0.0428,residual
3838,Ġent,0.0918,residual
3847,TA,0.0974,residual
3855,Ġimprovement,0.1356,residual
3863,oon,0.0703,residual
3872,Ġrec,0.0602,residual
3881,Ġattempts,0.0376,residual
3889,ĠJo,0.0355,residual
3898,den,0.0913,residual
3906,Ġrescue,0.1072,residual
3916,mar,0.063,residual
3925,Ġsquare,0.0244,residual
3933,03,0.0618,residual
3941,ĠRights,0.1178,residual
3951,Ġtreat,0.1132,residual
3959,Ġgender,0.0668,residual
3967,alt,0.0588,residual
3976,inc,0.057,residual
3984,Ġwine,0.1427,residual
3992,Ġstress,0.0707,residual
4001,ih,0.0782,residual
4009,Ġengaged,0.0859,residual
4017,400,0.0736,residual
4025,Ġcolleagues,0.0762,residual
4033,Ġbills,0.0755,residual
4043,Getty,0.0967,residual
4051,Ġcoal,0.0776,residual
4060,ison,0.0846,residual
4068,Ġexpenses,0.1267,residual
4076,Ġdrink,0.1188,residual
4084,Ġsurface,0.056,residual
4093,Ġmomentum,0.0736,residual
4101,ĠMat,0.036,residual
4110,ĠAli,0.028,residual
4118,Ġsolar,0.0849,residual
4126,Ġsemi,0.0553,residual
4137,Ġbehalf,0.0949,residual
4145,ĠMad,0.0361,residual
4155,called,0.1206,residual
4163,Ġfewer,0.0434,residual
4171,ĠThompson,0.0535,residual
4179,umb,0.0596,residual
4188,Ġawards,0.1225,residual
4197,02,0.0567,residual
4205,Ġexit,0.093,residual
4214,Ã£o,0.0989,residual
4222,ĠWisconsin,0.0654,residual
4230,Ġselection,0.0491,residual
4239,Star,0.0877,residual
4249,Ġrelevant,0.0754,residual
4257,Ġopponents,0.0676,residual
4266,ĠMor,0.041,residual
4274,Ġtrades,0.0993,residual
4282,ĠBarack,0.1376,residual
4290,ĠSydney,0.06,residual
4299,Ġalive,0.0489,residual
4307,ĠCR,0.0588,residual
4315,Ġbrief,0.042,residual
4324,ua,0.0892,residual
4332,""",""",0.0967,residual
4340,Ġopposed,0.0447,residual
4348,ike,0.0782,residual
4357,ĠHoldings,0.1052,residual
4366,Ġgathered,0.0713,residual
4376,ides,0.0785,residual
4384,away,0.057,residual
4393,hel,0.0641,residual
4401,Ġmar,0.0295,residual
4409,quarter,0.1262,residual
4418,Ġcited,0.0783,residual
4427,Ġovernight,0.0668,residual
4435,Ġgr,0.0313,residual
4443,Ġguess,0.0628,residual
4452,Ġhosts,0.1091,residual
4460,Ġfixed,0.0827,residual
4468,ese,0.0602,residual
4476,Ġperformances,0.1369,residual
4484,ability,0.1118,residual
4492,Ġstations,0.0638,residual
4500,ĠTest,0.0335,residual
4508,ĠMatthew,0.0482,residual
4517,Ġprospect,0.0767,residual
4526,arm,0.094,residual
4535,Ġstudio,0.1168,residual
4543,Ġsn,0.0285,residual
4551,Ġfailing,0.0529,residual
4559,Ġconfirm,0.0646,residual
4570,Ġposts,0.0448,residual
4578,ĠAntonio,0.0829,residual
4587,ĠGary,0.0374,residual
4596,Ġresulted,0.0804,residual
4605,Ġwave,0.0378,residual
4613,Ġwonderful,0.0656,residual
4621,mann,0.08,residual
4629,RE,0.046,residual
4637,ĠZimbabwe,0.0797,residual
4645,ĠLady,0.0445,residual
4653,ĠAsh,0.0424,residual
4661,Ġka,0.0621,residual
4671,68,0.064,residual
4681,ĠArab,0.039,residual
4691,min,0.0365,residual
4700,Ġtrillion,0.1276,residual
4708,51,0.058,residual
4716,Ġpet,0.0603,residual
4724,Ġdesire,0.0589,residual
4733,iers,0.1037,residual
4741,Part,0.0649,residual
4749,ĠAnaly,0.098,residual
4757,Ġstick,0.078,residual
4765,ores,0.0856,residual
4774,eth,0.1044,residual
4782,Ġtheme,0.0954,residual
4792,Ġpilot,0.0771,residual
4800,Ġprotesters,0.1171,residual
4809,half,0.1146,residual
4819,Ġsummary,0.079,residual
4828,Ġformal,0.0934,residual
4836,Ġnetworks,0.0809,residual
4844,Ġrepresentatives,0.0832,residual
4854,Ġdanger,0.0766,residual
4862,pr,0.0553,residual
4870,Ġmigrants,0.115,residual
4878,Ġreduction,0.0582,residual
4886,Ġoverseas,0.0807,residual
4895,Ġexposure,0.0967,residual
4903,ret,0.062,residual
4911,iy,0.0875,residual
4919,ĠTesla,0.1384,residual
4927,Ġdating,0.0841,residual
4935,Ġextensive,0.0651,residual
4943,Ġcycle,0.0605,residual
4953,Ġblocked,0.0535,residual
4961,Ġappearances,0.0666,residual
4969,ĠSon,0.039,residual
4977,nes,0.066,residual
4985,ĠPC,0.0424,residual
4994,ĠBro,0.0294,residual
5004,Ġextreme,0.0734,residual
5013,Ġguns,0.0723,residual
5023,ull,0.0682,residual
5031,ĠSteven,0.0423,residual
5039,hr,0.1009,residual
5047,Ġreferendum,0.1354,residual
5055,Ġacknowledged,0.0828,residual
5063,Ġneither,0.0377,residual
5072,Ġbasically,0.04,residual
5080,ĠAv,0.0413,residual
5090,ops,0.0772,residual
5099,ĠCreek,0.0937,residual
5108,Ġprospects,0.0954,residual
5116,Ġsuccessfully,0.0455,residual
5125,Ġdefeated,0.0785,residual
5133,ĠCap,0.0295,residual
5141,ĠHillary,0.1283,residual
5149,ĠSystem,0.0469,residual
5158,ghan,0.1409,residual
5167,Ġyields,0.1132,residual
5175,Ġelectronic,0.1261,residual
5183,atic,0.0811,residual
5192,Ġfriendly,0.0642,residual
5201,Ġindependence,0.0802,residual
5209,Ġpresentation,0.0756,residual
5217,Ġcombat,0.092,residual
5225,ble,0.0642,residual
5234,pre,0.0479,residual
5242,Ġestablish,0.0701,residual
5251,Ġmin,0.0693,residual
5259,Ġassociation,0.0579,residual
5267,ĠCA,0.0359,residual
5275,ĠMitchell,0.063,residual
5283,Ġpregnant,0.0702,residual
5291,Ġanticipated,0.0694,residual
5299,Ġplate,0.0575,residual
5307,Ġteaching,0.0952,residual
5316,ĠSanders,0.0689,residual
5324,Ġnoticed,0.0502,residual
5332,ances,0.0874,residual
5340,Ġwelcomed,0.0794,residual
5348,ĠSir,0.0364,residual
5356,Ġ62,0.0455,residual
5364,Ġoperator,0.0621,residual
5372,Ġrequested,0.061,residual
5380,ĠRobinson,0.0436,residual
5388,ĠMill,0.0316,residual
5396,Ġbrothers,0.0604,residual
5404,Ed,0.0486,residual
5412,water,0.089,residual
5421,ees,0.0924,residual
5429,ĠFC,0.048,residual
5437,Ġbenchmark,0.0675,residual
5446,ĠSeason,0.0537,residual
5454,ĠMajor,0.0253,residual
5462,Ġsheet,0.0558,residual
5471,mm,0.0495,residual
5479,78,0.083,residual
5487,Ġhighs,0.1056,residual
5498,ĠGhana,0.0745,residual
5507,ĠKal,0.047,residual
5515,uru,0.1215,residual
5523,Ġdrawing,0.0557,residual
5533,Ġinterviews,0.1081,residual
5541,Ġprovincial,0.0738,residual
5549,Ġ63,0.0553,residual
5557,war,0.0824,residual
5565,Ġbags,0.0576,residual
5574,Ġimplementation,0.0668,residual
5582,Ġshoes,0.0975,residual
5592,Ġtrail,0.0549,residual
5601,Ġsurvived,0.1072,residual
5609,Ġkeen,0.0428,residual
5617,ĠGreek,0.0632,residual
5626,Ġdiet,0.0998,residual
5637,ĠBoy,0.0476,residual
5645,Ġroof,0.0781,residual
5654,ĠBad,0.0382,residual
5664,ĠGas,0.0576,residual
5672,ĠLibrary,0.0811,residual
5681,Ġflooding,0.1035,residual
5689,Ġvon,0.0629,residual
5697,ĠMalaysia,0.1069,residual
5706,ĠRangers,0.0775,residual
5715,ood,0.0746,residual
5723,Ġcarries,0.0764,residual
5732,Ġmidfielder,0.1198,residual
5741,Ġtries,0.0587,residual
5750,ĠMississippi,0.0836,residual
5758,ĠTR,0.0417,residual
5767,ĠSy,0.0224,residual
5777,ener,0.0809,residual
5786,Ġsurveillance,0.0988,residual
5794,Ġwaters,0.1069,residual
5802,Ġempty,0.065,residual
5811,ĠBre,0.0367,residual
5819,ĠMilwaukee,0.0795,residual
5827,style,0.1306,residual
5835,Ġstunning,0.0531,residual
5843,ĠMorning,0.0561,residual
5851,Ġche,0.0559,residual
5859,Ġwidespread,0.0501,residual
5867,aring,0.0826,residual
5875,Ġtrucks,0.1174,residual
5883,Ġcontribution,0.0982,residual
5891,Ġconstant,0.0449,residual
5899,ĠSessions,0.1055,residual
5907,Ġnobody,0.0758,residual
5915,Ġviewed,0.0847,residual
5924,ways,0.0668,residual
5932,Ġlanded,0.0858,residual
5941,Ġduties,0.082,residual
5951,Ġag,0.0658,residual
5959,ĠKy,0.045,residual
5967,tt,0.0592,residual
5977,ĠGh,0.0543,residual
5986,ĠWard,0.038,residual
5995,Ġodds,0.0671,residual
6003,ĠHot,0.054,residual
6011,ĠWork,0.0356,residual
6020,ĠProfessor,0.0794,residual
6030,Ġaccurate,0.0529,residual
6039,ĠWindows,0.0453,residual
6047,Ġfreshman,0.0927,residual
6055,ĠAlberta,0.0888,residual
6063,Ġremote,0.0525,residual
6071,oney,0.1106,residual
6079,ĠSoutheast,0.0766,residual
6088,Ġcoordinator,0.0869,residual
6096,Ġgirlfriend,0.0956,residual
6104,Ġpreliminary,0.049,residual
6114,Ġreserve,0.0843,residual
6123,ĠWarner,0.1208,residual
6131,ĠRegion,0.0728,residual
6139,ĠDouglas,0.0509,residual
6148,Ġbutton,0.042,residual
6157,oth,0.0614,residual
6165,Ġviolations,0.1079,residual
6173,Ġreviews,0.0577,residual
6183,ights,0.1076,residual
6191,ĠBand,0.0549,residual
6199,used,0.0931,residual
6207,ĠLow,0.0204,residual
6216,Ġpurposes,0.0863,residual
6225,Ġcommit,0.0853,residual
6234,ishing,0.1062,residual
6242,Ġdisabled,0.073,residual
6250,ĠGDP,0.1176,residual
6258,Ġrel,0.0468,residual
6267,ĠAssistant,0.0806,residual
6275,ĠPolicy,0.1429,residual
6284,ĠAlan,0.0469,residual
6292,Ġenhance,0.0944,residual
6302,Ġdivers,0.071,residual
6310,ĠDis,0.0224,residual
6318,Ġexhibition,0.1366,residual
6327,Ġcalm,0.063,residual
6335,CO,0.0739,residual
6343,ude,0.0689,residual
6351,Ġgear,0.0818,residual
6360,Ġsky,0.0679,residual
6369,Ġconcrete,0.0619,residual
6377,ista,0.0855,residual
6385,ĠChase,0.0636,residual
6395,ĠIII,0.0416,residual
6403,zer,0.0611,residual
6411,Ġcomponents,0.0577,residual
6420,Ġcrown,0.0433,residual
6428,Ġabortion,0.1029,residual
6436,Ġtriple,0.0619,residual
6446,ĠCowboys,0.1319,residual
6454,IO,0.0983,residual
6463,Ġlongest,0.088,residual
6471,Ġsubmit,0.0857,residual
6479,ĠBi,0.0574,residual
6487,lu,0.0607,residual
6496,Ġnoise,0.1305,residual
6504,gr,0.0433,residual
6512,ĠMir,0.0404,residual
6522,Ġdepartments,0.0889,residual
6530,Ġintervention,0.0717,residual
6539,Ġpulling,0.0451,residual
6549,Ġsaving,0.0808,residual
6559,Ġassembly,0.1098,residual
6568,okes,0.1229,residual
6577,ĠPinterest,0.1371,residual
6587,Ġterrible,0.0604,residual
6595,Ġimport,0.0886,residual
6603,ĠGarcia,0.0947,residual
6611,Ġneighbors,0.0866,residual
6620,Ġluck,0.071,residual
6628,ĠAutom,0.1133,residual
6636,Ġrepeated,0.0262,residual
6645,ving,0.1089,residual
6653,eral,0.1065,residual
6661,Ġsorry,0.0527,residual
6669,ĠWeinstein,0.1175,residual
6678,ĠSanchez,0.092,residual
6686,ĠBloomberg,0.1073,residual
6694,Ġtag,0.0688,residual
6702,Ġasylum,0.0931,residual
6711,Ġmood,0.0925,residual
6719,ĠCast,0.0311,residual
6727,Ġhumanitarian,0.1002,residual
6735,Ġta,0.0546,residual
6743,ĠDen,0.0454,residual
6751,Ġballs,0.0574,residual
6760,ĠMun,0.0439,residual
6769,Ġdet,0.0188,residual
6778,ĠCarlos,0.0784,residual
6787,Ġnarrow,0.0492,residual
6796,ued,0.0993,residual
6804,ota,0.095,residual
6812,isk,0.0771,residual
6820,Ġvoices,0.0648,residual
6829,Ġbeef,0.0681,residual
6839,Ġtremendous,0.0793,residual
6848,Ġdetention,0.0981,residual
6856,Ġattendance,0.1214,residual
6864,Ġspeakers,0.095,residual
6873,vi,0.0605,residual
6881,Ġpound,0.0805,residual
6889,Ġimpressed,0.0724,residual
6897,Ġstops,0.0501,residual
6905,NC,0.0877,residual
6913,ĠPence,0.1354,residual
6921,Ġsmooth,0.0605,residual
6931,ĠCompanies,0.1307,residual
6939,ĠLaura,0.0489,residual
6948,ality,0.1017,residual
6956,alia,0.115,residual
6964,Ġgrass,0.0706,residual
6974,ĠSep,0.0387,residual
6982,ĠEnvironmental,0.0919,residual
6990,Ġasks,0.0767,residual
6998,oud,0.0882,residual
7007,ĠJerusalem,0.0804,residual
7015,Ġcarefully,0.0331,residual
7023,Ġknife,0.0946,residual
7033,days,0.1028,residual
7041,Ġmemorial,0.0846,residual
7049,post,0.0834,residual
7058,Ġreliable,0.0571,residual
7067,ove,0.0844,residual
7075,Ġingredients,0.1055,residual
7084,Ġupgraded,0.0864,residual
7092,Ġpictured,0.0867,residual
7100,rick,0.1128,residual
7108,ĠMcG,0.0718,residual
7116,Ġextraordinary,0.0808,residual
7124,ĠPass,0.0386,residual
7133,Ġvisual,0.0625,residual
7141,Ġranking,0.0543,residual
7149,Ġsurvivors,0.0808,residual
7157,ĠNad,0.0767,residual
7165,agg,0.089,residual
7175,ĠClassic,0.0834,residual
7183,Ġglobe,0.0807,residual
7191,Ġdesigns,0.0903,residual
7200,Ġclip,0.0533,residual
7208,Ġframework,0.0698,residual
7217,Ġphysically,0.0534,residual
7226,Ġaffair,0.1125,residual
7235,Ġfocuses,0.0734,residual
7243,aman,0.0752,residual
7251,Ġfighter,0.1136,residual
7260,Ġorganisations,0.116,residual
7269,plus,0.0885,residual
7277,Ġpose,0.0598,residual
7285,Ġchapter,0.0548,residual
7293,core,0.0752,residual
7304,Ġbottle,0.0552,residual
7312,ĠRad,0.031,residual
7320,ĠBelgium,0.0873,residual
7329,Ġcollision,0.095,residual
7338,ĠMilan,0.0867,residual
7346,ĠSM,0.0505,residual
7355,Ġpremier,0.1181,residual
7363,urt,0.0858,residual
7372,uan,0.1007,residual
7381,aun,0.0966,residual
7390,Ġformat,0.0826,residual
7399,zz,0.0801,residual
7407,Ġcons,0.066,residual
7417,Ġ700,0.0545,residual
7427,Ġles,0.0475,residual
7435,ĠRun,0.0325,residual
7443,other,0.0615,residual
7451,Ġankle,0.0962,residual
7459,ĠFalls,0.0913,residual
7468,nie,0.1073,residual
7477,Ġinterviewed,0.1177,residual
7485,ss,0.0415,residual
7493,Ġurging,0.0795,residual
7501,Ġsurrounded,0.0917,residual
7509,holders,0.121,residual
7517,imi,0.1103,residual
7525,ĠKashmir,0.1166,residual
7534,ĠQuebec,0.0977,residual
7543,ĠFuture,0.0664,residual
7551,Ġgoalkeeper,0.1284,residual
7560,aded,0.1083,residual
7569,ĠGrace,0.0488,residual
7578,Ġvocal,0.0627,residual
7586,..,0.0413,residual
7594,Ġarguing,0.1177,residual
7602,ĠWolf,0.0502,residual
7616,ĠLiberty,0.0643,residual
7624,ĠElliott,0.0616,residual
7633,lling,0.1153,residual
7642,Ġchronic,0.0757,residual
7651,ired,0.0894,residual
7659,Ġpitcher,0.1264,residual
7667,Ġbloc,0.07,residual
7675,Ġil,0.0353,residual
7683,Ġsells,0.1045,residual
7691,Ġtrigger,0.0639,residual
7701,ĠBryant,0.0948,residual
7710,ancing,0.1433,residual
7720,IE,0.0895,residual
7728,Ġsample,0.0659,residual
7736,ĠTam,0.0465,residual
7744,ION,0.1228,residual
7752,Ġgrants,0.0771,residual
7760,woman,0.1203,residual
7769,Ġimportantly,0.0881,residual
7778,ĠCAP,0.0861,residual
7786,ĠTroy,0.0674,residual
7795,ĠPatrol,0.1312,residual
7806,ĠOverall,0.1039,residual
7814,Ġblast,0.0652,residual
7822,rad,0.0847,residual
7831,TER,0.1131,residual
7839,ĠVikings,0.1145,residual
7848,ĠJoshua,0.0571,residual
7858,ĠDef,0.0062,residual
7866,ĠLuis,0.0877,residual
7874,ĠSolutions,0.1478,residual
7882,Ġmissiles,0.1228,residual
7890,ĠKent,0.045,residual
7899,Ġdisplayed,0.0716,residual
7908,ĠIndeed,0.1045,residual
7916,ĠKa,0.0347,residual
7925,ĠDur,0.0548,residual
7933,atter,0.102,residual
7942,FO,0.1132,residual
7951,ĠHD,0.08,residual
7959,ĠBennett,0.097,residual
7967,Ġsurvival,0.0899,residual
7975,ĠPop,0.0586,residual
7984,lt,0.0602,residual
7993,Ġlanes,0.1119,residual
8001,ĠHen,0.0525,residual
8010,Ġbackup,0.0637,residual
8018,Ġjoke,0.0586,residual
8027,Ġpent,0.0577,residual
8037,Ġlake,0.0715,residual
8046,borough,0.1413,residual
8054,Ġalarm,0.0676,residual
8062,ĠPortugal,0.1177,residual
8070,""")",0.1163,residual
8078,Ġshortage,0.0907,residual
8086,ĠDh,0.0812,residual
8094,Ġlocally,0.0602,residual
8103,ĠðŁ,0.0391,residual
8111,ination,0.1475,residual
8119,Ġreplacing,0.062,residual
8131,Ġhunt,0.063,residual
8139,Ġtransported,0.1317,residual
8148,Ġ1994,0.0884,residual
8157,Ġ2022,0.0815,residual
8165,Ġappearing,0.056,residual
8174,].,0.0769,residual
8182,Ġgoverning,0.1021,residual
8191,Ġbound,0.0638,residual
8199,Ġregulator,0.1178,residual
8207,Ġformally,0.0856,residual
8216,Ġcontributing,0.0576,residual
8225,Ġdifferently,0.0835,residual
8236,ĠNav,0.0427,residual
8244,ular,0.0657,residual
8252,Ġjudicial,0.0944,residual
8260,Ġstrongest,0.101,residual
8268,Ġstole,0.097,residual
8277,Ġreiterated,0.1266,residual
8285,ower,0.1043,residual
8294,Ġflew,0.1085,residual
8302,ĠCode,0.0554,residual
8313,ĠEmirates,0.1139,residual
8322,Ġamendment,0.1137,residual
8330,ĠSpe,0.042,residual
8339,Ġinsight,0.0917,residual
8350,ĠSecret,0.0408,residual
8359,Ġrankings,0.1428,residual
8367,atur,0.1112,residual
8378,Ġwhenever,0.0442,residual
8387,ĠAmb,0.043,residual
8396,good,0.0796,residual
8404,ĠMend,0.0491,residual
8412,ĠHarvard,0.0849,residual
8420,Ġjailed,0.1354,residual
8428,oper,0.0966,residual
8436,ĠFoster,0.083,residual
8445,ĠAle,0.0618,residual
8453,Ġking,0.0755,residual
8462,Ġprop,0.0592,residual
8470,Ġter,0.024,residual
8481,China,0.1455,residual
8489,hood,0.0904,residual
8499,ĠRoom,0.083,residual
8508,rou,0.0801,residual
8516,Ġpit,0.0622,residual
8524,Ġdies,0.0601,residual
8532,Image,0.0744,residual
8540,Ġsubsidiary,0.0749,residual
8548,Ġ1992,0.0864,residual
8557,ema,0.1114,residual
8565,Ġopted,0.1237,residual
8574,Ġinfo,0.1031,residual
8584,sec,0.0889,residual
8595,ĠUrban,0.0601,residual
8603,ĠNam,0.0492,residual
8612,Ġdisplays,0.1001,residual
8621,Ġpermits,0.0936,residual
8629,urn,0.0993,residual
8639,ĠDick,0.056,residual
8650,aney,0.1367,residual
8660,iter,0.0498,residual
8670,Ġpartnerships,0.1179,residual
8680,Ġprofitability,0.1497,residual
8690,iller,0.1202,residual
8698,Ġmuscle,0.0966,residual
8707,Ġheadline,0.0876,residual
8716,Â®,0.0859,residual
8725,Ġinner,0.0709,residual
8733,Ġyoungest,0.1248,residual
8741,Ġrenewable,0.1315,residual
8750,Ġpal,0.0724,residual
8759,ĠAgreement,0.1056,residual
8768,ĠHon,0.0443,residual
8777,Ġshocking,0.0849,residual
8785,Ġexists,0.0768,residual
8793,Ġstrain,0.0739,residual
8801,ĠRescue,0.0953,residual
8810,asa,0.1137,residual
8819,Ġimplications,0.1088,residual
8828,ĠRoute,0.0807,residual
8837,ĠGR,0.0222,residual
8847,Ġdish,0.0827,residual
8855,oured,0.1378,residual
8864,Ġprogrammes,0.1165,residual
8874,Ġdeposits,0.0816,residual
8883,ĠSW,0.0302,residual
8894,Ġbullet,0.0673,residual
8905,Ġzones,0.0918,residual
8913,iment,0.1025,residual
8922,ĠSachs,0.129,residual
8930,Ġcry,0.0579,residual
8938,ĠParks,0.1245,residual
8946,Ġnewest,0.0976,residual
8954,aria,0.1214,residual
8963,Ġ180,0.0173,residual
8972,ĠTiger,0.0522,residual
8980,Ġelectrical,0.0958,residual
8990,ĠAqu,0.061,residual
8998,ĠRating,0.1209,residual
9009,NE,0.0861,residual
9020,ĠMarketing,0.1474,residual
9029,2016,0.0946,residual
9038,ĠDame,0.0962,residual
9046,Ġreact,0.0513,residual
9054,ĠHus,0.0593,residual
9062,ĠBrook,0.066,residual
9072,Ġdescribing,0.0876,residual
9081,ĠNeither,0.108,residual
9091,force,0.0963,residual
9099,Ġshadow,0.0631,residual
9107,Ġpreventing,0.0785,residual
9117,ĠWoman,0.0983,residual
9126,Ġerrors,0.0737,residual
9134,Ġborrowing,0.1248,residual
9142,Ġopenly,0.0782,residual
9151,ĠKids,0.1087,residual
9160,Ġadjust,0.0618,residual
9168,ĠMaduro,0.1476,residual
9177,Ġcriminals,0.1223,residual
9186,Ġgenetic,0.101,residual
9194,Ġvend,0.0986,residual
9202,Ġpatch,0.0591,residual
9212,Ġcop,0.0421,residual
9220,ĠLogan,0.053,residual
9230,sters,0.1124,residual
9238,ĠOxford,0.0541,residual
9247,Ġevil,0.092,residual
9256,Ġgenerous,0.0543,residual
9264,Ĥ,0.0908,residual
9272,Ġshootings,0.1442,residual
9280,Ġexperiment,0.0858,residual
9288,Ġformula,0.1064,residual
9296,Ġpump,0.0671,residual
9305,Ġdrops,0.0769,residual
9315,alled,0.1087,residual
9323,Ġ1950,0.0931,residual
9332,OO,0.1101,residual
9341,ĠGab,0.0808,residual
9349,ĠOPEC,0.1238,residual
9357,ı,0.1161,residual
9365,Ġvillages,0.1082,residual
9373,ĠWed,0.068,residual
9381,ĠSterling,0.0611,residual
9390,Ġexecuted,0.0731,residual
9399,vent,0.0909,residual
9410,oming,0.1114,residual
9418,rak,0.1113,residual
9427,ĠRemember,0.105,residual
9435,range,0.1106,residual
9446,ĠBrit,0.0495,residual
9454,Ġstint,0.0928,residual
9463,Ġphotographer,0.1128,residual
9473,Ġind,0.0509,residual
9481,ĠiPad,0.1403,residual
9489,Ġnortheast,0.1111,residual
9497,Police,0.125,residual
9506,hem,0.0731,residual
9515,Ġunf,0.0314,residual
9525,lev,0.0881,residual
9533,Ġoccupied,0.0907,residual
9542,ĠColts,0.1387,residual
9550,Ġmeasured,0.0862,residual
9558,ĠPeterson,0.0947,residual
9568,Ġperceived,0.0645,residual
9578,vis,0.0619,residual
9586,ĠRail,0.064,residual
9594,Ġintellectual,0.1472,residual
9602,ĠFresh,0.0421,residual
9610,ĠFlorence,0.0842,residual
9619,ĠPlanning,0.1055,residual
9627,Ġhomicide,0.1263,residual
9635,hard,0.0884,residual
9643,Ġincentives,0.1097,residual
9652,ĠEdinburgh,0.0976,residual
9660,ĠTemple,0.0536,residual
9669,Ġcompelling,0.0674,residual
9678,ĠAnimal,0.0719,residual
9686,Ġcaps,0.0623,residual
9695,Ġpur,0.0411,residual
9703,Ã©e,0.1222,residual
9711,ĠMessi,0.1389,residual
9722,ĠPut,0.0352,residual
9731,Ġintends,0.1174,residual
9740,Ġquote,0.0674,residual
9749,Ġroot,0.0551,residual
9759,Ġboot,0.0475,residual
9767,ĠNissan,0.1135,residual
9775,Ġseeds,0.0864,residual
9783,Ġamongst,0.0758,residual
9791,ahl,0.1121,residual
9799,ural,0.0959,residual
9807,Ġmirror,0.0724,residual
9817,ĠRiley,0.097,residual
9825,Ġstructural,0.0668,residual
9833,ĠPalmer,0.084,residual
9841,ĠCC,0.0505,residual
9851,ĠGrove,0.0982,residual
9859,ĠMcK,0.0609,residual
9867,ĠSay,0.049,residual
9877,ope,0.0871,residual
9885,Ġforgotten,0.0847,residual
9893,Ġsweeping,0.04,residual
9901,Ġmilitant,0.1256,residual
9909,ĠGibson,0.0797,residual
9919,raz,0.0926,residual
9927,Ġteeth,0.0795,residual
9935,Ġdraws,0.066,residual
9945,owers,0.1493,residual
9954,ĠIslamist,0.1282,residual
9963,ĠBO,0.0449,residual
9971,Ġoffences,0.1467,residual
9980,Ġoutper,0.1288,residual
9989,ĠReporter,0.1302,residual
9997,iously,0.1134,residual
10008,mate,0.0885,residual
10017,Ġcats,0.0831,residual
10025,Ġbrave,0.0515,residual
10033,ĠRO,0.038,residual
10041,ĠClose,0.0568,residual
10049,Ġaides,0.1268,residual
10058,tag,0.1282,residual
10066,Ġstrengthening,0.0949,residual
10076,",'""",0.1351,residual
10084,Ġburst,0.0644,residual
10093,ĠCourtesy,0.1302,residual
10103,Ġsouthwest,0.1058,residual
10112,ĠTheater,0.1456,residual
10121,Ġtriumph,0.068,residual
10130,ĠLate,0.0681,residual
10138,ĠMonte,0.0473,residual
10146,Ġconc,0.0475,residual
10154,Ġexamine,0.0964,residual
10163,wal,0.0962,residual
10172,ģ,0.0862,residual
10180,Ġevident,0.0743,residual
10190,ĠDraft,0.0891,residual
10199,Ġfabric,0.0737,residual
10207,OG,0.0878,residual
10215,ĠSimmons,0.0967,residual
10223,opp,0.0903,residual
10233,ĠOt,0.0555,residual
10245,hn,0.1413,residual
10254,Ġawaiting,0.1016,residual
10265,Ġni,0.0768,residual
10274,ĠMod,0.0516,residual
10283,ĠStevens,0.0642,residual
10294,ĠImmigration,0.1267,residual
10304,Ġconvert,0.0594,residual
10313,ĠSuperintendent,0.1314,residual
10322,ĠBelt,0.0703,residual
10332,Ġwheat,0.0794,residual
10342,Ġbell,0.0219,residual
10350,Le,0.0505,residual
10358,Ġtimely,0.0744,residual
10367,ĠId,0.0418,residual
10376,ĠRCMP,0.1413,residual
10385,ĠNothing,0.0796,residual
10394,ĠTak,0.0509,residual
10403,gest,0.0982,residual
10413,ĠSing,0.0496,residual
10423,Ġwelcoming,0.0941,residual
10432,iw,0.0905,residual
10442,ĠNative,0.0413,residual
10451,Ġcomparable,0.0412,residual
10459,anch,0.1068,residual
10468,Ġinch,0.0656,residual
10478,ĠUSB,0.0639,residual
10488,ĠMargaret,0.0882,residual
10497,Ġsealed,0.0563,residual
10505,rid,0.0947,residual
10513,Ġbitter,0.0637,residual
10521,Ġgrey,0.0524,residual
10529,Ġ125,0.0496,residual
10537,ML,0.111,residual
10546,Ġcement,0.0608,residual
10557,Ġintend,0.0832,residual
10566,ĠDate,0.1067,residual
10574,ĠDetails,0.1346,residual
10583,Ġfortunate,0.1068,residual
10593,Ġsearched,0.1016,residual
10601,Ġhung,0.0767,residual
10610,Ġworn,0.0827,residual
10620,uka,0.1062,residual
10629,ĠNoah,0.0791,residual
10640,Ġwillingness,0.1219,residual
10649,ĠEX,0.049,residual
10658,Ġhoney,0.075,residual
10666,ĠUSC,0.0809,residual
10675,Ġthorough,0.0597,residual
10683,ĠSend,0.093,residual
10692,ĠTwenty,0.1021,residual
10700,ĠShell,0.0552,residual
10709,Ġbio,0.0837,residual
10718,ĠMetropolitan,0.0696,residual
10726,Ġconsists,0.1046,residual
10734,bur,0.0578,residual
10743,Ġexam,0.0842,residual
10751,AW,0.1068,residual
10759,Ġconst,0.0809,residual
10768,ĠdÃ©,0.0756,residual
10776,ishes,0.1117,residual
10787,Many,0.0658,residual
10795,Ġevolution,0.1435,residual
10803,BUR,0.1332,residual
10813,Ġinteractive,0.1486,residual
10822,Ġmigrant,0.0809,residual
10831,ĠIV,0.0605,residual
10841,ĠBeat,0.0508,residual
10851,âĤ¬,0.115,residual
10861,Ġridiculous,0.067,residual
10870,Ġhabit,0.0713,residual
10878,ĠPhotos,0.1444,residual
10886,ĠTory,0.1374,residual
10896,Ġsuperstar,0.0952,residual
10905,Ġbare,0.0327,residual
10913,ello,0.1182,residual
10921,Ġcertificate,0.0969,residual
10931,ĠMI,0.0447,residual
10941,Ġshorter,0.0497,residual
10952,Ġdrones,0.1325,residual
10960,Ġinstances,0.0719,residual
10968,inos,0.1086,residual
10978,ĠVe,0.0528,residual
10987,ange,0.0975,residual
10996,Ġrunway,0.0984,residual
11005,ĠBible,0.0578,residual
11014,ĠDana,0.0861,residual
11022,Ġinvent,0.0695,residual
11031,Ġfare,0.1182,residual
11039,Ġfierce,0.0783,residual
11049,Ġrecruitment,0.0946,residual
11057,Ġjazz,0.1037,residual
11065,ĠSi,0.0448,residual
11073,North,0.0847,residual
11082,ĠAbbott,0.1071,residual
11090,ĠMcN,0.0735,residual
11100,ĠInterstate,0.123,residual
11109,ĠCase,0.0701,residual
11119,ĠNFC,0.0842,residual
11127,dec,0.0673,residual
11136,oko,0.1223,residual
11147,ardi,0.1236,residual
11155,Ġgrip,0.0605,residual
11165,Ġgrades,0.0897,residual
11173,case,0.0786,residual
11181,plan,0.1082,residual
11191,ĠRB,0.0683,residual
11201,Ġmidst,0.1025,residual
11210,Ġsends,0.0889,residual
11218,ĠLew,0.0664,residual
11226,Ġrehabilitation,0.1093,residual
11234,ĠCharlottesville,0.1374,residual
11242,ĠConst,0.0599,residual
11250,ARD,0.1261,residual
11259,Ġmagnitude,0.0957,residual
11267,Ġgraphic,0.0603,residual
11275,inas,0.1409,residual
11283,Ġrubber,0.0451,residual
11291,Ġfloating,0.0487,residual
11299,Ġretro,0.0593,residual
11307,Ġinvasion,0.0831,residual
11316,Ġcomplain,0.0842,residual
11324,Ġinteractions,0.1003,residual
11334,kan,0.1191,residual
11342,Ġtur,0.0663,residual
11350,MAN,0.097,residual
11359,Ġinfluenced,0.0997,residual
11367,oted,0.1024,residual
11375,Ġpositioned,0.0976,residual
11383,Ġpatience,0.0859,residual
11391,ĠBlood,0.0519,residual
11400,ĠSolar,0.0744,residual
11408,agon,0.1036,residual
11416,ially,0.0905,residual
11428,Cl,0.0442,residual
11436,Ġgown,0.1014,residual
11444,ĠBruins,0.1427,residual
11453,ĠArmed,0.1182,residual
11462,ĠEquity,0.1115,residual
11472,ĠConnor,0.0877,residual
11480,ĠAffordable,0.1098,residual
11489,Ã¥,0.0948,residual
11498,Ġmaintains,0.0897,residual
11507,ĠGomez,0.1135,residual
11516,rist,0.0979,residual
11525,Ġmobility,0.1069,residual
11533,ĠRing,0.0436,residual
11543,Ġthreshold,0.059,residual
11552,ĠMohammad,0.106,residual
11560,Ġfacial,0.0775,residual
11568,ĠNi,0.0319,residual
11576,Ġtissue,0.1086,residual
11585,Ġendorsed,0.1163,residual
11594,ĠIR,0.0435,residual
11604,Ġreign,0.0747,residual
11613,wh,0.0459,residual
11621,GR,0.0824,residual
11629,acht,0.119,residual
11638,brand,0.1154,residual
11646,Ġbeds,0.0826,residual
11656,Ġspirits,0.1035,residual
11665,/.,0.1111,residual
11674,MT,0.0997,residual
11682,ĠSergio,0.0888,residual
11690,Ġrecycling,0.0956,residual
11698,ĠYu,0.0451,residual
11706,held,0.1215,residual
11715,ĠBachelor,0.1143,residual
11723,lines,0.1147,residual
11734,Ġdisp,0.0815,residual
11742,iga,0.1129,residual
11750,Ġtrader,0.1182,residual
11760,wen,0.134,residual
11770,March,0.0968,residual
11781,Ġdominate,0.1053,residual
11789,Ġawkward,0.0856,residual
11797,uge,0.1142,residual
11806,Ġcru,0.0468,residual
11815,ĠMiles,0.0821,residual
11824,Ġbath,0.0959,residual
11832,Ġgreenhouse,0.1404,residual
11841,Ġmindset,0.0964,residual
11850,imp,0.0731,residual
11859,VS,0.1095,residual
11868,aza,0.1093,residual
11876,ĠGreens,0.0851,residual
11886,ĠCulture,0.1356,residual
11896,ĠRomney,0.1265,residual
11904,Ġassociates,0.0747,residual
11913,Any,0.0652,residual
11921,ĠGPS,0.0688,residual
11929,Ġfavorites,0.1088,residual
11937,acer,0.1461,residual
11946,ĠBrighton,0.0869,residual
11954,Ġwings,0.0755,residual
11962,Ġcute,0.0825,residual
11970,people,0.1231,residual
11979,OH,0.0846,residual
11988,Ġos,0.0577,residual
11997,Ġcontests,0.1461,residual
12006,ĠGregory,0.0822,residual
12014,ĠTrading,0.0997,residual
12023,hall,0.1273,residual
12031,ĠTX,0.1004,residual
12039,Ġtanks,0.0721,residual
12049,Ġthemes,0.0751,residual
12059,Ġnotification,0.0668,residual
12069,Ġprocessed,0.0989,residual
12079,Ġtablets,0.1397,residual
12087,Ġ09,0.0922,residual
12096,Ġ000,0.1183,residual
12106,antly,0.1133,residual
12114,Ġdangers,0.1241,residual
12123,Ġsequel,0.1178,residual
12133,Ġqueen,0.1,residual
12143,Ġconfidential,0.0963,residual
12151,upp,0.0996,residual
12160,ĠBolton,0.1121,residual
12170,vern,0.1082,residual
12180,ĠSearch,0.0683,residual
12190,ĠClippers,0.1369,residual
12199,ĠSom,0.048,residual
12207,Ġtab,0.0386,residual
12215,ĠDACA,0.1456,residual
12223,Ġgoalie,0.145,residual
12231,ason,0.0895,residual
12240,ws,0.144,residual
12248,Ġbattled,0.1221,residual
12257,itation,0.1252,residual
12266,orne,0.1415,residual
12275,ĠIstanbul,0.1115,residual
12284,Ġbackyard,0.0755,residual
12292,ĠSell,0.1,residual
12301,Ġbranded,0.0781,residual
12310,Ġtires,0.0709,residual
12318,ĠGul,0.0933,residual
12327,Ġrelax,0.0688,residual
12335,Ġhighlighting,0.1028,residual
12344,rington,0.1277,residual
12353,reat,0.0783,residual
12361,aug,0.1112,residual
12370,ĠIsaac,0.0736,residual
12379,ango,0.1218,residual
12388,ĠTall,0.0712,residual
12398,ĠBoss,0.0934,residual
12406,invest,0.1284,residual
12414,Ġdisrupt,0.1104,residual
12422,ĠGi,0.0649,residual
12430,Ġcommissioned,0.1138,residual
12438,Ġrelies,0.0992,residual
12447,ĠAlleg,0.0782,residual
12455,Obviously,0.1246,residual
12464,ĠCT,0.0328,residual
12477,Ġsemifinals,0.1404,residual
12486,pack,0.0924,residual
12496,ĠMoss,0.0823,residual
12505,Ġmeteor,0.1081,residual
12514,bor,0.1074,residual
12523,ĠFocus,0.0916,residual
12534,ĠRafael,0.1011,residual
12544,Ġretained,0.0741,residual
12553,ĠTru,0.0349,residual
12561,Ġinability,0.1004,residual
12569,ĠIND,0.0944,residual
12578,aken,0.0952,residual
12587,ĠFinland,0.1074,residual
12596,ĠCoffee,0.0845,residual
12605,ï¸ı,0.1162,residual
12614,amm,0.1063,residual
12623,dom,0.0849,residual
12633,Ġminors,0.1088,residual
12641,Ġ170,0.0712,residual
12649,Ġsellers,0.1214,residual
12657,ican,0.1044,residual
12667,Tr,0.0329,residual
12675,Ġcasualties,0.12,residual
12683,ĠChapel,0.1076,residual
12692,Ġthrive,0.131,residual
12701,ĠViv,0.0554,residual
12709,ulu,0.1164,residual
12718,ĠChi,0.0747,residual
12728,Ġcontested,0.1002,residual
12736,İ,0.1253,residual
12746,ouch,0.1262,residual
12756,ĠMang,0.0714,residual
12764,wall,0.0911,residual
12772,Ġcorporation,0.1034,residual
12780,Ġhurting,0.1112,residual
12789,dem,0.1023,residual
12800,Ġskate,0.1383,residual
12809,ĠExpect,0.1061,residual
12818,Ġcomparing,0.0894,residual
12826,Ġthoroughly,0.0545,residual
12836,Ġovert,0.0808,residual
12846,!!,0.037,residual
12854,Ġdementia,0.1419,residual
12865,ĠHugh,0.0673,residual
12874,ĠAlbany,0.1138,residual
12886,ĠLouise,0.1096,residual
12896,ĠSugar,0.0667,residual
12904,Ġtattoo,0.0771,residual
12912,ĠPoc,0.0949,residual
12922,Ġadvise,0.0977,residual
12932,ĠTS,0.0606,residual
12940,ĠRomania,0.1153,residual
12949,ppy,0.1362,residual
12960,Ġought,0.0901,residual
12969,agar,0.1228,residual
12977,ĠEbola,0.1184,residual
12985,Ġtackling,0.1093,residual
12995,ĠEP,0.0601,residual
13004,ĠStephens,0.1424,residual
13012,Mart,0.0806,residual
13022,HD,0.0932,residual
13030,Ġcycl,0.0501,residual
13038,Ġindicators,0.0972,residual
13049,Ġsam,0.0349,residual
13057,Ġreass,0.081,residual
13066,ĠFay,0.0818,residual
13074,Ġclever,0.0699,residual
13082,https,0.0609,residual
13090,âĢ³,0.127,residual
13099,Ġmob,0.0756,residual
13109,Ġpersistent,0.0581,residual
13117,ĠBash,0.0704,residual
13127,Ġsubmission,0.0725,residual
13135,Ġfrequency,0.0631,residual
13143,Ġobstacles,0.0981,residual
13155,ĠHolt,0.0861,residual
13163,ĠPand,0.0525,residual
13172,ĠBella,0.0983,residual
13180,ĠTE,0.0302,residual
13190,ĠSou,0.1015,residual
13201,Ġcommissioners,0.1283,residual
13209,Ġeliminating,0.1154,residual
13217,ĠBluetooth,0.1253,residual
13225,awk,0.1439,residual
13235,Ġmir,0.0499,residual
13244,Ġstalled,0.1009,residual
13254,Ġslump,0.0955,residual
13262,ĠYang,0.0817,residual
13271,Ġtemple,0.088,residual
13281,Ġcooling,0.0814,residual
13290,Ġhorizon,0.1032,residual
13300,cul,0.1139,residual
13309,ĠBund,0.075,residual
13318,omo,0.1138,residual
13326,ĠFest,0.0944,residual
13336,ĠTucker,0.0894,residual
13345,ube,0.101,residual
13355,ailed,0.1423,residual
13363,Ġcapt,0.0612,residual
13372,Ġcontenders,0.1151,residual
13382,ĠAAP,0.1157,residual
13391,ĠGround,0.0619,residual
13399,ĠWorth,0.089,residual
13407,Ġrebuilding,0.0991,residual
13415,rows,0.1291,residual
13423,ĠBend,0.0795,residual
13434,wy,0.1176,residual
13443,Ġlaser,0.0478,residual
13455,Ġfamously,0.1033,residual
13463,Ġattackers,0.1177,residual
13475,Ġannouncements,0.1169,residual
13484,Ġfraction,0.0633,residual
13493,vest,0.1011,residual
13501,ĠDanish,0.0703,residual
13510,otic,0.0939,residual
13518,ĠMarathon,0.1051,residual
13528,atti,0.1269,residual
13536,Ġswitching,0.0735,residual
13545,ĠCDC,0.125,residual
13554,Ġtense,0.1034,residual
13562,hor,0.1182,residual
13571,zan,0.1092,residual
13580,ĠMick,0.0782,residual
13589,ental,0.1162,residual
13601,ĠPil,0.0699,residual
13610,ĠBroadcasting,0.1321,residual
13618,Ġconvincing,0.0662,residual
13627,ieu,0.1338,residual
13637,deep,0.1314,residual
13645,ĠBeast,0.091,residual
13653,Ġfueled,0.1197,residual
13661,Ġsubscribing,0.1495,residual
13671,Ġhandgun,0.1322,residual
13680,Ġsingled,0.1019,residual
13690,ĠNan,0.0608,residual
13698,Ġpublicity,0.1456,residual
13706,anche,0.1404,residual
13716,Health,0.1368,residual
13724,look,0.1115,residual
13732,ABLE,0.1377,residual
13740,ĠFlint,0.078,residual
13749,anny,0.1301,residual
13761,isher,0.136,residual
13770,ĠWings,0.0992,residual
13780,ĠSprint,0.112,residual
13791,ĠParents,0.1435,residual
13801,Ġcredentials,0.097,residual
13809,Ġdipped,0.1152,residual
13819,Ġble,0.0424,residual
13827,Ġacute,0.0693,residual
13838,Ġfunctioning,0.062,residual
13849,Ġsubjected,0.1093,residual
13857,ĠKuwait,0.1043,residual
13868,Ġdro,0.0312,residual
13876,ĠCru,0.0748,residual
13884,Ġaggregate,0.1003,residual
13893,ĠStra,0.0834,residual
13902,ĠTorres,0.0962,residual
13912,ĠNeg,0.0833,residual
13920,adas,0.122,residual
13931,Ġsequence,0.0469,residual
13939,Ġbooth,0.0904,residual
13947,Ġrespects,0.1116,residual
13956,ĠLem,0.0625,residual
13964,Ġnewer,0.0793,residual
13973,Ġlearnt,0.1336,residual
13983,Ġceasefire,0.1223,residual
13993,Ġpriorit,0.0977,residual
14001,Ġja,0.0669,residual
14012,Ġlooming,0.1026,residual
14020,ĠTier,0.0513,residual
14030,Ġrequesting,0.1029,residual
14040,ĠRab,0.0853,residual
14048,Ġheightened,0.1107,residual
14057,Ġobesity,0.1391,residual
14065,Ġsav,0.0856,residual
14074,holder,0.1008,residual
14083,Ġhumble,0.0678,residual
14092,Ġcomposed,0.0432,residual
14101,Ġproprietary,0.1413,residual
14109,ĠPearl,0.063,residual
14117,Ġspite,0.0967,residual
14125,Ġpivotal,0.0995,residual
14135,Ġlinking,0.0879,residual
14143,yle,0.1149,residual
14151,Ġimmense,0.0729,residual
14159,ĠText,0.0906,residual
14167,Ġretaliation,0.1236,residual
14175,specific,0.1227,residual
14183,ĠOpt,0.0727,residual
14191,rab,0.1351,residual
14199,Ġeligibility,0.1096,residual
14207,Ġmaturity,0.1031,residual
14216,Ġshaped,0.0621,residual
14226,ĠKro,0.0876,residual
14235,Ġfulfill,0.1169,residual
14244,Ġregulate,0.1495,residual
14252,Ġhurdles,0.1166,residual
14261,Ġlineman,0.1416,residual
14269,Ġextends,0.0836,residual
14277,ĠBrun,0.0924,residual
14288,road,0.1295,residual
14297,ĠChevrolet,0.1348,residual
14307,fit,0.1225,residual
14316,Ġmonitored,0.114,residual
14327,Ġpurple,0.057,residual
14336,Ġsheep,0.0582,residual
14346,Ġforwards,0.1094,residual
14355,Ġstandoff,0.1081,residual
14364,Ġcomplement,0.0563,residual
14372,Ġconcludes,0.1167,residual
14381,ĠFight,0.0901,residual
14394,ĠBloom,0.0546,residual
14403,ppers,0.1487,residual
14415,ĠNYC,0.0568,residual
14425,edy,0.1155,residual
14434,Ġ~,0.0343,residual
14442,Ġdresses,0.1233,residual
14450,ĠTransit,0.1259,residual
14458,Ġforensic,0.1277,residual
14467,ĠVale,0.095,residual
14478,Ġelev,0.0631,residual
14487,Ġshouting,0.1157,residual
14496,lis,0.1464,residual
14504,Ġsmiles,0.1135,residual
14513,Ġnorms,0.1169,residual
14521,ĠBomb,0.074,residual
14531,Ġstal,0.0619,residual
14539,Ġaccompanying,0.0574,residual
14550,ĠLance,0.0692,residual
14559,KA,0.1438,residual
14567,ĠValencia,0.1296,residual
14577,Ġrecruited,0.1224,residual
14586,360,0.0762,residual
14595,table,0.0999,residual
14604,ĠHood,0.0795,residual
14613,Ġrevelations,0.119,residual
14623,Ġconsume,0.1179,residual
14632,Ġdil,0.0573,residual
14642,ĠComment,0.0773,residual
14650,bee,0.0946,residual
14660,Ġextract,0.082,residual
14673,Ġenacted,0.1243,residual
14682,wer,0.119,residual
14692,Ġsurviving,0.0713,residual
14702,ĠScore,0.1217,residual
14711,Ġsweat,0.061,residual
14720,atal,0.1161,residual
14728,Ġtoughest,0.1344,residual
14737,ĠLIVE,0.0865,residual
14745,Ġincomes,0.1339,residual
14757,Ġ1973,0.1204,residual
14767,Ġslavery,0.1376,residual
14775,Ġdeliberate,0.0834,residual
14783,Yeah,0.0854,residual
14791,Ġhy,0.0657,residual
14799,anz,0.1236,residual
14809,ĠWire,0.0961,residual
14819,Ġgenes,0.1345,residual
14829,ashes,0.1159,residual
14839,ĠPlanet,0.1145,residual
14848,Ġfal,0.0685,residual
14858,VC,0.1226,residual
14868,ifications,0.1277,residual
14877,Ġdocumentation,0.1187,residual
14887,Ġep,0.069,residual
14897,eh,0.1051,residual
14906,ĠCivic,0.1041,residual
14914,Ġpenal,0.1001,residual
14922,Ġstandpoint,0.1434,residual
14932,ician,0.1239,residual
14942,ĠHansen,0.125,residual
14952,Ġwallet,0.1378,residual
14961,ĠWalton,0.1098,residual
14974,Ġju,0.0664,residual
14982,angle,0.1352,residual
14990,ĠProgramme,0.1351,residual
14999,Ġobtaining,0.0864,residual
15007,Ġ06,0.0963,residual
15017,ques,0.1311,residual
15026,ĠRetirement,0.1403,residual
15034,ĠCraft,0.1162,residual
15043,ĠKarachi,0.1319,residual
15053,Ġconditioning,0.0999,residual
15062,ince,0.1334,residual
15072,rix,0.1187,residual
15081,ĠMcLaren,0.1329,residual
15094,ĠMethodist,0.1353,residual
15105,ĠHicks,0.089,residual
15115,Ġsemic,0.1345,residual
15123,ĠIST,0.1377,residual
15131,Ġpensions,0.1387,residual
15141,ĠNikki,0.0917,residual
15150,ĠBuzz,0.0846,residual
15159,haven,0.129,residual
15168,Ġpinch,0.1125,residual
15176,VI,0.1144,residual
15184,ĠOverview,0.1445,residual
15192,Ġimm,0.0635,residual
15201,Ġchiefs,0.1247,residual
15209,ĠQue,0.0587,residual
15217,Ġtrajectory,0.1415,residual
15226,ĠGeorgetown,0.0983,residual
15235,ĠHezbollah,0.1459,residual
15243,Despite,0.1095,residual
15251,EW,0.0972,residual
15260,ĠRicky,0.0929,residual
15270,ĠCul,0.1096,residual
15280,ĠMarion,0.079,residual
15289,ĠKre,0.0877,residual
15299,CON,0.0837,residual
15307,ĠCad,0.07,residual
15316,Ġhighways,0.1404,residual
15327,ĠJamal,0.1055,residual
15336,ĠChloe,0.1013,residual
15346,isted,0.1399,residual
15355,Ġshouted,0.1283,residual
15365,Ġinterfere,0.1256,residual
15374,asting,0.1143,residual
15382,Ġopera,0.1374,residual
15390,eks,0.1162,residual
15398,ĠBangkok,0.1473,residual
15407,Ġstrive,0.1363,residual
15415,Ġchallenger,0.1268,residual
15424,ĠArc,0.0577,residual
15433,Ġsettling,0.0756,residual
15441,Ġcontra,0.0712,residual
15452,Ġ240,0.0539,residual
15460,Ġservants,0.1285,residual
15468,Ġreceptions,0.1419,residual
15476,far,0.0975,residual
15485,ĠKens,0.087,residual
15495,ĠBin,0.0923,residual
15503,Ġfur,0.0561,residual
15514,Ġexploitation,0.1156,residual
15522,ĠDragon,0.0388,residual
15531,ĠSask,0.1121,residual
15540,Ġmice,0.099,residual
15550,Ġenhancing,0.1302,residual
15558,Ġmartial,0.1358,residual
15568,ĠCatch,0.0972,residual
15580,ĠJorge,0.1135,residual
15589,itive,0.1218,residual
15599,Ġsliding,0.073,residual
15609,bas,0.1117,residual
15618,Ġcob,0.0672,residual
15627,ĠMam,0.0684,residual
15636,Ġsec,0.0749,residual
15647,inating,0.1391,residual
15655,Ġpractically,0.0561,residual
15664,ract,0.1304,residual
15675,ĠApollo,0.0862,residual
15683,ĠMagn,0.0555,residual
15692,ĠDevin,0.107,residual
15700,ĠFlames,0.1218,residual
15708,Ġnegatively,0.1193,residual
15716,Ġedges,0.0827,residual
15724,God,0.0865,residual
15734,Ġexams,0.1169,residual
15742,ĠJess,0.0904,residual
15751,Ġ225,0.0881,residual
15760,Ġpunct,0.0638,residual
15768,Ġcubic,0.1236,residual
15776,ĠPak,0.0724,residual
15788,Ġfirefighter,0.1445,residual
15799,ĠHapp,0.0982,residual
15810,ounce,0.1435,residual
15818,Ġblank,0.0298,residual
15826,ĠLinux,0.1019,residual
15835,Ġsupreme,0.0641,residual
15845,Ġaunt,0.1165,residual
15854,Ġproximity,0.0982,residual
15864,Ġobservations,0.0931,residual
15875,ĠCedar,0.0844,residual
15884,ĠSuns,0.1243,residual
15892,zon,0.111,residual
15901,RP,0.1213,residual
15909,Ġbarn,0.0652,residual
15918,Ġconsortium,0.1199,residual
15926,ĠEthan,0.0773,residual
15936,ĠDemand,0.1136,residual
15944,ĠLomb,0.0853,residual
15955,Ġaffection,0.0826,residual
15964,mart,0.1166,residual
15975,rying,0.1393,residual
15985,Ġinterventions,0.1222,residual
15993,TP,0.1192,residual
16003,icious,0.1208,residual
16011,Ġboarding,0.0801,residual
16025,Frank,0.0863,residual
16034,ĠUsers,0.1454,residual
16042,Ġoverlooked,0.1178,residual
16051,Ġcage,0.0728,residual
16059,ĠDw,0.0903,residual
16068,Ġhel,0.0334,residual
16077,ĠBryce,0.1185,residual
16085,Ġutilize,0.1196,residual
16094,Ġenvoy,0.1248,residual
16103,ĠCoca,0.1157,residual
16111,take,0.1175,residual
16120,Ġoutspoken,0.1471,residual
16129,ĠLiber,0.0651,residual
16139,Ġpotent,0.0775,residual
16151,asser,0.1212,residual
16159,Ġnap,0.0814,residual
16171,ĠPosted,0.0889,residual
16181,Ġingredient,0.1331,residual
16189,Ġmaximize,0.1182,residual
16198,Ġcloset,0.0534,residual
16208,Ġthrilling,0.1489,residual
16216,ĠSidd,0.1366,residual
16225,ĠEverybody,0.1289,residual
16236,ĠSec,0.0515,residual
16247,Ġjudged,0.1071,residual
16259,Ġpant,0.068,residual
16267,ĠLov,0.1108,residual
16275,Ġaspirations,0.1339,residual
16286,ĠDEL,0.1203,residual
16294,ĠStanton,0.1341,residual
16305,ĠAFL,0.1105,residual
16315,ĠAirbnb,0.112,residual
16324,ĠSG,0.0553,residual
16333,Ġgenius,0.1115,residual
16343,ibu,0.1422,residual
16356,ĠDod,0.0844,residual
16365,ĠBlacks,0.1351,residual
16375,hered,0.13,residual
16384,aram,0.0986,residual
16392,Ġyearly,0.0902,residual
16401,ĠWesley,0.0829,residual
16410,ĠMethod,0.0905,residual
16422,ĠSiem,0.1474,residual
16430,itted,0.128,residual
16439,ĠDenis,0.099,residual
16452,Ġsteer,0.0822,residual
16461,ĠLon,0.0889,residual
16469,ĠRap,0.0826,residual
16478,ĠPhilippe,0.1242,residual
16488,icia,0.1393,residual
16498,ĠRory,0.1338,residual
16506,!!!,0.0401,residual
16518,ĠAston,0.1142,residual
16527,Ġshowcased,0.1419,residual
16536,ĠOTHER,0.1281,residual
16545,Ġglam,0.1207,residual
16556,Ġadministered,0.1063,residual
16567,Ġdeficits,0.1415,residual
16575,ĠWillis,0.128,residual
16583,ĠCustom,0.0855,residual
16591,ubb,0.1395,residual
16601,Ġinaug,0.1464,residual
16610,Ġclips,0.0795,residual
16621,ĠDig,0.0409,residual
16633,imate,0.1317,residual
16644,ĠUl,0.0764,residual
16653,inel,0.1295,residual
16661,Ġuniforms,0.1343,residual
16669,itary,0.1445,residual
16679,Ġlure,0.1042,residual
16689,Ġrecon,0.0754,residual
16701,Ġcalf,0.1345,residual
16710,Ġparticles,0.096,residual
16719,Ġroadway,0.1454,residual
16728,ĠFellow,0.1028,residual
16738,antes,0.1493,residual
16747,Ġlingering,0.0813,residual
16757,ĠBun,0.0781,residual
16765,Ġcheering,0.1442,residual
16775,Ġstuffed,0.07,residual
16783,ĠWinner,0.1313,residual
16796,Ġprisoner,0.1076,residual
16807,Ġsynthetic,0.0878,residual
16817,ĠAllan,0.0698,residual
16827,ĠBring,0.0829,residual
16841,ĠAmit,0.1345,residual
16850,ĠMesa,0.0959,residual
16858,ĠColor,0.0612,residual
16866,ĠAns,0.0789,residual
16875,Ġtube,0.0861,residual
16884,Ġprivat,0.1079,residual
16896,Ġlivelihood,0.1201,residual
16907,Ġbackpack,0.1056,residual
16916,erey,0.145,residual
16927,Ġfortunes,0.1468,residual
16935,Ġft,0.0759,residual
16946,Ġdefenses,0.1081,residual
16955,elman,0.1178,residual
16966,NT,0.1165,residual
16976,Ġorgans,0.0992,residual
16986,222,0.1168,residual
16995,ĠDAY,0.1239,residual
17004,ĠLore,0.0699,residual
17013,Ġunite,0.1118,residual
17021,Ġasserted,0.1193,residual
17029,Ġcans,0.0978,residual
17038,Ġprolific,0.0821,residual
17048,asis,0.1101,residual
17057,ĠLiv,0.0615,residual
17068,Ġsurpassed,0.1354,residual
17077,Ġmaiden,0.0921,residual
17085,NR,0.1184,residual
17096,Ġinjunction,0.1368,residual
17107,Ġflawed,0.1173,residual
17118,Ġunsure,0.1,residual
17127,Ġconsulate,0.1351,residual
17139,Ġdriveway,0.1326,residual
17149,ĠBU,0.0605,residual
17159,Ġpersonalized,0.1051,residual
17168,ĠPelicans,0.1443,residual
17176,Ġkay,0.1435,residual
17185,eme,0.1242,residual
17195,fell,0.1315,residual
17204,ĠAven,0.1077,residual
17215,Ġcirculating,0.1026,residual
17223,ĠPens,0.0912,residual
17233,Ġcontributors,0.0883,residual
17242,ĠPopular,0.0921,residual
17252,ĠBreaking,0.1025,residual
17260,Fire,0.0937,residual
17271,Ġtornado,0.1025,residual
17284,Ġpotato,0.0903,residual
17293,Ġbasics,0.1105,residual
17301,Ġcardiac,0.1178,residual
17311,ĠOy,0.0989,residual
17319,Ġembarrassed,0.1173,residual
17330,alan,0.1173,residual
17339,Coin,0.1458,residual
17351,ĠMcGr,0.0983,residual
17360,staff,0.1326,residual
17374,ĠIG,0.0493,residual
17384,Ġexplores,0.148,residual
17394,Ġautonomy,0.1407,residual
17404,ĠQuint,0.0837,residual
17414,chy,0.1118,residual
17423,ĠNev,0.1074,residual
17432,ĠGoal,0.1174,residual
17442,ĠVia,0.083,residual
17452,ded,0.0935,residual
17460,Ġcooperating,0.1189,residual
17471,Ġinflu,0.0921,residual
17480,Ġcardiovascular,0.1357,residual
17492,ĠMavericks,0.1419,residual
17501,ĠFallon,0.1435,residual
17511,ĠTRA,0.1077,residual
17521,Ben,0.0731,residual
17532,Ġpleading,0.1442,residual
17540,Ġmarker,0.0681,residual
17551,ĠAUD,0.1273,residual
17559,bull,0.1227,residual
17568,ĠMcMahon,0.1345,residual
17577,East,0.1032,residual
17585,ĠOrtiz,0.1323,residual
17593,Ġobsessed,0.1305,residual
17603,Ġvillagers,0.1202,residual
17614,ĠNort,0.0921,residual
17625,iker,0.1424,residual
17633,ĠLLP,0.1491,residual
17647,ĠLeigh,0.1084,residual
17659,Ġfarewell,0.1112,residual
17669,Ġspoilers,0.1277,residual
17678,ĠEL,0.042,residual
17686,ĠTol,0.0786,residual
17695,Ġforged,0.0927,residual
17703,ĠFeed,0.1027,residual
17711,ĠAlexandra,0.1081,residual
17722,Ġplatinum,0.088,residual
17735,Ġcolon,0.0836,residual
17743,ĠBates,0.0963,residual
17754,ĠSame,0.0754,residual
17766,Ġcrisp,0.088,residual
17775,Ġoptim,0.0862,residual
17787,Ġvigil,0.1031,residual
17796,Ġsyn,0.0343,residual
17805,Ġempathy,0.1213,residual
17816,ĠRank,0.0795,residual
17824,Ġwildly,0.0758,residual
17835,Ġheck,0.0829,residual
17843,Ġempowerment,0.1298,residual
17853,Down,0.1032,residual
17866,Ġseverity,0.1311,residual
17875,Club,0.1484,residual
17883,ĠInfo,0.106,residual
17893,Ġtastes,0.1205,residual
17905,heimer,0.1307,residual
17918,ĠTOP,0.1112,residual
17929,Ġsag,0.097,residual
17940,Ġscr,0.0566,residual
17950,tem,0.1213,residual
17960,Ġrespiratory,0.1204,residual
17971,ĠBurger,0.1193,residual
17979,ĠVictorian,0.0983,residual
17988,Ġlamb,0.0932,residual
17997,Ġquantum,0.1228,residual
18007,ĠBarton,0.1183,residual
18017,quin,0.1268,residual
18026,bone,0.1055,residual
18035,Ġunderpin,0.1083,residual
18044,ĠRF,0.0422,residual
18054,Ġadmissions,0.1017,residual
18063,ĠWick,0.1027,residual
18071,ĠVolume,0.1035,residual
18081,Ġimpacting,0.1087,residual
18091,ĠKinder,0.1083,residual
18100,Ġpale,0.0926,residual
18110,Ġmanipulation,0.1167,residual
18120,ĠSteam,0.0538,residual
18128,Ġdumping,0.0829,residual
18138,ĠMN,0.0786,residual
18146,Ġlibraries,0.1182,residual
18154,Ġfranchises,0.1214,residual
18165,ĠDrum,0.0827,residual
18176,ĠAce,0.0683,residual
18186,Ġuncommon,0.0838,residual
18198,yp,0.0953,residual
18209,Ġchurn,0.1223,residual
18220,ĠHulu,0.1277,residual
18228,Ġreconstruction,0.0976,residual
18236,Ġpasta,0.1204,residual
18244,ĠMeredith,0.1137,residual
18252,grad,0.1401,residual
18265,Ġcommentator,0.1329,residual
18276,Pat,0.0753,residual
18286,Ġexceptions,0.0854,residual
18296,Ġcirculated,0.118,residual
18304,Ġslash,0.1009,residual
18313,XX,0.1088,residual
18322,Daniel,0.1125,residual
18335,ĠMIN,0.0801,residual
18345,Ġcracking,0.0827,residual
18354,ĠSunny,0.0776,residual
18363,Ġfa,0.0476,residual
18372,zu,0.1058,residual
18382,esa,0.1469,residual
18391,izations,0.1304,residual
18402,ĠAlto,0.1158,residual
18412,Ġtightly,0.0717,residual
18420,Ġintens,0.0754,residual
18431,ĠRita,0.1063,residual
18440,ĠFam,0.0713,residual
18451,ĠEdu,0.1306,residual
18462,spe,0.1493,residual
18470,Ġscrutin,0.1241,residual
18479,ĠWoodward,0.1331,residual
18488,ĠSit,0.0763,residual
18498,Ġpreservation,0.1001,residual
18506,Ġstrateg,0.131,residual
18515,ĠCran,0.0823,residual
18524,ĠBenn,0.084,residual
18533,Ġboil,0.0771,residual
18545,ĠVeteran,0.1311,residual
18555,Ġchamp,0.0928,residual
18565,Ġsums,0.0978,residual
18578,ĠPER,0.0726,residual
18592,Ġintra,0.0765,residual
18601,ĠBuff,0.0945,residual
18611,aq,0.1309,residual
18621,Ġsubs,0.0663,residual
18629,Ġcircular,0.0626,residual
18642,ĠSpa,0.1088,residual
18654,ĠSavage,0.1119,residual
18664,Ġclue,0.0792,residual
18673,Ġ270,0.0647,residual
18681,ĠFuller,0.0997,residual
18689,Ġprevalent,0.108,residual
18698,Ġburnt,0.0851,residual
18707,bay,0.1331,residual
18720,Ġblunt,0.0795,residual
18733,Ġ1963,0.1294,residual
18746,Ġvariations,0.0684,residual
18757,ĠPrinceton,0.1066,residual
18766,ĠHayward,0.116,residual
18776,Rob,0.0879,residual
18785,Ġidentifies,0.1041,residual
18796,Ġupdating,0.1201,residual
18804,Ġeaten,0.113,residual
18814,CM,0.1136,residual
18822,Ġbent,0.0508,residual
18831,Ġrealities,0.1431,residual
18840,Ġsail,0.0968,residual
18850,ĠStockholm,0.0896,residual
18859,ĠZam,0.084,residual
18868,ĠTwe,0.0797,residual
18877,Ġfiguring,0.1138,residual
18889,ĠVick,0.1264,residual
18897,allah,0.1471,residual
18909,disc,0.1077,residual
18917,houses,0.1318,residual
18928,Ġfertil,0.1139,residual
18937,rag,0.1174,residual
18945,ĠMcCorm,0.1065,residual
18957,inking,0.1071,residual
18968,ĠRomero,0.1314,residual
18977,ĠDeVos,0.141,residual
18989,ĠWatt,0.1213,residual
18998,Ġconsulted,0.127,residual
19006,Ġcorps,0.1193,residual
19018,Ġbenef,0.0724,residual
19026,Ġadvancement,0.1444,residual
19038,Ġslick,0.1078,residual
19048,arily,0.1266,residual
19060,ĠVand,0.112,residual
19070,Ġdiverted,0.1388,residual
19078,Ġregrets,0.1425,residual
19089,001,0.1025,residual
19099,Ġweighted,0.1022,residual
19111,Ġcatalog,0.0599,residual
19120,ĠTreatment,0.1462,residual
19128,Ġunleashed,0.1194,residual
19137,ĠCONT,0.1299,residual
19147,Ġlungs,0.1259,residual
19158,ĠLutheran,0.1318,residual
19167,Ġdrastic,0.1016,residual
19180,Ġmodes,0.1066,residual
19189,ĠSinclair,0.1189,residual
19200,ĠSquad,0.0971,residual
19209,anza,0.1412,residual
19218,Ġrefining,0.1181,residual
19226,Ke,0.099,residual
19236,Ġrepl,0.0458,residual
19244,ĠFilms,0.1465,residual
19253,ĠAmar,0.0841,residual
19262,ĠKru,0.095,residual
19272,ĠNit,0.0638,residual
19281,)-,0.1201,residual
19292,Ġhygiene,0.1483,residual
19304,unit,0.118,residual
19312,Ġbackwards,0.0643,residual
19321,ĠRav,0.1041,residual
19330,ĠCrisis,0.1129,residual
19339,aval,0.1294,residual
19347,girl,0.1372,residual
19356,ĠStatement,0.131,residual
19368,ĠMarines,0.1108,residual
19376,Ġ132,0.1099,residual
19386,Ġescorted,0.145,residual
19399,ĠBA,0.0828,residual
19410,ĠVolunteer,0.1227,residual
19420,iew,0.1281,residual
19430,ĠND,0.0579,residual
19440,ĠTimber,0.1167,residual
19450,Ġsanctioned,0.1094,residual
19459,Ġstrides,0.1121,residual
19467,Ġtrustee,0.1436,residual
19476,ĠSocialist,0.1358,residual
19485,illas,0.1493,residual
19494,ĠAndreas,0.129,residual
19503,ĠLieutenant,0.1049,residual
19512,ĠVenice,0.1064,residual
19523,ĠPipeline,0.1424,residual
19536,enko,0.1397,residual
19545,ĠRA,0.0675,residual
19554,ĠGret,0.0875,residual
19565,amine,0.1193,residual
19575,Ġoriginated,0.1318,residual
19587,Ġequation,0.1156,residual
19598,attle,0.1442,residual
19610,Ġkindergarten,0.1227,residual
19619,Ġsupplements,0.136,residual
19632,ĠHancock,0.1017,residual
19641,Ġ144,0.0777,residual
19649,rown,0.1355,residual
19662,Ġchooses,0.1498,residual
19670,zza,0.1434,residual
19680,Ġgrains,0.111,residual
19691,ĠJud,0.0569,residual
19699,ĠPlain,0.094,residual
19708,ĠHaj,0.1287,residual
19717,Ġunderstandable,0.1138,residual
19729,Ġcellular,0.1003,residual
19738,Ġchorus,0.1048,residual
19747,atted,0.1241,residual
19755,Ġoverweight,0.1076,residual
19764,Ġtunes,0.1207,residual
19774,ention,0.1437,residual
19784,Ġsuperst,0.1002,residual
19792,Ġsuppose,0.0911,residual
19801,ĠTir,0.1245,residual
19810,ĠYak,0.086,residual
19820,Ġassurances,0.1439,residual
19828,Ġimpe,0.1305,residual
19839,WR,0.1186,residual
19850,Ġtranslation,0.0601,residual
19860,Matt,0.09,residual
19872,Ġcontestant,0.142,residual
19882,ĠChap,0.0725,residual
19895,Ġhazard,0.1016,residual
19906,aught,0.1289,residual
19915,Ġupfront,0.1059,residual
19926,idas,0.1389,residual
19939,ĠAMC,0.109,residual
19949,ĠCarolyn,0.1278,residual
19959,ĠDuffy,0.1399,residual
19968,ĠLights,0.1301,residual
19978,Ġsab,0.0712,residual
19987,fat,0.1185,residual
19998,Ġsip,0.1453,residual
20006,Ġresolving,0.1281,residual
20015,ĠOprah,0.1204,residual
20024,´,0.0664,residual
20033,Ġoperatives,0.1426,residual
20043,Ġpenned,0.1279,residual
20052,ĠDaly,0.1328,residual
20063,Ġslots,0.0673,residual
20075,Ġcherry,0.0705,residual
20086,Min,0.0777,residual
20096,War,0.0902,residual
20104,Ġmeasurement,0.0951,residual
20116,ĠKeller,0.1155,residual
20127,ĠPes,0.0922,residual
20135,Ġexceptionally,0.1066,residual
20147,Ġmelt,0.0807,residual
20156,Ġdecree,0.1011,residual
20168,oft,0.1266,residual
20177,Ġcites,0.1256,residual
20191,Ġwitnessing,0.1266,residual
20202,raud,0.1488,residual
20211,ĠLafayette,0.1212,residual
20224,Ġsubmarine,0.1208,residual
20233,ĠWand,0.1207,residual
20247,Ġsubdued,0.1217,residual
20256,ĠElias,0.1394,residual
20265,Ġult,0.0667,residual
20281,ĠINTER,0.1202,residual
20291,ĠFoley,0.1353,residual
20299,Ġharmony,0.1317,residual
20310,Ġwarmth,0.1321,residual
20320,Val,0.0802,residual
20333,ĠHair,0.0993,residual
20346,Ġgrilled,0.132,residual
20357,ĠWinds,0.1435,residual
20368,ĠMud,0.0933,residual
20380,aed,0.1396,residual
20391,pun,0.1321,residual
20402,Ġministries,0.1442,residual
20414,code,0.1306,residual
20423,ĠTues,0.1179,residual
20433,ĠDuck,0.0824,residual
20442,ĠHussein,0.1243,residual
20453,Ġaccompany,0.0948,residual
20462,Ġselfish,0.1027,residual
20471,Ġdebit,0.1264,residual
20482,von,0.136,residual
20490,dar,0.1406,residual
20498,Ġrentals,0.1152,residual
20510,Ġcommanding,0.0695,residual
20520,ĠMd,0.1343,residual
20529,ods,0.1477,residual
20541,mur,0.1377,residual
20550,ĠJavier,0.1162,residual
20558,ĠKara,0.0906,residual
20570,ĠCarlo,0.1159,residual
20583,Ġemer,0.0766,residual
20591,ĠMoreno,0.115,residual
20605,Ġpackaged,0.0909,residual
20614,mun,0.1164,residual
20623,ĠChal,0.0872,residual
20633,Ġpals,0.1228,residual
20648,ĠMob,0.1038,residual
20656,Ġunwilling,0.1199,residual
20669,Ġraping,0.141,residual
20678,Ġforums,0.1273,residual
20689,Su,0.0731,residual
20703,Ġoverlooking,0.1358,residual
20713,Ġvacancy,0.1181,residual
20725,Ġvastly,0.1036,residual
20734,owl,0.1188,residual
20744,Ġsword,0.082,residual
20752,Ġpunching,0.1156,residual
20765,Ã©r,0.1032,residual
20776,Ġauctions,0.1449,residual
20787,uku,0.1287,residual
20797,Ġanonymously,0.1135,residual
20805,Ġbaskets,0.1314,residual
20814,Ġrubble,0.1346,residual
20827,ĠHod,0.0879,residual
20839,Following,0.1068,residual
20848,Ġgarner,0.1232,residual
20858,ĠKR,0.115,residual
20869,Ġblo,0.0757,residual
20879,Ġpenny,0.129,residual
20889,Ġtempo,0.1098,residual
20899,Ġlent,0.093,residual
20907,Jack,0.086,residual
20915,Ġracially,0.1301,residual
20924,ĠThu,0.1193,residual
20933,Ġcontracting,0.0961,residual
20942,ĠFischer,0.1058,residual
20953,Ġsustaining,0.1011,residual
20962,rene,0.1331,residual
20973,Ġorganizational,0.1071,residual
20983,Manchester,0.1419,residual
20993,Ġcod,0.0457,residual
21005,Ġarising,0.1059,residual
21016,Ġfro,0.0489,residual
21026,Ġdimension,0.0874,residual
21035,Ġenvelope,0.0704,residual
21044,Ġconj,0.0432,residual
21054,Ġremod,0.1059,residual
21064,Ġclergy,0.1323,residual
21073,ĠFridays,0.127,residual
21084,Ġcheapest,0.1304,residual
21094,stad,0.1168,residual
21105,ĠGuang,0.1379,residual
21115,ĠWarsaw,0.1196,residual
21126,IRE,0.1394,residual
21136,Happy,0.1093,residual
21145,Ġdrummer,0.1223,residual
21154,.(,0.0879,residual
21165,ĠButt,0.1112,residual
21180,ĠWave,0.0701,residual
21191,Ġprocession,0.1376,residual
21202,Ġkicker,0.103,residual
21214,ĠParts,0.1191,residual
21223,Ġineffective,0.1112,residual
21237,tri,0.1202,residual
21249,Ġrested,0.1113,residual
21261,ĠShopping,0.125,residual
21271,ĠSomali,0.1244,residual
21280,Ġremake,0.1003,residual
21292,Hand,0.1098,residual
21304,Ġmarriages,0.1388,residual
21316,Ġpromo,0.1187,residual
21326,Ġrelocation,0.1153,residual
21339,Ġvind,0.1004,residual
21347,uly,0.1459,residual
21360,ĠMcCull,0.1254,residual
21373,Ġdrawings,0.1108,residual
21383,Ġindices,0.1314,residual
21391,ĠDH,0.0657,residual
21400,ĠGow,0.0982,residual
21411,Ġprodu,0.1427,residual
21420,Ġcontinuity,0.1065,residual
21429,Ġutilization,0.0993,residual
21437,Ġutilizing,0.1173,residual
21445,Ġmonopoly,0.1165,residual
21454,vant,0.1266,residual
21462,Ġtattoos,0.145,residual
21472,ĠKiw,0.0718,residual
21481,ĠBeaver,0.1035,residual
21492,Ġpractitioners,0.1288,residual
21503,ĠRoe,0.1187,residual
21512,tree,0.1431,residual
21523,ĠEpic,0.0728,residual
21533,ĠFinnish,0.1004,residual
21543,Ġcloth,0.0816,residual
21551,ĠGut,0.0845,residual
21561,Ġupstream,0.1133,residual
21570,ĠDong,0.0962,residual
21583,Sunday,0.1126,residual
21592,Ġmaternity,0.1236,residual
21602,Ġrattled,0.1448,residual
21612,reme,0.1225,residual
21622,Ġbatted,0.1397,residual
21632,Ġfertility,0.1314,residual
21643,Ġattribute,0.0771,residual
21654,Ġsqueezed,0.1261,residual
21665,ĠSpice,0.1048,residual
21675,Ġdisk,0.0784,residual
21683,udes,0.144,residual
21692,Ġatrocities,0.1462,residual
21701,CI,0.1142,residual
21710,file,0.103,residual
21723,ĠVog,0.1125,residual
21737,Ġswitches,0.0796,residual
21745,Ġbullied,0.1481,residual
21762,Ġzoom,0.0697,residual
21772,Ġredemption,0.1308,residual
21781,abal,0.1396,residual
21789,Ġlac,0.0587,residual
21799,ĠCrest,0.1014,residual
21809,ĠFra,0.0809,residual
21819,Ġemploying,0.1123,residual
21828,ĠGund,0.1062,residual
21841,Ġshadows,0.0802,residual
21852,Ġprejudice,0.1456,residual
21862,Ġfres,0.0785,residual
21873,ĠRossi,0.137,residual
21883,Ġaccessory,0.1161,residual
21893,ĠAnything,0.1256,residual
21905,Ġfreak,0.0705,residual
21914,Ġcapita,0.1341,residual
21922,Ġmanipulate,0.1402,residual
21933,165,0.1283,residual
21942,Ġunfamiliar,0.1015,residual
21951,Ġutmost,0.1261,residual
21961,Ġrescind,0.1469,residual
21970,ĠArbor,0.1338,residual
21984,idy,0.1338,residual
21992,LP,0.1273,residual
22004,Year,0.1439,residual
22012,Ġattendant,0.0898,residual
22024,Ġjoking,0.1141,residual
22032,Ġshaky,0.1078,residual
22041,Scott,0.1025,residual
22050,arium,0.1487,residual
22058,Ġbanners,0.0982,residual
22069,Ġhostility,0.1422,residual
22082,ĠInstitution,0.1318,residual
22093,Ġscream,0.0973,residual
22104,Ġremed,0.1005,residual
22113,Four,0.0765,residual
22123,ĠSOU,0.1359,residual
22134,ĠEmil,0.1145,residual
22143,ĠSchiff,0.1342,residual
22152,ĠPatriot,0.1214,residual
22161,ĠAshes,0.1222,residual
22172,ĠAboriginal,0.13,residual
22183,ĠKatz,0.1238,residual
22194,ĠKamp,0.111,residual
22206,Ġindicative,0.0967,residual
22215,Ġdesires,0.0964,residual
22225,ĠSMS,0.0749,residual
22235,Ġbaggage,0.1352,residual
22246,Ġstre,0.078,residual
22258,uve,0.1434,residual
22266,Ġreapp,0.1002,residual
22278,Ġvinyl,0.1136,residual
22287,ĠBran,0.0974,residual
22297,Ġpicnic,0.1099,residual
22305,ĠSTAR,0.1238,residual
22317,aum,0.1385,residual
22329,Ġmarches,0.1322,residual
22338,ĠDS,0.0469,residual
22348,Ġcocoa,0.1178,residual
22358,ĠMcCann,0.1096,residual
22366,ĠIndividual,0.0761,residual
22376,prof,0.1412,residual
22386,Ġmandates,0.1292,residual
22396,Ġmagnet,0.0607,residual
22406,Ġdevil,0.0606,residual
22417,harm,0.1472,residual
22427,Ġchassis,0.1311,residual
22436,Ġsignaling,0.1219,residual
22447,ZA,0.1495,residual
22457,ĠAHL,0.1093,residual
22471,isan,0.1227,residual
22488,ĠGoodwin,0.1076,residual
22499,ĠLiberation,0.1429,residual
22509,ĠCatholics,0.1335,residual
22523,Ġwidth,0.074,residual
22534,Ġarresting,0.1088,residual
22543,ĠWAR,0.1122,residual
22552,roud,0.1336,residual
22562,ĠGH,0.0663,residual
22574,Ġbucks,0.0854,residual
22585,Ġinspected,0.1344,residual
22596,Ġsecrecy,0.149,residual
22607,ĠMelanie,0.1146,residual
22619,Ġ137,0.0968,residual
22629,Ġgentlemen,0.1267,residual
22638,qv,0.1468,residual
22649,Public,0.0983,residual
22661,Ġretrieve,0.1486,residual
22670,Ġmilestones,0.1382,residual
22679,Ġemission,0.1199,residual
22690,Ġincorporating,0.1294,residual
22700,ĠBug,0.068,residual
22711,ĠCostco,0.135,residual
22721,ĠZa,0.0926,residual
22736,azing,0.1245,residual
22746,ĠGoods,0.1236,residual
22756,ĠRox,0.0888,residual
22766,Ġapprentices,0.1333,residual
22775,ĠScha,0.1146,residual
22783,ĠHB,0.0791,residual
22793,ĠHarding,0.1458,residual
22804,Ġunlocked,0.097,residual
22814,205,0.1305,residual
22824,ĠJump,0.0695,residual
22835,Ġmaternal,0.1177,residual
22844,Ġsergeant,0.1405,residual
22852,berries,0.1452,residual
22867,ĠEh,0.0851,residual
22878,Ġmaj,0.0966,residual
22887,iola,0.148,residual
22897,ĠCompet,0.1457,residual
22910,Ġportrayal,0.1386,residual
22922,Ġhotline,0.1257,residual
22935,ĠHasan,0.1398,residual
22948,Ġtentative,0.0777,residual
22959,ĠLucia,0.1464,residual
22969,ĠRehab,0.1297,residual
22981,Ġperceptions,0.1298,residual
22992,Ġdefer,0.119,residual
23000,ĠReve,0.0917,residual
23011,ipes,0.147,residual
23024,chet,0.0952,residual
23032,fix,0.1107,residual
23044,ĠSantana,0.1438,residual
23053,resh,0.1304,residual
23063,ĠChest,0.0977,residual
23074,Rain,0.1308,residual
23084,ĠHC,0.0616,residual
23093,ĠPRO,0.0803,residual
23103,ĠMustang,0.134,residual
23116,Ġflashed,0.1179,residual
23126,Ġwanna,0.0929,residual
23136,Ġoy,0.1001,residual
23144,ĠSaul,0.1276,residual
23154,Ġhears,0.1098,residual
23162,ĠHak,0.0913,residual
23173,ĠSlim,0.0972,residual
23187,Ġmelting,0.0874,residual
23196,Ġmutually,0.078,residual
23205,Ġinund,0.1329,residual
23215,Ġcountered,0.1427,residual
23226,Ġextraction,0.1036,residual
23242,expl,0.1186,residual
23251,Ġresidences,0.1404,residual
23261,Ġfreshly,0.0704,residual
23271,Instead,0.1028,residual
23281,Ġfencing,0.1258,residual
23292,Ġintimidating,0.1113,residual
23302,anie,0.1418,residual
23315,Ġhur,0.0746,residual
23323,Ġcontraction,0.1113,residual
23332,Ġrestraints,0.1374,residual
23344,ĠCoc,0.0679,residual
23355,ĠCombined,0.1154,residual
23369,ukes,0.1376,residual
23379,Ġbind,0.0533,residual
23389,Av,0.0834,residual
23397,Ġevasion,0.1417,residual
23412,urate,0.1489,residual
23429,Ġsingular,0.0515,residual
23439,Ġshovel,0.0881,residual
23448,Ġtempted,0.1292,residual
23459,Ġrecess,0.0932,residual
23469,Ġrenamed,0.1039,residual
23479,ĠBett,0.1371,residual
23487,Ġdefects,0.1121,residual
23495,gur,0.149,residual
23506,ĠEA,0.0543,residual
23520,Ġpolished,0.1157,residual
23533,Ġconsolation,0.1329,residual
23544,Ġdrained,0.1255,residual
23552,oshi,0.128,residual
23563,ĠLennon,0.1077,residual
23576,Ġeclips,0.1319,residual
23586,Ġruler,0.1198,residual
23598,Ġdanced,0.1483,residual
23608,Ġexaminer,0.1488,residual
23619,ĠGutierrez,0.1242,residual
23629,Ġbir,0.0724,residual
23638,Tw,0.0844,residual
23651,Ġfav,0.0712,residual
23662,Ġfunnel,0.0957,residual
23675,Little,0.0823,residual
23684,Ġmim,0.0687,residual
23698,ĠIX,0.1315,residual
23707,ĠBom,0.1105,residual
23717,Ġerased,0.1486,residual
23726,ĠPush,0.1013,residual
23734,Ġcoats,0.1181,residual
23743,ĠAbsolutely,0.1263,residual
23754,Inst,0.0747,residual
23765,ĠOM,0.0833,residual
23774,ĠPV,0.0778,residual
23785,Ġinflammatory,0.1327,residual
23798,ĠObs,0.0821,residual
23809,Ġbored,0.1113,residual
23819,Ġdice,0.1155,residual
23829,Ġsuck,0.0434,residual
23841,Ġgameplay,0.1445,residual
23851,ĠLung,0.1159,residual
23863,ĠLego,0.0919,residual
23874,Ġbottled,0.1194,residual
23886,Williams,0.1442,residual
23899,ĠCarnegie,0.1061,residual
23909,ĠOffensive,0.1433,residual
23918,Ġmarquee,0.1368,residual
23929,ĠJaime,0.1298,residual
23940,Ġtowering,0.1143,residual
23956,Ġseismic,0.1209,residual
23970,ĠLawn,0.1404,residual
23983,Ġunatt,0.0674,residual
23998,ĠChilean,0.1422,residual
24010,Ġplanners,0.132,residual
24021,Jim,0.1082,residual
24030,ĠGarn,0.1162,residual
24043,Ġswe,0.0784,residual
24052,ĠShim,0.1088,residual
24063,ĠGerm,0.1066,residual
24071,ench,0.1359,residual
24080,Ġinflicted,0.1372,residual
24093,Leod,0.1481,residual
24105,Ġcleric,0.1382,residual
24114,Ġspying,0.1439,residual
24125,Ġringing,0.0762,residual
24137,Ġ850,0.1169,residual
24149,Ġthesis,0.1119,residual
24158,ĠSuzanne,0.1114,residual
24169,ĠTeddy,0.1072,residual
24181,hou,0.1356,residual
24191,Ġsaturated,0.115,residual
24204,Ġaffluent,0.1319,residual
24216,ĠReich,0.098,residual
24227,lÃ©,0.1476,residual
24240,cn,0.1484,residual
24253,Ġflavour,0.1026,residual
24262,char,0.1117,residual
24271,Ġbumps,0.1147,residual
24281,ĠShapiro,0.1296,residual
24289,ĠAnonymous,0.1162,residual
24297,Ġdepths,0.1096,residual
24312,Ġbooths,0.1466,residual
24324,Ġwholes,0.1001,residual
24332,Ġbombshell,0.1355,residual
24342,Ġparamount,0.1174,residual
24355,215,0.118,residual
24366,ĠQuincy,0.1012,residual
24376,Ġunh,0.0475,residual
24385,ĠHendricks,0.1119,residual
24399,Ġoutset,0.1273,residual
24407,nda,0.1068,residual
24421,Ġric,0.0976,residual
24434,Jason,0.1204,residual
24447,Ġtug,0.1001,residual
24457,III,0.12,residual
24471,uddy,0.1462,residual
24481,Ġupsetting,0.1358,residual
24495,ĠExtreme,0.0866,residual
24506,Ġdread,0.0732,residual
24516,ĠPig,0.0841,residual
24534,ĠVest,0.12,residual
24544,ĠCrowd,0.1273,residual
24553,Ġslope,0.1025,residual
24566,ĠDES,0.0815,residual
24575,ĠClaude,0.1033,residual
24585,etter,0.1359,residual
24595,Ġreferencing,0.1162,residual
24605,ĠCrazy,0.087,residual
24615,hod,0.1168,residual
24624,Ġfacilitated,0.1297,residual
24635,blog,0.1288,residual
24650,Ġmortar,0.1078,residual
24663,Ġsperm,0.1411,residual
24674,ĠSung,0.1447,residual
24690,Ġasc,0.048,residual
24699,Comp,0.0779,residual
24710,ĠPole,0.0988,residual
24721,ĠKO,0.0712,residual
24731,Ġethanol,0.1459,residual
24746,ĠEmir,0.1184,residual
24757,Ġruins,0.1158,residual
24768,ĠIc,0.1154,residual
24781,Ġkidn,0.1424,residual
24790,Ġauthentication,0.1416,residual
24799,ĠEstonia,0.1362,residual
24811,iral,0.1217,residual
24823,Ġard,0.1134,residual
24832,azy,0.1227,residual
24841,Ġflush,0.1076,residual
24856,Ġconductor,0.1189,residual
24867,Ġtast,0.0699,residual
24876,Ġbald,0.0641,residual
24891,Ġlangu,0.1074,residual
24901,Ġoversized,0.1234,residual
24912,Ġfielded,0.1441,residual
24926,Ġvegetarian,0.145,residual
24934,Ġquant,0.1034,residual
24944,Ġjoints,0.0899,residual
24965,---,0.0561,residual
24974,Ġinsistence,0.1288,residual
24986,ĠÃī,0.1152,residual
24999,leaf,0.1331,residual
25009,ĠAdmiral,0.1127,residual
25021,Ġawarding,0.1398,residual
25033,Ġoak,0.108,residual
25046,ĠSug,0.0943,residual
25055,ĠStrauss,0.1245,residual
25069,Ġcul,0.1063,residual
25079,Ġpaste,0.1091,residual
25089,Thomas,0.0944,residual
25099,Ġont,0.0996,residual
25110,Special,0.1154,residual
25122,ĠCertain,0.1313,residual
25138,ĠCoord,0.1203,residual
25151,ĠTut,0.0926,residual
25161,Ġcollegiate,0.1474,residual
25174,Ġonslaught,0.1318,residual
25184,ĠMatth,0.135,residual
25193,Ġerad,0.1263,residual
25203,rait,0.1466,residual
25212,Ġoptimization,0.1413,residual
25226,ĠHamp,0.111,residual
25239,ĠHelena,0.1126,residual
25250,ĠSSD,0.0916,residual
25262,ĠGender,0.127,residual
25273,ĠRecon,0.127,residual
25284,Ġfoc,0.1092,residual
25295,Ġvalidity,0.1149,residual
25307,ĠTavern,0.126,residual
25322,ELL,0.149,residual
25332,ĠIre,0.0954,residual
25345,Ġ1949,0.1486,residual
25355,Ġcries,0.1035,residual
25369,vec,0.1296,residual
25381,ĠPats,0.1194,residual
25390,ĠDed,0.0966,residual
25402,Ġcomplementary,0.0865,residual
25412,elta,0.1478,residual
25422,ĠIssue,0.1005,residual
25431,ĠBren,0.1169,residual
25439,Read,0.0573,residual
25449,ĠForget,0.1293,residual
25461,Ġslaying,0.1409,residual
25475,Ġlobster,0.1361,residual
25484,fc,0.1244,residual
25496,Five,0.0943,residual
25505,Ġexcav,0.1115,residual
25513,ould,0.1373,residual
25527,ĠHazel,0.1162,residual
25536,Ġadjud,0.1201,residual
25546,Va,0.1267,residual
25556,Ġtransmit,0.1072,residual
25570,Ġforwarded,0.1346,residual
25583,Ġtraps,0.0836,residual
25593,ĠElk,0.1068,residual
25604,Ġciv,0.1265,residual
25614,Ġrevis,0.1197,residual
25629,Ġcereal,0.1047,residual
25639,Ġperm,0.0771,residual
25651,ĠNurse,0.1365,residual
25663,Ġhog,0.0828,residual
25672,Ġnaive,0.0937,residual
25680,Ġfunk,0.1207,residual
25694,Ġdiary,0.1166,residual
25708,Ġnowadays,0.1191,residual
25716,ĠErd,0.1308,residual
25725,agic,0.149,residual
25735,Ġcaliber,0.1039,residual
25748,ĠBallard,0.125,residual
25758,Ġ153,0.1286,residual
25771,Ġambient,0.094,residual
25780,Ġdances,0.1496,residual
25797,Ġaccredited,0.1265,residual
25806,Ġrese,0.0723,residual
25817,ĠGenerally,0.124,residual
25829,Ġfrontline,0.1046,residual
25842,Ġaids,0.1063,residual
25852,ĠSPR,0.1329,residual
25862,Ġbundled,0.0961,residual
25873,ĠSpl,0.0768,residual
25885,ĠLear,0.1016,residual
25896,Ġliking,0.0872,residual
25908,ĠCrab,0.1245,residual
25922,Ġupright,0.0874,residual
25930,aqu,0.1478,residual
25941,Ġboosts,0.1228,residual
25953,ĠDust,0.0878,residual
25965,Ġsizeable,0.1364,residual
25973,Prime,0.1374,residual
25987,Ġdisparity,0.1294,residual
25995,Ġcornerstone,0.1233,residual
26006,ĠSeas,0.1307,residual
26019,whelming,0.1414,residual
26029,dj,0.142,residual
26043,ĠDisneyland,0.1326,residual
26054,Ġbubbles,0.0905,residual
26063,ATS,0.1375,residual
26077,Ġglaring,0.0996,residual
26090,Ġtailor,0.0759,residual
26102,ĠOculus,0.1444,residual
26112,Ġadvertise,0.1483,residual
26123,Ġstrap,0.1146,residual
26134,Ġwherein,0.0884,residual
26146,ĠKD,0.1096,residual
26157,ĠBacon,0.1141,residual
26168,Ġbenches,0.1189,residual
26178,Ġdispose,0.1229,residual
26191,Ġcheckpoints,0.1496,residual
26203,Ġliberties,0.1364,residual
26214,ĠMaurit,0.1405,residual
26227,Ġ340,0.1003,residual
26246,ĠClair,0.1209,residual
26260,Ġdisplacement,0.1181,residual
26270,ĠDai,0.0983,residual
26282,Ġshel,0.1241,residual
26295,ĠTaiwanese,0.1487,residual
26304,ĠSWAT,0.1167,residual
26314,uously,0.1421,residual
26322,Ġminiature,0.0826,residual
26334,Ġsticker,0.0874,residual
26346,Ġverse,0.0741,residual
26355,Week,0.1192,residual
26367,ĠWarn,0.108,residual
26378,eps,0.1314,residual
26393,Ġhateful,0.1424,residual
26403,ĠExper,0.1043,residual
26417,Ġinh,0.0981,residual
26427,ointed,0.1493,residual
26435,Ġviolently,0.1281,residual
26447,Ġ1944,0.1427,residual
26456,ĠSold,0.0977,residual
26465,Ġallergy,0.1335,residual
26475,Ġtaxable,0.1417,residual
26489,Ġcens,0.0808,residual
26502,Ġclan,0.0886,residual
26512,pec,0.1398,residual
26522,wr,0.12,residual
26532,ĠRoz,0.1427,residual
26543,ĠCum,0.0951,residual
26553,ĠISO,0.0598,residual
26563,Ġhalting,0.117,residual
26574,Ġimplant,0.113,residual
26590,ĠPros,0.1106,residual
26600,Ġmetaphor,0.1203,residual
26614,ĠJem,0.097,residual
26625,ĠMonk,0.1017,residual
26636,thro,0.1495,residual
26647,Ġtaller,0.1157,residual
26658,Ġprogresses,0.1399,residual
26669,Ġlik,0.0678,residual
26684,ĠChu,0.1098,residual
26697,JD,0.13,residual
26712,Ġunborn,0.1398,residual
26723,Ġaudits,0.1363,residual
26734,ĠSeventh,0.1265,residual
26748,Ġ420,0.1079,residual
26759,rogen,0.1378,residual
26770,RB,0.1496,residual
26786,exper,0.13,residual
26803,Ġbusted,0.1255,residual
26815,Ġscenery,0.1421,residual
26830,Ġfra,0.0914,residual
26848,Ġga,0.042,residual
26860,isal,0.1282,residual
26872,ĠFaculty,0.1459,residual
26881,Ġgrazing,0.1267,residual
26892,personal,0.1481,residual
26906,Ġbirths,0.1464,residual
26915,acles,0.1415,residual
26923,Ġgravel,0.1134,residual
26937,Ġiceberg,0.1246,residual
26950,Ġeviction,0.1104,residual
26958,ĠCooke,0.1444,residual
26969,ĠWorkshop,0.1334,residual
26979,lov,0.1255,residual
26990,ĠKitt,0.1172,residual
27002,ĠMahm,0.1387,residual
27017,ĠTL,0.0746,residual
27028,Ġbooster,0.1009,residual
27037,cause,0.1315,residual
27050,Ġshaft,0.0735,residual
27058,ĠClyde,0.1194,residual
27068,Ġcruising,0.1456,residual
27080,ĠWei,0.1176,residual
27097,152,0.141,residual
27110,Ro,0.0831,residual
27120,Ġenlist,0.1096,residual
27128,prop,0.118,residual
27139,ĠNep,0.0888,residual
27148,Ġ__,0.1126,residual
27156,Ġpiling,0.1307,residual
27167,ĠYar,0.1017,residual
27178,ĠBirth,0.1069,residual
27191,Ġexodus,0.1326,residual
27200,Ġappra,0.0998,residual
27219,Ġremnants,0.0921,residual
27231,ĠMX,0.1031,residual
27243,Ġharmless,0.0964,residual
27252,Ġcherished,0.1171,residual
27264,Ġ380,0.1303,residual
27276,Ġnotebook,0.1171,residual
27288,Ġwedge,0.1061,residual
27304,Ġiteration,0.1037,residual
27313,rek,0.131,residual
27330,Ġenthusiast,0.1452,residual
27341,ĠWords,0.1277,residual
27360,Ġfeminine,0.1102,residual
27372,Ġmarrying,0.1465,residual
27386,Ġinsulation,0.1338,residual
27396,Ġfrantic,0.1228,residual
27406,Ġbrightness,0.1287,residual
27418,2008,0.1497,residual
27429,Ġtyph,0.1343,residual
27443,ĠSecure,0.1073,residual
27454,coll,0.1498,residual
27464,ĠInspired,0.1466,residual
27475,Ġpivot,0.0876,residual
27487,Ġwil,0.0613,residual
27497,Ġagon,0.0868,residual
27514,Ġprolong,0.1076,residual
27525,ĠCarb,0.1262,residual
27536,ĠClive,0.1214,residual
27546,Ġ224,0.1077,residual
27556,ĠYi,0.113,residual
27567,ĠHelm,0.1353,residual
27581,Ġsolicitor,0.1498,residual
27599,Ġmanic,0.079,residual
27610,ĠVacc,0.121,residual
27624,336,0.1109,residual
27635,little,0.1393,residual
27646,ĠHide,0.0974,residual
27656,ĠBreed,0.1473,residual
27672,ĠPrec,0.0902,residual
27685,Ġsoak,0.1022,residual
27696,Six,0.1139,residual
27712,Ġconventions,0.1266,residual
27723,Ġ1946,0.1446,residual
27734,uits,0.1432,residual
27749,ĠLatvia,0.1423,residual
27759,Radio,0.1279,residual
27770,ishly,0.1263,residual
27780,Field,0.1177,residual
27795,Ġstalking,0.1264,residual
27808,ĠFruit,0.1037,residual
27819,Ĩ,0.0899,residual
27834,Ġsheds,0.1356,residual
27845,Richard,0.1146,residual
27858,ĠLoud,0.1151,residual
27870,Ġstrikers,0.1436,residual
27881,Ġwrestle,0.1493,residual
27889,Ġsevered,0.1327,residual
27902,Ġspies,0.1421,residual
27913,ĠUser,0.0709,residual
27930,Ġpredictive,0.1229,residual
27939,Ġ1941,0.1436,residual
27951,Ġrobbing,0.1471,residual
27963,Ġlabeling,0.1114,residual
27973,Ġcompetence,0.1421,residual
27986,ĠShock,0.0963,residual
27997,ĠEsther,0.0911,residual
28009,Ġembell,0.1371,residual
28024,Ġcrit,0.0723,residual
28036,Ġ209,0.143,residual
28050,rost,0.1345,residual
28064,Ġpurportedly,0.1315,residual
28076,ipl,0.134,residual
28087,Ġsund,0.0773,residual
28098,Ġtweak,0.1192,residual
28108,urally,0.1379,residual
28118,Ġresponsibly,0.1262,residual
28129,177,0.1133,residual
28140,ĠNir,0.1145,residual
28149,Ġexchanging,0.1379,residual
28159,Ġshines,0.1147,residual
28170,Ġ440,0.1303,residual
28187,ĠVirt,0.0927,residual
28199,river,0.1434,residual
28209,ĠInsight,0.1458,residual
28218,Ġcaramel,0.141,residual
28227,Ġscarcity,0.1388,residual
28239,Ġdownstairs,0.1195,residual
28256,ĠQuant,0.0967,residual
28270,Ġ1951,0.1328,residual
28283,ĠUnknown,0.1163,residual
28293,Ġbombed,0.1384,residual
28305,ĠBelieve,0.1446,residual
28321,ĠNET,0.1302,residual
28333,ĠGarry,0.1153,residual
28342,Ġcrap,0.091,residual
28352,ĠRuff,0.101,residual
28367,Ġpassions,0.1495,residual
28384,Ġarranging,0.144,residual
28397,Ġsubsidized,0.14,residual
28410,Ġaust,0.0871,residual
28423,Ġbog,0.0883,residual
28438,Ġbron,0.1003,residual
28452,Ġdolls,0.1474,residual
28466,pas,0.1482,residual
28480,ĠAppalachian,0.1188,residual
28489,ĠDarius,0.1005,residual
28503,232,0.1379,residual
28514,ĠLatinos,0.1472,residual
28524,Ken,0.1128,residual
28533,ĠArbit,0.143,residual
28546,Ġstripping,0.1039,residual
28558,Ġ176,0.1101,residual
28569,Ġnud,0.0942,residual
28579,ĠIw,0.1409,residual
28587,Ġliar,0.1335,residual
28598,Ġundecided,0.129,residual
28611,Ġstandby,0.108,residual
28624,ĠXen,0.0952,residual
28637,ĠBriggs,0.1159,residual
28651,Ġbeaut,0.1008,residual
28664,Ġ177,0.1145,residual
28672,Ġtransitions,0.1096,residual
28686,Ġdownright,0.1306,residual
28699,Ġey,0.0917,residual
28707,Ġseals,0.0921,residual
28726,Ġconvers,0.1008,residual
28734,Ġspam,0.0828,residual
28749,??,0.0334,residual
28760,Ġadaptive,0.1384,residual
28768,ĠWit,0.101,residual
28778,iph,0.1387,residual
28794,Ġtrait,0.1246,residual
28804,ĠOv,0.1477,residual
28816,Ġ174,0.1177,residual
28833,Ġ167,0.1281,residual
28850,ĠCrypt,0.1439,residual
28860,Boy,0.1151,residual
28869,Ġthorn,0.1486,residual
28879,onge,0.1361,residual
28890,Ġbeams,0.1139,residual
28903,ĠSeymour,0.1185,residual
28917,Pres,0.1111,residual
28932,Ġsnowy,0.1274,residual
28945,189,0.1345,residual
28965,Overall,0.119,residual
28975,Ġchats,0.1272,residual
28987,Marc,0.136,residual
28999,Ġoutburst,0.1421,residual
29013,vard,0.142,residual
29025,Ġswat,0.0974,residual
29038,Di,0.0831,residual
29050,Ġspills,0.1478,residual
29061,xx,0.0904,residual
29078,Ġreel,0.0993,residual
29094,etch,0.1479,residual
29109,ĠDraw,0.1043,residual
29119,ĠRear,0.1415,residual
29134,ĠKlaus,0.1163,residual
29147,ĠGeo,0.124,residual
29159,yu,0.1397,residual
29170,aler,0.1469,residual
29184,Ġtet,0.0846,residual
29193,Ġthirds,0.1339,residual
29202,ĠKickstarter,0.1491,residual
29212,Ġglue,0.0955,residual
29220,Fr,0.0866,residual
29233,Kit,0.1072,residual
29242,ORN,0.1469,residual
29257,ĠInteg,0.1422,residual
29272,Ġ199,0.13,residual
29284,Ġthinner,0.1198,residual
29297,mc,0.1335,residual
29308,Ġbehold,0.1162,residual
29320,ĠAudit,0.1361,residual
29332,ĠDirection,0.1482,residual
29343,ĠPeach,0.1174,residual
29358,eas,0.1331,residual
29368,ĠYosemite,0.1455,residual
29384,Ġsucks,0.0972,residual
29396,ĠEleanor,0.1314,residual
29407,Ġdownt,0.1151,residual
29424,ĠUnc,0.1364,residual
29435,Ġbru,0.0756,residual
29448,Ġhotter,0.1274,residual
29457,UF,0.1472,residual
29466,Justin,0.1399,residual
29476,Ġpont,0.0921,residual
29487,Ġcircumvent,0.1415,residual
29499,Ġspider,0.094,residual
29512,Ġdisdain,0.1473,residual
29523,ĠTarg,0.109,residual
29538,Ġnegligent,0.1401,residual
29551,Ġemblem,0.0999,residual
29568,Ġ183,0.1308,residual
29579,nah,0.135,residual
29591,assed,0.1381,residual
29599,ĠRug,0.0938,residual
29612,ĠEQ,0.1008,residual
29621,Ġbillboard,0.1222,residual
29632,Ġstabilization,0.1384,residual
29647,ĠSaud,0.1341,residual
29657,ĠAugustine,0.1049,residual
29670,Ġ430,0.1286,residual
29685,Ġmodification,0.1206,residual
29695,Ġdru,0.1102,residual
29707,Ġobsolete,0.1421,residual
29719,ĠRaphael,0.1213,residual
29732,ĠSerge,0.1257,residual
29743,International,0.117,residual
29752,Ġteasing,0.1267,residual
29764,Ġpractitioner,0.1454,residual
29778,Ġenvy,0.1071,residual
29793,Ġvigorous,0.1244,residual
29811,Ġparallels,0.1206,residual
29830,ĠMatrix,0.1026,residual
29844,ĠHUD,0.1187,residual
29854,Ġoptimized,0.1348,residual
29869,ĠKuh,0.1401,residual
29885,Ġclimax,0.1113,residual
29899,162,0.1221,residual
29911,252,0.1288,residual
29928,Ġbowel,0.1472,residual
29939,Ġtile,0.0983,residual
29950,ĠViz,0.1179,residual
29964,Ġlocom,0.0858,residual
29980,383,0.141,residual
29991,Found,0.1035,residual
29999,ĠMonteneg,0.1369,residual
30009,REE,0.1458,residual
30024,187,0.1297,residual
30037,ĠRider,0.1133,residual
30049,ĠFIRE,0.1386,residual
30059,obic,0.1416,residual
30070,ĠLaws,0.1451,residual
30083,zn,0.1325,residual
30092,415,0.1394,residual
30102,Ġhomegrown,0.1055,residual
30111,321,0.1306,residual
30126,Ġbonded,0.1104,residual
30144,ĠActual,0.1264,residual
30161,Ġunmarked,0.1471,residual
30177,Ġtails,0.0809,residual
30194,ĠCly,0.116,residual
30205,866,0.1184,residual
30216,cp,0.1177,residual
30232,ĠAlps,0.1464,residual
30244,ĠBeng,0.1174,residual
30256,Ġincapable,0.1288,residual
30270,Ġfreel,0.0942,residual
30282,Ġstumble,0.1444,residual
30292,Ġbulldo,0.1375,residual
30306,ĠPriest,0.096,residual
30317,Ġcleans,0.1103,residual
30329,Ġdoubted,0.1437,residual
30342,Ġ232,0.1186,residual
30355,ĠWM,0.0919,residual
30371,ĠMelt,0.1279,residual
30383,Data,0.1366,residual
30395,LT,0.1401,residual
30406,bum,0.1175,residual
30419,Ġ219,0.1415,residual
30433,Ġfloats,0.1309,residual
30449,Ġaltar,0.1201,residual
30463,ĠProtocol,0.1285,residual
30475,Ġplaylist,0.1405,residual
30489,Ġbuddies,0.1091,residual
30499,Ġvisitation,0.1364,residual
30512,Ġdecay,0.1065,residual
30529,__,0.0878,residual
30549,STR,0.1406,residual
30560,Ġnurturing,0.1454,residual
30570,ologically,0.1357,residual
30584,Ġbailed,0.1323,residual
30596,IGN,0.1303,residual
30606,inker,0.1496,residual
30622,ĠNig,0.1015,residual
30636,ĠKahn,0.1189,residual
30651,Ġevangel,0.1415,residual
30663,ĠGuantanamo,0.1371,residual
30672,inally,0.1378,residual
30683,Ġdashed,0.1264,residual
30700,Ġdomains,0.1057,residual
30711,ARP,0.1312,residual
30733,Ġclears,0.1305,residual
30744,Ġreinforcing,0.1199,residual
30756,Ġclauses,0.1252,residual
30776,Ġgenital,0.1466,residual
30787,"+,",0.1071,residual
30797,Ġestates,0.1277,residual
30809,Ġdissip,0.1223,residual
30820,abit,0.1444,residual
30837,Ġcosmic,0.132,residual
30849,Ġmantle,0.1285,residual
30864,Ġlust,0.0934,residual
30881,490,0.1472,residual
30893,Ġfacilit,0.1202,residual
30903,Ġcoincides,0.1412,residual
30914,Ġfacade,0.1351,residual
30934,Ġfant,0.0944,residual
30944,Ġcrippled,0.1263,residual
30956,Ġdetector,0.1146,residual
30967,Ġarrogant,0.1331,residual
30979,Ġdime,0.1088,residual
30989,Ġpurge,0.1093,residual
31001,ĠJuice,0.1432,residual
31015,ĠQuiet,0.1203,residual
31032,Ġconveniently,0.1014,residual
31045,Ġausp,0.0929,residual
31058,agos,0.1297,residual
31074,Ġcomparatively,0.1072,residual
31087,Ġmeasurable,0.139,residual
31106,Jen,0.1139,residual
31118,Ġorg,0.0773,residual
31130,Ġbananas,0.1322,residual
31145,268,0.1464,residual
31157,Rem,0.0691,residual
31172,ĠVitamin,0.1187,residual
31184,253,0.1442,residual
31195,Posted,0.0441,residual
31207,Ġsepar,0.0832,residual
31220,Ġcalming,0.1128,residual
31237,Ġsnatch,0.1279,residual
31248,Ġbushes,0.1352,residual
31263,alog,0.1214,residual
31276,304,0.1451,residual
31289,ĠSaving,0.1363,residual
31301,Ġfledgling,0.1303,residual
31311,"Ġ),",0.1295,residual
31322,Ġdeprivation,0.1396,residual
31333,Ġridden,0.1316,residual
31349,Ġmirrored,0.1252,residual
31365,Ġsax,0.1266,residual
31379,Ġresent,0.1007,residual
31393,Emer,0.118,residual
31412,660,0.1363,residual
31425,Ġmutation,0.1345,residual
31436,Ġstereo,0.1317,residual
31446,Ġdiscord,0.1043,residual
31463,Ġaccelerator,0.1197,residual
31476,ĠCame,0.0962,residual
31488,Ġ221,0.1244,residual
31499,serv,0.1482,residual
31515,Ġcontradictory,0.1368,residual
31528,ĠHO,0.1162,residual
31540,ĠGarrison,0.1236,residual
31551,Ġ802,0.1338,residual
31567,Ġcapit,0.1085,residual
31584,ĠGarage,0.1162,residual
31603,Ġinformational,0.127,residual
31613,ĠReason,0.1059,residual
31625,Ġsimplest,0.1159,residual
31639,Ġblocker,0.1454,residual
31651,Ġpron,0.1201,residual
31662,ĠAutomatic,0.1154,residual
31679,erb,0.1244,residual
31699,given,0.1314,residual
31713,ĠHitchcock,0.1366,residual
31724,orph,0.133,residual
31738,Ġ233,0.1198,residual
31746,ÙĨ,0.1384,residual
31757,Ġwritings,0.1226,residual
31773,Ġ302,0.1305,residual
31789,Ġstained,0.1231,residual
31802,ĠPortal,0.1095,residual
31815,Ġdesignate,0.1323,residual
31825,Ġcitation,0.1371,residual
31844,Ġforfe,0.1457,residual
31857,Ġunaff,0.1113,residual
31870,Ell,0.0991,residual
31891,ĠSubway,0.1121,residual
31902,Ġproced,0.1419,residual
31917,iii,0.1213,residual
31926,Ġoxy,0.1088,residual
31939,Ġbooted,0.1339,residual
31947,Ġcurtains,0.1337,residual
31957,bos,0.1373,residual
31973,Ġion,0.07,residual
31985,Ġsniper,0.1215,residual
31998,307,0.1465,residual
32010,Ġblackout,0.1126,residual
32024,ĠDir,0.107,residual
32032,ĠTaken,0.1377,residual
32042,Ġcrispy,0.1302,residual
32053,Ġpulp,0.125,residual
32071,281,0.1301,residual
32091,ĠGoes,0.1287,residual
32100,ĠAim,0.1198,residual
32113,ĠFAM,0.1274,residual
32126,Ġliv,0.1122,residual
32139,Hol,0.122,residual
32153,ĠHomer,0.1097,residual
32166,ĠShad,0.1303,residual
32178,Ġgrading,0.1272,residual
32191,ALLY,0.1437,residual
32202,ĠHuge,0.1451,residual
32219,Ġnovice,0.1124,residual
32229,Ġreflex,0.0942,residual
32243,Ġsequencing,0.1428,residual
32259,Da,0.1074,residual
32276,Ġunsuspecting,0.1224,residual
32295,ĠCAT,0.1009,residual
32305,Ġswallowed,0.1418,residual
32319,ĠContra,0.1294,residual
32330,ĠUnt,0.0822,residual
32346,unts,0.1418,residual
32361,Ram,0.0964,residual
32374,Ġrightful,0.1247,residual
32388,roach,0.1492,residual
32401,Hur,0.1194,residual
32412,Ġsilently,0.1148,residual
32425,ĠLAN,0.1042,residual
32436,ĠWiz,0.1318,residual
32450,Ġrubbing,0.1334,residual
32461,Ġvagina,0.1304,residual
32472,Ġsteril,0.1142,residual
32483,ipal,0.134,residual
32500,ĠNEED,0.112,residual
32512,Ġunaffected,0.1274,residual
32522,Ġstagn,0.142,residual
32536,Ġpreviews,0.1211,residual
32546,ĠPI,0.0789,residual
32561,acket,0.1439,residual
32574,Ġdisparate,0.1309,residual
32585,Ġpepp,0.1447,residual
32600,ĠMinimum,0.112,residual
32615,ĠClarks,0.1459,residual
32628,Ġfutile,0.1318,residual
32648,Ġantibodies,0.129,residual
32662,ĠQuÃ©,0.1356,residual
32676,ĠFranks,0.1272,residual
32694,Ġantis,0.1223,residual
32710,Ġgif,0.0659,residual
32721,ĠHAR,0.132,residual
32734,Ġpee,0.0838,residual
32748,apy,0.1267,residual
32760,356,0.1478,residual
32777,ĠBarth,0.108,residual
32789,Ġsubord,0.1493,residual
32804,MAS,0.1412,residual
32815,alter,0.1491,residual
32828,Lewis,0.1318,residual
32844,ĠBonus,0.1174,residual
32858,Spring,0.1046,residual
32872,Ġtrenches,0.1388,residual
32883,Ġmurderous,0.1329,residual
32892,ource,0.1412,residual
32905,ĠSebast,0.1273,residual
32918,nex,0.1373,residual
32927,Ġdiscreet,0.1005,residual
32938,verted,0.1369,residual
32948,Ġvending,0.1348,residual
32967,Ġstrut,0.1466,residual
32979,ĠStead,0.1334,residual
32997,ĠAqua,0.1258,residual
33015,Ġeminent,0.1026,residual
33025,Ġgathers,0.1243,residual
33035,Ġninety,0.1201,residual
33047,ĠCantor,0.1348,residual
33059,adem,0.1477,residual
33076,Ġmetast,0.1297,residual
33088,Ġascent,0.1226,residual
33101,aneous,0.146,residual
33120,Winter,0.1335,residual
33131,Ġabsorption,0.1025,residual
33150,Walk,0.1086,residual
33164,Ġreload,0.1213,residual
33175,yy,0.0731,residual
33185,2001,0.143,residual
33196,Ġduplicate,0.0809,residual
33206,kay,0.145,residual
33221,ĠSynt,0.1276,residual
33238,Ġintel,0.1297,residual
33255,Ġdiner,0.1341,residual
33274,Ġpulses,0.1219,residual
33286,ĠADHD,0.1497,residual
33299,Ġencamp,0.1396,residual
33320,Ġinherit,0.1487,residual
33337,Ġbegs,0.1359,residual
33350,ĠBAT,0.1336,residual
33363,Ġinward,0.0801,residual
33376,Ġvalves,0.1422,residual
33393,Ġinsanity,0.1491,residual
33408,Ġdiscouraging,0.147,residual
33419,Ġtemperament,0.1473,residual
33432,Ġfreaking,0.0865,residual
33452,Ġ335,0.1413,residual
33463,Ġpuls,0.13,residual
33478,ĠProtestant,0.122,residual
33488,Ġtyp,0.0653,residual
33503,Ġhinge,0.1313,residual
33519,ĠDek,0.1132,residual
33533,âĢ²,0.1121,residual
33543,Yo,0.1351,residual
33560,Ġdiabetic,0.1353,residual
33569,Ġcontrasts,0.1161,residual
33580,ibal,0.1427,residual
33600,Ġfooth,0.1334,residual
33613,ĠOss,0.1336,residual
33624,Ġcac,0.1061,residual
33642,Ġmasse,0.1426,residual
33651,ĠGuatem,0.1294,residual
33664,Ġscrolling,0.1423,residual
33675,Ġreinforcements,0.1261,residual
33689,Ġsynthes,0.1176,residual
33700,ĠSEA,0.1327,residual
33713,Ġmete,0.119,residual
33727,Ġlashes,0.1332,residual
33742,Ġadministering,0.1466,residual
33758,Ġmute,0.0914,residual
33771,Ġoptimum,0.128,residual
33785,Ġridiculously,0.0916,residual
33801,Ġsorely,0.1469,residual
33812,ĠMuss,0.1317,residual
33822,gra,0.1217,residual
33842,Ġbending,0.1103,residual
33858,Ġturb,0.1318,residual
33872,ĠLoyal,0.1251,residual
33888,Ġ460,0.143,residual
33899,Ġrabbits,0.143,residual
33919,LR,0.1422,residual
33929,ĠInform,0.1167,residual
33948,Ġclerks,0.1362,residual
33968,ĠMong,0.107,residual
33981,476,0.1378,residual
33997,Ġthicker,0.1471,residual
34008,Ġhaze,0.1274,residual
34019,hair,0.1478,residual
34037,ĠZur,0.1405,residual
34057,Jordan,0.137,residual
34077,Ġpercussion,0.1463,residual
34093,ĠCarib,0.1385,residual
34107,ĠUnique,0.1185,residual
34117,Ġabolition,0.1387,residual
34132,ĠBelg,0.1272,residual
34154,Ġib,0.1006,residual
34173,ĠRamp,0.1485,residual
34186,Ġblurred,0.1319,residual
34203,Ġflattering,0.1467,residual
34228,Ġasymm,0.118,residual
34243,840,0.1467,residual
34258,Ġspoof,0.1313,residual
34271,ĠCitadel,0.1234,residual
34288,Ġ237,0.146,residual
34305,ĠGRE,0.1058,residual
34321,Ġshuffle,0.124,residual
34334,Ġfortified,0.1383,residual
34348,Ġgou,0.1375,residual
34359,Ġformulated,0.1409,residual
34374,Ġstrangely,0.1325,residual
34391,Ġoverflow,0.105,residual
34407,Ġfacet,0.1074,residual
34417,Fs,0.1422,residual
34436,ĠXer,0.1201,residual
34446,ĠQing,0.1252,residual
34463,ĠLF,0.1139,residual
34481,Ġprud,0.1279,residual
34495,ĠFou,0.11,residual
34517,Ġantibody,0.1103,residual
34533,Ġendpoint,0.1248,residual
34546,ĠMonkey,0.0993,residual
34559,ĠParam,0.1325,residual
34583,Ġleng,0.1044,residual
34593,Ġexplorer,0.1282,residual
34605,Ġchrome,0.1293,residual
34628,ĠProof,0.1122,residual
34643,ĠStress,0.145,residual
34657,Ġindifferent,0.1032,residual
34674,ĠNato,0.1487,residual
34687,Ġpirate,0.0855,residual
34702,ĠSecrets,0.1467,residual
34714,lins,0.1475,residual
34743,ĠDMV,0.1427,residual
34756,Ġsurrog,0.1326,residual
34773,Ġfuzzy,0.1108,residual
34783,ĠGlacier,0.1342,residual
34798,wow,0.1247,residual
34809,Columb,0.1424,residual
34823,FBI,0.1433,residual
34839,ĠTriumph,0.1473,residual
34858,Ġworthless,0.1142,residual
34870,mare,0.1273,residual
34883,Ġdissolution,0.1252,residual
34893,Ġcomet,0.1374,residual
34908,Ġsap,0.0998,residual
34920,Ġcontradiction,0.1398,residual
34940,Ġshove,0.1279,residual
34954,Ġstash,0.1239,residual
34965,Du,0.0951,residual
34975,ĠExcellent,0.1229,residual
34994,ĠFinish,0.1396,residual
35011,Universal,0.1277,residual
35034,ĠUri,0.1243,residual
35049,Ġdeceit,0.1457,residual
35063,Ġbland,0.1125,residual
35075,Ġguideline,0.1438,residual
35090,ignant,0.1311,residual
35104,Penn,0.1485,residual
35117,Ġrede,0.1124,residual
35125,ĠClown,0.1263,residual
35142,017,0.1259,residual
35158,ivered,0.1486,residual
35171,ĠTRE,0.1482,residual
35183,Ġ317,0.1334,residual
35200,Ġfilthy,0.1124,residual
35219,bare,0.1236,residual
35233,ĠFrag,0.1097,residual
35253,327,0.1371,residual
35264,Ġstool,0.1058,residual
35285,Ġburner,0.113,residual
35304,Ġspitting,0.1228,residual
35325,ĠWilderness,0.1294,residual
35337,447,0.1326,residual
35358,Ġsubstitution,0.1142,residual
35381,Ġ254,0.1418,residual
35391,Ġhatched,0.1417,residual
35410,Ġtherein,0.1254,residual
35422,376,0.1487,residual
35439,Ġfasc,0.1104,residual
35458,ĠBLM,0.1292,residual
35476,ĠCassandra,0.1309,residual
35490,Taking,0.1142,residual
35501,Ġcondensed,0.0873,residual
35518,AIR,0.1398,residual
35534,778,0.1461,residual
35549,ĠStatue,0.1407,residual
35564,Ġlaund,0.1282,residual
35583,Ġrecurrent,0.1205,residual
35596,ĠBans,0.1473,residual
35606,Ġoblivious,0.1344,residual
35625,Pac,0.1298,residual
35642,Ġoverlapping,0.0824,residual
35665,362,0.1409,residual
35674,ĠScarlet,0.114,residual
35688,ĠPeer,0.1182,residual
35711,ĠPepe,0.1108,residual
35730,ĠSpotlight,0.1263,residual
35742,ĠCompos,0.1389,residual
35753,icum,0.1492,residual
35774,Ġhumming,0.1263,residual
35783,ubby,0.1478,residual
35793,Ġpretended,0.1411,residual
35810,Ġweave,0.1263,residual
35831,ĠRAD,0.1026,residual
35854,ĠSurvival,0.102,residual
35874,Ġdemos,0.1231,residual
35888,Tem,0.1002,residual
35907,Ġhorribly,0.122,residual
35924,Ġcape,0.0974,residual
35944,ĠYuri,0.1303,residual
35959,ĠVIII,0.1387,residual
35970,ĠDivine,0.0975,residual
35981,ringe,0.1457,residual
35999,Ġstimul,0.1262,residual
36016,040,0.127,residual
36028,fb,0.1448,residual
36043,Oak,0.1172,residual
36061,Cas,0.1186,residual
36075,Ġdistortion,0.103,residual
36088,Score,0.1459,residual
36098,)/,0.0613,residual
36109,ĠGrape,0.1213,residual
36125,ĠBEL,0.1473,residual
36153,Ġparagraphs,0.1351,residual
36170,Ġsleeper,0.093,residual
36180,Ġip,0.073,residual
36201,Ġcuff,0.1234,residual
36217,resp,0.14,residual
36241,ĠCarry,0.1293,residual
36263,ĠUbisoft,0.1494,residual
36279,Ġhes,0.0554,residual
36290,ĠMecca,0.1296,residual
36306,ĠPOW,0.1179,residual
36335,ĠBok,0.117,residual
36349,ĠNeon,0.1455,residual
36366,Ġspecimens,0.1386,residual
36395,ĠQuote,0.1399,residual
36405,Ġmixer,0.118,residual
36417,Tel,0.118,residual
36433,Ġordained,0.1228,residual
36450,Ġunloaded,0.1378,residual
36469,Ġsr,0.107,residual
36487,frog,0.1413,residual
36502,Ġtacit,0.1238,residual
36514,ĠCouch,0.1444,residual
36536,Ġabnorm,0.1334,residual
36550,Ġconditioned,0.0965,residual
36565,515,0.141,residual
36581,ĠCabin,0.1435,residual
36592,"*,",0.0797,residual
36605,Ġperiphery,0.1367,residual
36627,ĠAtom,0.1366,residual
36640,KB,0.1387,residual
36657,Change,0.1281,residual
36671,ĠSparrow,0.1078,residual
36682,ĠPony,0.112,residual
36703,ĠRSA,0.1179,residual
36714,ç,0.1051,residual
36735,Country,0.1364,residual
36749,Ġimaginable,0.1309,residual
36762,Ġfart,0.1002,residual
36776,Ġclueless,0.1326,residual
36790,ĠShift,0.1316,residual
36813,ĠPredator,0.149,residual
36833,ĠPrinc,0.1254,residual
36851,Arizona,0.1441,residual
36866,roid,0.1407,residual
36882,ĠUmb,0.0844,residual
36893,Ġmiracles,0.1413,residual
36908,Ġbunny,0.1215,residual
36922,Ġ316,0.1463,residual
36936,ĠPupp,0.1203,residual
36953,Mas,0.114,residual
36969,ĠAmen,0.0983,residual
36984,Acc,0.0943,residual
37004,Ġparasite,0.1436,residual
37019,Ġlifeless,0.1418,residual
37038,Major,0.111,residual
37059,Ġquarantine,0.0979,residual
37081,ĠSabbath,0.1223,residual
37103,Ġwallpaper,0.133,residual
37118,Ġtranscription,0.1441,residual
37132,Ġzombies,0.1131,residual
37143,060,0.1397,residual
37160,ĠBlades,0.1472,residual
37177,ĠTik,0.0657,residual
37195,Ġincapac,0.131,residual
37209,Ġreprodu,0.0898,residual
37221,Foreign,0.1411,residual
37237,Ġconduit,0.1269,residual
37253,Ġbreathed,0.1375,residual
37271,peak,0.1497,residual
37286,Ġ266,0.1436,residual
37309,Ġunbiased,0.1243,residual
37331,alde,0.1388,residual
37342,Ġpadded,0.1201,residual
37357,Ġcompute,0.1389,residual
37372,Ġbluff,0.1074,residual
37384,ĠPresents,0.1341,residual
37397,Hong,0.1406,residual
37415,Ġ355,0.1471,residual
37427,ĠRaspberry,0.1453,residual
37447,doc,0.1411,residual
37468,Kyle,0.1422,residual
37480,Ġadditive,0.1189,residual
37496,Ġchuckle,0.1402,residual
37507,Stone,0.1439,residual
37517,Ġflakes,0.1442,residual
37539,Ġwhisper,0.1144,residual
37564,Ġflav,0.118,residual
37580,Ġuncontroll,0.1325,residual
37607,ĠTrap,0.0975,residual
37621,Ġaudible,0.1132,residual
37640,?).,0.1421,residual
37662,Ġacet,0.1379,residual
37674,802,0.1244,residual
37692,Ġgorilla,0.127,residual
37714,ĠBuddha,0.1104,residual
37725,Ġinterf,0.11,residual
37742,Ġpurchaser,0.1447,residual
37763,Ġmyst,0.1105,residual
37781,ĠStraw,0.1437,residual
37795,487,0.1293,residual
37816,ĠPax,0.1293,residual
37829,Ġoverlay,0.0941,residual
37857,ĠFairy,0.1144,residual
37873,ĠTroll,0.1199,residual
37894,Ġvex,0.1238,residual
37907,Ġsucking,0.1275,residual
37923,ttes,0.1319,residual
37943,ĠError,0.1289,residual
37961,Ġembryo,0.142,residual
37973,Updated,0.1331,residual
37982,Northern,0.1212,residual
37999,Ġveget,0.1111,residual
38017,Ġrebellious,0.1431,residual
38046,Ur,0.1082,residual
38062,otom,0.1449,residual
38073,Ġsprinkled,0.1499,residual
38087,Ġchicks,0.1394,residual
38108,Books,0.14,residual
38126,Ġintim,0.1295,residual
38146,Ġleakage,0.1465,residual
38167,Ġrhetorical,0.1482,residual
38179,Ġvortex,0.142,residual
38189,Ġantic,0.0999,residual
38204,Ġalk,0.1007,residual
38230,anon,0.1491,residual
38248,esthetic,0.142,residual
38266,ĠIO,0.0951,residual
38286,Ġner,0.0719,residual
38304,::,0.0664,residual
38332,Ġjaws,0.136,residual
38355,ĠLoad,0.1077,residual
38377,Ġmuse,0.1423,residual
38396,Ġdeficient,0.1163,residual
38411,Ġuncontrolled,0.1303,residual
38441,edly,0.1499,residual
38458,Ready,0.1198,residual
38469,Ess,0.1164,residual
38486,vm,0.1183,residual
38504,767,0.119,residual
38518,Ġillusions,0.1334,residual
38528,ĠCLA,0.1397,residual
38546,Ġspecimen,0.1239,residual
38562,ĠHUM,0.1398,residual
38578,558,0.1466,residual
38594,Ġdick,0.0618,residual
38620,466,0.1225,residual
38640,ĠVulcan,0.1292,residual
38663,ĠSPL,0.1333,residual
38682,ĠSleeping,0.1317,residual
38702,zee,0.149,residual
38721,ĠFN,0.1162,residual
38741,Information,0.1363,residual
38763,Ġinfiltration,0.1426,residual
38781,557,0.149,residual
38798,ĠPASS,0.1468,residual
38810,Ġhex,0.0557,residual
38826,Ġexternally,0.1084,residual
38843,Ġcoil,0.1043,residual
38856,Ghost,0.1449,residual
38867,Finding,0.1164,residual
38889,Ġelong,0.0825,residual
38912,Know,0.1144,residual
38927,ĠLogin,0.1438,residual
38955,Ġdenomination,0.134,residual
38980,Hell,0.1305,residual
39000,ĠTheme,0.1305,residual
39016,ĠHonest,0.1232,residual
39028,Ġundesirable,0.1105,residual
39041,rely,0.1297,residual
39069,ĠBalls,0.149,residual
39085,ĠAmp,0.1469,residual
39102,Ġfrontal,0.1039,residual
39119,ĠVampire,0.1205,residual
39131,JO,0.1445,residual
39151,RN,0.1472,residual
39173,Giving,0.1396,residual
39193,Ġintimately,0.1499,residual
39207,ĠÂ§,0.1278,residual
39229,Eastern,0.1435,residual
39250,Keith,0.1435,residual
39268,enes,0.147,residual
39284,Ġlimitless,0.146,residual
39297,Ġpsychic,0.0989,residual
39314,Ġmeanings,0.1343,residual
39326,Ġmammal,0.1491,residual
39340,Mit,0.1276,residual
39354,Ġfluor,0.1403,residual
39377,ĠShiva,0.1436,residual
39392,671,0.1442,residual
39405,546,0.1452,residual
39421,ĠISP,0.1145,residual
39446,ĠPatriarch,0.1435,residual
39475,Ġintestinal,0.1447,residual
39492,ĠLover,0.1367,residual
39504,Ġconsec,0.1286,residual
39523,Ġscraping,0.14,residual
39539,Break,0.1049,residual
39562,ĠDism,0.1375,residual
39588,Ġbuffers,0.129,residual
39611,Fel,0.1295,residual
39627,ĠTiff,0.14,residual
39639,ĠFist,0.1472,residual
39650,Ġstacking,0.1225,residual
39671,ĠLIN,0.1463,residual
39690,Ped,0.1257,residual
39708,Ġedits,0.1337,residual
39723,Ġpadding,0.1207,residual
39744,Ġdyed,0.1371,residual
39758,Ġcommons,0.1254,residual
39775,Ġpsychopath,0.1432,residual
39792,Ġdispro,0.1373,residual
39811,Ġ960,0.148,residual
39828,ĠQuan,0.1453,residual
39849,ĠClan,0.1361,residual
39879,Ġattent,0.1229,residual
39895,ĠJM,0.1276,residual
39910,Ġsuperf,0.1126,residual
39929,Ġarter,0.1422,residual
39950,Ġpept,0.1403,residual
39975,Hen,0.1399,residual
39990,Ġtyped,0.1175,residual
40009,Bot,0.1273,residual
40033,Ġsubtract,0.1207,residual
40050,Demand,0.1482,residual
40067,Ġwont,0.0954,residual
40093,864,0.1463,residual
40103,Learn,0.1165,residual
40123,Ġpict,0.1018,residual
40140,Ġdisclaimer,0.1311,residual
40167,BACK,0.1314,residual
40187,ĠFortress,0.1247,residual
40203,Ġilluminating,0.1357,residual
40227,Ġpierced,0.143,residual
40249,Train,0.1412,residual
40263,Ġ373,0.1475,residual
40290,ĠYin,0.1396,residual
40306,Hal,0.1339,residual
40332,ĠGalactic,0.1425,residual
40360,ĠOccupy,0.1437,residual
40371,ĠNid,0.1444,residual
40390,Ġincrements,0.1381,residual
40412,object,0.1482,residual
40429,DES,0.1492,residual
40452,Ġitch,0.1185,residual
40464,951,0.1384,residual
40493,ĠPanic,0.12,residual
40519,ĠHF,0.1119,residual
40553,Ġspontaneously,0.129,residual
40569,Ġ490,0.1382,residual
40593,Ġawakened,0.1432,residual
40613,Bee,0.1349,residual
40627,Ġinterchangeable,0.1222,residual
40645,Ġinvol,0.1279,residual
40669,âģ,0.1435,residual
40683,Figure,0.1113,residual
40698,REC,0.1286,residual
40725,Ġcloak,0.1229,residual
40751,ĠZombie,0.0978,residual
40773,Ġbrim,0.1222,residual
40802,ĠBiblical,0.1178,residual
40820,ĠBowser,0.1444,residual
40834,ĠKnot,0.1234,residual
40847,044,0.1288,residual
40866,Sound,0.1144,residual
40900,Hit,0.132,residual
40921,Aren,0.1346,residual
40951,Ġprotr,0.1371,residual
40969,YY,0.1152,residual
40988,cellaneous,0.1497,residual
41006,Ġ((,0.075,residual
41028,Ġinducing,0.1328,residual
41043,Ger,0.1288,residual
41077,Days,0.1245,residual
41091,Ġ349,0.1411,residual
41115,Ġanat,0.1321,residual
41141,Tro,0.1147,residual
41163,ĠDamn,0.1085,residual
41174,ĠFren,0.1297,residual
41186,Anderson,0.1452,residual
41221,Ġunic,0.1271,residual
41248,Ġcentr,0.1453,residual
41262,cloth,0.1421,residual
41279,Ġ399,0.1494,residual
41300,Fan,0.1478,residual
41314,Ġacidic,0.141,residual
41341,Ġrepet,0.1165,residual
41364,istani,0.128,residual
41378,Ġledge,0.1298,residual
41397,ĠShining,0.1172,residual
41416,Hung,0.1483,residual
41435,ĠSapphire,0.1327,residual
41453,ĠCartoon,0.1464,residual
41476,Ġacquies,0.1488,residual
41497,Ġlabyrinth,0.1295,residual
41526,Ġcunning,0.1279,residual
41542,Prior,0.1185,residual
41566,Ġtwentieth,0.145,residual
41585,Ay,0.1154,residual
41612,Phot,0.1273,residual
41627,Ward,0.149,residual
41654,Ġcoercive,0.1428,residual
41673,Ġbrethren,0.1274,residual
41690,same,0.1413,residual
41710,Amazing,0.1338,residual
41754,Ġcc,0.0754,residual
41774,Ġminimized,0.1494,residual
41798,Ġfireball,0.1481,residual
41812,ĠSOME,0.1231,residual
41842,stab,0.1432,residual
41868,ivil,0.1413,residual
41880,Ġpooled,0.123,residual
41904,ĠESL,0.1151,residual
41921,otton,0.1381,residual
41951,Ws,0.1495,residual
41989,ĠZIP,0.1203,residual
42008,ĠDying,0.1407,residual
42025,Um,0.1228,residual
42047,Nin,0.1331,residual
42061,Und,0.1126,residual
42090,Cur,0.1086,residual
42109,fet,0.1322,residual
42126,ĠAlv,0.1365,residual
42149,Ġhandc,0.1473,residual
42170,Qual,0.1404,residual
42193,Ġaromatic,0.1254,residual
42217,Ġfeeble,0.1319,residual
42247,ĠNero,0.1476,residual
42269,Ġcalibration,0.1434,residual
42287,Ġheav,0.1209,residual
42306,Ġwast,0.127,residual
42336,xe,0.0481,residual
42362,Ko,0.125,residual
42381,Ġinsign,0.1276,residual
42397,ĠLDL,0.1436,residual
42435,Ġexpended,0.1463,residual
42457,ĠEnder,0.1443,residual
42485,ĠDiver,0.138,residual
42509,Aust,0.143,residual
42538,Ġdw,0.1178,residual
42555,Return,0.1066,residual
42576,Ġcalcul,0.143,residual
42601,ĠPTS,0.1366,residual
42624,etc,0.1108,residual
42641,Ġprism,0.1206,residual
42654,$$,0.1358,residual
42674,Ġoverw,0.11,residual
42697,Success,0.1308,residual
42713,Additionally,0.13,residual
42736,ĠâĪĴ,0.125,residual
42757,ĠHast,0.1492,residual
42777,";""",0.1237,residual
42801,Ġkinetic,0.1272,residual
42824,Ġwretched,0.1401,residual
42859,gian,0.1462,residual
42895,Area,0.1475,residual
42916,ĠSketch,0.1395,residual
42947,Ġbranching,0.1284,residual
42970,Ġangular,0.1067,residual
43002,)!,0.1496,residual
43030,Ġmanifold,0.1254,residual
43063,Ġidi,0.1263,residual
43088,ĠThief,0.1437,residual
43112,ĠCCP,0.1227,residual
43156,ĠImper,0.1364,residual
43185,Robin,0.1422,residual
43220,Ġindexed,0.1459,residual
43259,Ġthreaded,0.141,residual
43283,Ġlith,0.1192,residual
43308,Ġinoc,0.1226,residual
43340,ĠPresence,0.1472,residual
43372,Ġretrieval,0.1375,residual
43412,Circ,0.1244,residual
43437,Ġcoupling,0.1033,residual
43463,Ġpenet,0.1208,residual
43485,ĠEmpress,0.1433,residual
43519,Ġtabletop,0.1276,residual
43560,Wheel,0.1487,residual
43593,Ġfors,0.1154,residual
43625,Cho,0.1307,residual
43661,Brit,0.1421,residual
43691,Tip,0.1263,residual
43719,ĠCHO,0.1439,residual
43754,",...",0.1147,residual
43791,Ġscorp,0.138,residual
43809,"Ġ"".",0.1062,residual
43839,Ġ->,0.064,residual
43869,PRE,0.1483,residual
43912,Ġ!!,0.1451,residual
43965,Merc,0.1367,residual
44014,Ġreddit,0.0849,residual
44032,Ġsimul,0.1365,residual
44055,Wo,0.1216,residual
44086,Ġcorp,0.1081,residual
44128,Ġ\,0.0431,residual
44165,Prep,0.1165,residual
44193,Ġcyt,0.134,residual
44229,Cert,0.1489,residual
44256,Ġeverlasting,0.1461,residual
44301,Ġsacr,0.1145,residual
44354,Ġimpro,0.139,residual
44387,ĠConscious,0.1482,residual
44418,)*,0.1076,residual
44457,ĠIntro,0.1315,residual
44493,Ġvectors,0.1498,residual
44512,ĠMono,0.1331,residual
44562,Ġfuzz,0.1108,residual
44624,SHARE,0.126,residual
44660,Ġ:),0.0343,residual
44691,Notes,0.1281,residual
44741,AUD,0.1405,residual
44763,Ġï¿½,0.0965,residual
44789,FREE,0.1139,residual
44832,Ġ+/-,0.1448,residual
44875,Ġnoun,0.1295,residual
44904,Ġcompiler,0.1246,residual
44924,Ġformatting,0.1364,residual
44955,Ġinvis,0.1219,residual
44995,Ġmaximal,0.1242,residual
45036,Release,0.135,residual
45062,Loc,0.1194,residual
45089,Fine,0.1175,residual
45111,Maker,0.1484,residual
45134,Random,0.1449,residual
45158,Cover,0.1303,residual
45187,Ġoxidation,0.1426,residual
45222,omorph,0.1488,residual
45269,axe,0.1364,residual
45320,Ġencoded,0.1431,residual
45378,Ġenh,0.1493,residual
45409,Latest,0.1293,residual
45436,Ġundefined,0.1445,residual
45486,edit,0.129,residual
45525,Thu,0.1339,residual
45567,Firstly,0.147,residual
45596,Ġdivid,0.149,residual
45636,Alright,0.1272,residual
45673,Index,0.1487,residual
45702,Ġturret,0.1293,residual
45757,Ġsubreddit,0.0991,residual
45827,Naturally,0.1371,residual
45875,Specifically,0.1208,residual
45941,Draw,0.1097,residual
45985,Diff,0.1437,residual
46061,Hours,0.1495,residual
46112,WARNING,0.138,residual
46150,"""'",0.1444,residual
46195,Ġsemantic,0.1465,residual
46236,Yep,0.1086,residual
46315,Average,0.1142,residual
46369,ĠPOV,0.1152,residual
46430,Ġdominion,0.1333,residual
46486,Address,0.1489,residual
46519,Ġhig,0.1349,residual
46597,ĠWrath,0.1385,residual
46627,Ġmd,0.1434,residual
46692,Ident,0.1297,residual
46772,Ġtits,0.1237,residual
46871,Anyway,0.099,residual
46905,Dex,0.1412,residual
46943,ĠMistress,0.1444,residual
47049,Î¼,0.1234,residual
47111,Ġå,0.1396,residual
47159,Subject,0.1299,residual
47187,Important,0.1203,residual
47236,ĠDruid,0.1319,residual
47283,ĠZoro,0.1483,residual
47354,Available,0.1013,residual
47444,ĠâĪ,0.1338,residual
47516,åĽ,0.1394,residual
47599,Item,0.1153,residual
47658,åį,0.1309,residual
47758,Reddit,0.128,residual
47807,ĠNPCs,0.1377,residual
47893,Ġbyte,0.1322,residual
47977,Summary,0.1141,residual
48030,._,0.1213,residual
48082,Ġ(<,0.1446,residual
48149,"""""",0.0767,residual
48225,Ġhref,0.14,residual
48265,Wra,0.1318,residual
48334,è¦,0.1244,residual
48392,]],0.0916,residual
48461,((,0.1086,residual
48554,:[,0.1472,residual
48614,(-,0.0569,residual
48669,\\,0.1389,residual
48735,ãģĻ,0.12,residual
48854,éĥ,0.1369,residual
48916,ãĤĮ,0.1297,residual
48975,å¥,0.1494,residual
49064,ãĤ¸,0.1225,residual
49214,çĦ,0.1377,residual
49343,ãĤ¿,0.1392,residual
49492,bryce,0.1442,residual
49702,interstitial,0.1496,residual
49863,Ĥª,0.1499,residual
50140,ĊĊ,0.0787,residual
