token_id,token,similarity,type
806,Ġtechnology,0.6282,content
2903,Ġtech,0.4063,content
3165,Ġtechnical,0.1689,content
3777,ĠTechnology,0.6306,content
3815,ĠNIGHT,0.1886,content
4180,ĠYORK,0.1773,content
4233,Ġtechnologies,0.562,content
4368,Ġsmartphone,0.1575,content
4416,million,0.1596,content
4512,ĠAuthorities,0.1738,content
4524,ONDON,0.1703,content
4569,ĠTech,0.3534,content
4675,Ġengineering,0.157,content
4695,Ġinnovation,0.2415,content
4952,Ġterrorism,0.1501,content
5002,ĠOfficials,0.1741,content
5020,Ġtouchdowns,0.1556,content
5161,ATED,0.1647,content
5497,Ġinnovative,0.1674,content
5587,Ġcapabilities,0.159,content
5778,ĠSystems,0.1554,content
5974,ĠTechnologies,0.3786,content
6034,ATION,0.1573,content
6438,ĠTickets,0.1652,content
6550,ceive,0.1732,content
6586,ĠTransportation,0.1547,content
6930,elect,0.1506,content
7214,income,0.1751,content
7262,Ġyuan,0.1784,content
7373,Ġtechniques,0.1933,content
7466,Ġsmartphones,0.2185,content
7796,Ġcomputers,0.184,content
7847,ĠInvestigators,0.1979,content
7854,ĠOperator,0.1603,content
8004,ĠAgriculture,0.1524,content
8147,Ġtestified,0.1581,content
8186,Ġengines,0.1533,content
8305,Ġlakh,0.1588,content
8342,commerce,0.2125,content
8377,largest,0.1924,content
8586,ickets,0.1637,content
8610,Ġengineers,0.1832,content
8634,quality,0.1717,content
8638,icket,0.1572,content
8647,acion,0.1515,content
8666,Ġentrepreneurs,0.1698,content
8721,ĠRHP,0.1668,content
8888,UES,0.1573,content
8917,Ġelectronics,0.2665,content
9026,billion,0.2126,content
9070,ĠFILE,0.1662,content
9079,Ġthanked,0.157,content
9125,irmed,0.176,content
9146,Ġtelecom,0.153,content
9205,Ġtechnique,0.2219,content
9388,Ġcapability,0.1658,content
9395,Ġkilometres,0.1628,content
9403,OURCE,0.1756,content
9406,tech,0.4376,content
9424,global,0.1969,content
9437,Ġarchitecture,0.174,content
9466,ĠEngineering,0.1781,content
9471,graded,0.1597,content
9665,awi,0.1589,content
9718,ollywood,0.1865,content
9874,Ġtechnological,0.5091,content
9912,ĠPHOTO,0.1613,content
9941,Ġlitigation,0.156,content
9947,controlled,0.1819,content
9984,Adds,0.1744,content
10073,ĠResidents,0.1725,content
10087,ĠSilicon,0.2075,content
10162,expected,0.152,content
10166,content,0.1619,content
10184,uations,0.1904,content
10226,Ġteenagers,0.1651,content
10236,orters,0.178,content
10257,pointers,0.1987,content
10263,TION,0.1882,content
10289,digit,0.2172,content
10335,Ġconnectivity,0.1685,content
10368,urers,0.1735,content
10381,utics,0.1814,content
10389,Ġuncertainties,0.155,content
10434,umbled,0.1774,content
10475,pointer,0.1808,content
10476,Ġturnovers,0.1558,content
10555,email,0.1522,content
10607,Ġblockchain,0.1705,content
10613,emi,0.1556,content
10711,powered,0.1916,content
10741,ĠZuckerberg,0.1728,content
10764,Ġecosystem,0.1514,content
10805,ĠQualcomm,0.1605,content
10848,risk,0.1583,content
10866,Ġdisabilities,0.1581,content
10940,threatening,0.2127,content
10945,ĠWenger,0.1534,content
10951,ĠNokia,0.1615,content
10976,Ġwrongdoing,0.1757,content
11092,generation,0.2037,content
11143,ĠSoftware,0.1811,content
11184,Ġapologized,0.1627,content
11196,Ġcryptocurrency,0.1903,content
11331,aley,0.1662,content
11393,selling,0.1778,content
11420,ĠANGEL,0.1716,content
11447,dollar,0.1973,content
11463,Ġmaterially,0.1527,content
11465,ience,0.1557,content
11510,ĠIBM,0.1588,content
11537,Ġalleging,0.156,content
11600,growing,0.1913,content
11654,IONS,0.1573,content
11725,igroup,0.1693,content
11730,Ġcomputing,0.178,content
11767,Ġautomation,0.2199,content
11777,Ġentrepreneur,0.1676,content
11779,kowski,0.1639,content
11802,large,0.1585,content
11811,Ġquarterbacks,0.1578,content
11860,ĠTourism,0.1743,content
11880,business,0.209,content
11985,lake,0.1521,content
12057,ĠElectronics,0.2313,content
12063,economic,0.1774,content
12129,Ġrobots,0.1688,content
12167,Ġgunshot,0.151,content
12233,ĠThousands,0.1686,content
12268,ĠChaff,0.1522,content
12279,itutional,0.1531,content
12347,third,0.1501,content
12368,family,0.1698,content
12469,ĠInnovation,0.2271,content
12533,letico,0.1909,content
12697,goal,0.1865,content
12784,Ġstartups,0.1948,content
12799,uploads,0.2009,content
12804,focused,0.1793,content
12828,sharing,0.2136,content
12829,markets,0.2215,content
12870,cci,0.1613,content
12894,ICT,0.184,content
12920,ĠTechnical,0.224,content
12955,performing,0.1877,content
13044,ĠIoT,0.1868,content
13198,"),""",0.1591,content
13248,ĠAppeals,0.1735,content
13273,Ġprecipitation,0.1709,content
13370,ĠManufact,0.1702,content
13378,changing,0.1824,content
13450,ĠShortly,0.1834,content
13468,Ġcybersecurity,0.2469,content
13469,ĠInfrastructure,0.1761,content
13471,ENCE,0.1741,content
13489,ĠPhotograph,0.1536,content
13505,ĠActress,0.1656,content
13539,erved,0.1553,content
13552,icken,0.1729,content
13566,percent,0.184,content
13572,Ãĥ,0.1878,content
13599,chair,0.1723,content
13605,Ġcellphone,0.1642,content
13631,Ġcryptocurrencies,0.2021,content
13672,ĠAlibaba,0.1602,content
13685,reports,0.2035,content
13741,enberg,0.1556,content
13775,arte,0.1678,content
13812,ALE,0.1649,content
13845,Ġhelicopters,0.1515,content
13864,.'',0.1526,content
13886,uclear,0.1815,content
13922,Ġmachinery,0.1817,content
13929,Engine,0.1885,content
13982,ĠMaterials,0.15,content
14076,herty,0.1742,content
14086,ication,0.1707,content
14133,uated,0.1559,content
14211,Ġgunfire,0.1888,content
14293,Ġinnovations,0.2668,content
14319,ieri,0.1597,content
14322,tering,0.1639,content
14356,OWN,0.1562,content
14392,ribune,0.1997,content
14396,Tech,0.3909,content
14470,ĠRiyadh,0.1592,content
14474,ĠCustomers,0.1682,content
14495,ĠTechn,0.2509,content
14527,owner,0.1513,content
14546,needed,0.184,content
14570,usk,0.1548,content
14596,growth,0.2192,content
14614,ĠPrices,0.1682,content
14636,Ġappliances,0.1788,content
14654,Ġfinalists,0.1526,content
14668,management,0.2287,content
14672,umping,0.1665,content
14679,ĠHouth,0.1575,content
14683,otti,0.1507,content
14694,themed,0.2007,content
14749,Ġfunctionality,0.1598,content
14802,ĠFortunately,0.1546,content
14804,Ġimprisonment,0.1697,content
14812,ĠRegardless,0.1502,content
14825,ĠiPhones,0.1874,content
14871,Ġapiece,0.1515,content
14931,leases,0.2048,content
14939,ATIONS,0.1647,content
14965,ĠPadres,0.1597,content
15013,Ġevacuate,0.169,content
15024,uting,0.1576,content
15060,Ġjustices,0.1548,content
15064,Ġaerospace,0.193,content
15093,oys,0.1522,content
15097,children,0.1831,content
15100,Ġmillennials,0.1659,content
15112,bedroom,0.1751,content
15138,Ġspacecraft,0.1758,content
15139,meter,0.1503,content
15232,taker,0.1913,content
15262,ĠTelecom,0.1732,content
15277,arma,0.1534,content
15311,Ġaccuse,0.1556,content
15320,ĠEDT,0.1547,content
15338,ĠSwansea,0.1576,content
15347,ĠDevelop,0.1554,content
15361,fired,0.1781,content
15368,atum,0.1614,content
15403,Ġrelegation,0.1603,content
15422,Ġautomakers,0.1605,content
15432,uded,0.17,content
15479,ĠEntreprene,0.1914,content
15506,security,0.1974,content
15509,demand,0.193,content
15526,performance,0.1801,content
15570,Ġpornography,0.1944,content
15601,Ġtelecommunications,0.2245,content
15614,ammu,0.1646,content
15660,shaped,0.1745,content
15673,inkle,0.1629,content
15727,usion,0.1612,content
15746,Ġdioxide,0.1733,content
15780,Mexico,0.189,content
15790,utions,0.1753,content
15794,ouring,0.1593,content
15797,phones,0.1706,content
15830,Ġheadquartered,0.1757,content
15847,enzie,0.1609,content
15870,kil,0.1568,content
15874,ĠTanzania,0.1576,content
15876,usted,0.1537,content
15927,anson,0.1697,content
15962,Ġlaptops,0.1906,content
15974,yre,0.1559,content
15984,Ġprosecuted,0.167,content
16018,ruct,0.1566,content
16075,Ġcollaborate,0.1651,content
16113,ĠXiaomi,0.1761,content
16130,Ġwhereabouts,0.1577,content
16142,chip,0.1805,content
16160,umar,0.1857,content
16165,ARK,0.1605,content
16191,uez,0.1633,content
16201,Ġamenities,0.1726,content
16239,ĠVIDEO,0.1629,content
16250,umbling,0.1597,content
16258,meg,0.1578,content
16285,cheon,0.1913,content
16304,ĠAdding,0.165,content
16336,Ġallege,0.1573,content
16350,Ġsatellites,0.1687,content
16364,imming,0.1765,content
16440,ĠDrivers,0.1566,content
16443,Ġparamedics,0.1766,content
16445,illard,0.1657,content
16446,encia,0.1521,content
16459,conference,0.2046,content
16475,elson,0.1555,content
16484,ĠHTC,0.1646,content
16514,ĠCoverage,0.1561,content
16524,ĠGorsuch,0.1696,content
16565,ĠTrends,0.1701,content
16613,ĠWireless,0.1609,content
16618,Ġhectares,0.17,content
16620,central,0.1606,content
16627,Ġpope,0.1554,content
16641,VEL,0.1664,content
16647,ĠEquipment,0.2101,content
16693,ĠParticipants,0.1761,content
16707,urchase,0.1796,content
16731,kies,0.1685,content
16746,lete,0.1529,content
16772,ĠComputer,0.1557,content
16798,Ġextradition,0.1737,content
16805,Ġlaughter,0.1554,content
16811,ellery,0.2063,content
16812,ishment,0.1609,content
16818,ĠKoreans,0.1632,content
16838,inity,0.1559,content
16886,Ġmalware,0.1755,content
16892,Ġrematch,0.1558,content
16905,ahead,0.1824,content
16908,ilateral,0.1913,content
16938,Ġfentanyl,0.1834,content
16962,Ġhonoured,0.161,content
16964,Ġalgorithms,0.228,content
16978,Ġdenounced,0.1662,content
16982,Ġfatalities,0.1507,content
16988,Ġbusiest,0.1534,content
17000,ĠApplications,0.1717,content
17039,ĠElectronic,0.165,content
17043,Ġmultinational,0.1509,content
17052,Ġheartbreaking,0.1507,content
17062,ITCH,0.1776,content
17094,Ġtherapies,0.2145,content
17101,ĠViolence,0.1714,content
17102,ĠBillion,0.1673,content
17135,ĠTos,0.1512,content
17194,Ġalgorithm,0.1768,content
17212,price,0.1672,content
17234,ĠUpdated,0.1602,content
17251,NEY,0.1907,content
17350,issued,0.1851,content
17371,ĠTunisia,0.1521,content
17393,ĠCatalonia,0.1795,content
17397,ĠLuckily,0.1529,content
17409,nation,0.1866,content
17431,Ġpolicemen,0.1667,content
17435,Ġoutage,0.1657,content
17444,idence,0.1543,content
17495,"""},""",0.161,content
17504,Ġfilmmakers,0.1643,content
17510,Ġsunglasses,0.1712,content
17520,Ġcontamination,0.1595,content
17523,"],""",0.1722,content
17546,valued,0.1885,content
17561,Ġdisruptive,0.1554,content
17611,Ġmanufactures,0.159,content
17619,ĠFeatured,0.1647,content
17621,Ġhandset,0.1785,content
17623,ĠArs,0.152,content
17634,otechnology,0.4127,content
17650,Ġtechnicians,0.2885,content
17665,control,0.1801,content
17670,itched,0.1715,content
17723,seven,0.1612,content
17725,encing,0.1687,content
17749,Ġprosecute,0.1745,content
17767,ĠBezos,0.1653,content
17782,cca,0.1504,content
17803,ĠSIGN,0.1611,content
17810,ulators,0.1685,content
17833,ĠEconom,0.1662,content
17848,Ġpatents,0.2153,content
17852,Ġprocessors,0.1526,content
17861,ĠConsidering,0.1528,content
17864,agger,0.1657,content
17892,ineries,0.1923,content
17896,ickson,0.1777,content
17898,ulture,0.1811,content
17907,ĠFigures,0.1611,content
17927,Ġdessert,0.1518,content
17930,Ġchemotherapy,0.183,content
17934,writers,0.1727,content
17956,cutting,0.1913,content
17968,uber,0.1515,content
18009,ANI,0.1628,content
18036,ĠWitnesses,0.1927,content
18053,ĠTayyip,0.1883,content
18075,OUGH,0.1669,content
18083,tti,0.1653,content
18136,ĠTests,0.1539,content
18158,opers,0.1637,content
18163,Ġinnov,0.1925,content
18172,faced,0.1518,content
18189,otherapy,0.2232,content
18193,ĠRegulatory,0.1602,content
18204,ĠCooperation,0.1524,content
18205,ĠDevices,0.2259,content
18214,ĠFacility,0.1673,content
18218,Ġliteracy,0.1616,content
18261,energy,0.2299,content
18275,keyes,0.177,content
18282,Ġgunmen,0.1543,content
18288,priced,0.1751,content
18321,hya,0.1762,content
18332,ĠZin,0.1571,content
18362,emaker,0.1556,content
18374,Ġdivest,0.1503,content
18394,ĠVisitors,0.1764,content
18396,INGTON,0.1889,content
18409,Ġbathrooms,0.1562,content
18410,ĠTypically,0.161,content
18421,iev,0.1707,content
18426,Ġlegalization,0.1576,content
18433,inka,0.163,content
18445,ĠPredators,0.157,content
18447,Ġdiligence,0.1551,content
18456,").""",0.155,content
18492,aceutical,0.2053,content
18536,awaited,0.1914,content
18541,igation,0.1567,content
18543,capt,0.1644,content
18557,ĠPRES,0.1581,content
18579,itionally,0.1617,content
18582,trade,0.1906,content
18613,flation,0.1645,content
18638,ĠINV,0.1508,content
18643,Ġcheered,0.1593,content
18648,ĠLyft,0.1518,content
18658,sector,0.198,content
18670,Ġmethodology,0.2151,content
18694,ĠCES,0.183,content
18705,ĠAssange,0.1652,content
18722,ĠEmerging,0.1586,content
18727,Ġadvisors,0.1528,content
18734,Ġuranium,0.1682,content
18737,ermott,0.1545,content
18741,Ġimpairment,0.1562,content
18750,Ġbelongings,0.1533,content
18755,Ġneutrality,0.1513,content
18761,ĠCanadiens,0.17,content
18828,iencies,0.1935,content
18842,Ġglamorous,0.1557,content
18854,ERT,0.1501,content
18880,significant,0.1903,content
18888,heavy,0.1577,content
18903,ĠBlackBerry,0.178,content
18905,ĠInterestingly,0.1994,content
18920,icion,0.1686,content
18926,ributed,0.189,content
18950,Ġgoaltender,0.1765,content
18980,anova,0.1601,content
18984,Ġdetainees,0.1673,content
18986,electric,0.1967,content
19014,ĠLauderdale,0.15,content
19027,social,0.1826,content
19047,ictions,0.1781,content
19051,appointed,0.1779,content
19067,ĠAviv,0.1781,content
19084,olved,0.1521,content
19092,ĠExcellence,0.162,content
19103,iture,0.1833,content
19118,Ġmethamphetamine,0.1746,content
19135,ĠNonetheless,0.1715,content
19142,ARA,0.1558,content
19154,Ġtripled,0.1563,content
19164,ĠVolunteers,0.1559,content
19168,ĠEngineers,0.1918,content
19187,otion,0.1738,content
19217,ranking,0.207,content
19229,umbles,0.1639,content
19264,aunted,0.1734,content
19273,alli,0.1652,content
19284,ihad,0.1766,content
19326,aughlin,0.1562,content
19354,ĠConsumers,0.171,content
19366,Ġapologised,0.1753,content
19383,amber,0.151,content
19402,liter,0.1929,content
19415,idelity,0.1985,content
19434,value,0.158,content
19442,Ġinvented,0.1672,content
19475,Ġyelled,0.153,content
19514,ĠTools,0.1895,content
19526,ĠExplore,0.1644,content
19527,language,0.2289,content
19546,Ġrelocate,0.1509,content
19563,ĠWhereas,0.1507,content
19564,Ġcountryside,0.1523,content
19590,Ġwithstand,0.1579,content
19591,Ġdevastation,0.1767,content
19601,mented,0.1534,content
19606,Ġengineered,0.1648,content
19623,Ġgearing,0.1529,content
19624,setting,0.1787,content
19661,ĠInitially,0.1717,content
19675,system,0.1874,content
19709,director,0.2112,content
19721,Ġrevise,0.1541,content
19725,endale,0.1554,content
19733,olla,0.1779,content
19740,anca,0.1676,content
19760,ĠFeinstein,0.1607,content
19799,icted,0.1713,content
19817,Ġprevail,0.1559,content
19819,Ġfootwear,0.1672,content
19833,Ġapplauded,0.1575,content
19838,moving,0.1764,content
19859,ancers,0.1819,content
19866,rika,0.1654,content
19867,enced,0.1719,content
19874,anticipated,0.1958,content
19883,ĠThankfully,0.1844,content
19903,itzer,0.1637,content
19914,vation,0.1651,content
19918,Ġbombings,0.1732,content
19924,ĠZika,0.1599,content
19943,Ġtexting,0.167,content
19954,reci,0.1528,content
20026,Ġprohibits,0.1565,content
20067,ĠInnov,0.212,content
20071,ĠBangalore,0.1611,content
20073,Ġovercame,0.1566,content
20079,updated,0.227,content
20080,rieve,0.1623,content
20082,iak,0.153,content
20091,ranging,0.2062,content
20093,kered,0.156,content
20106,ATER,0.1768,content
20114,Ġslogans,0.1556,content
20118,fuel,0.1847,content
20122,cash,0.169,content
20143,wayne,0.1571,content
20155,ounced,0.1832,content
20159,Ġdeploying,0.158,content
20165,ĠTimberwolves,0.1994,content
20179,Ġarchitects,0.1587,content
20186,"%),",0.1745,content
20190,atton,0.1739,content
20192,Ġapologise,0.1591,content
20195,Ġtallied,0.1523,content
20213,ĠINFORMATION,0.2387,content
20216,yson,0.1677,content
20240,ĠCertainly,0.1581,content
20246,ĠTobacco,0.1652,content
20266,bats,0.1705,content
20267,Ġmarketers,0.1695,content
20272,ĠJackets,0.1673,content
20277,irming,0.1731,content
20278,effective,0.1845,content
20329,adia,0.153,content
20339,unta,0.1638,content
20356,idget,0.1551,content
20366,ilot,0.1715,content
20373,awar,0.1556,content
20383,approved,0.1692,content
20403,Ġinaccurate,0.1567,content
20409,owan,0.1706,content
20434,engers,0.1704,content
20450,ĠMacBook,0.1756,content
20506,emb,0.1508,content
20515,anding,0.1524,content
20533,enburg,0.1668,content
20537,enture,0.2098,content
20538,ĠConduct,0.1515,content
20562,Ġpetitions,0.162,content
20565,product,0.1788,content
20567,Ġtunnels,0.1554,content
20574,oway,0.1805,content
20580,Ġtrousers,0.1679,content
20595,Ġenvironmentally,0.1512,content
20603,yang,0.1675,content
20604,Ġfastball,0.1513,content
20626,leck,0.1562,content
20629,grown,0.1507,content
20636,ructure,0.1912,content
20640,rolling,0.1679,content
20643,ologies,0.1584,content
20658,Ġbusinessmen,0.1549,content
20663,Ġrenegoti,0.1768,content
20664,OY,0.1702,content
20694,oyle,0.1669,content
20698,ĠJaneiro,0.177,content
20701,Ġrobotic,0.169,content
20721,Ġrobotics,0.2488,content
20743,ittal,0.1823,content
20770,Apple,0.1654,content
20792,Ġvolunteered,0.1659,content
20794,bp,0.159,content
20821,asio,0.1731,content
20825,ilitation,0.199,content
20828,andan,0.16,content
20829,operation,0.1977,content
20855,llers,0.1618,content
20866,vic,0.1568,content
20874,vention,0.1747,content
20922,ĠVarg,0.1539,content
20932,uding,0.1553,content
20936,acent,0.1558,content
20946,visory,0.1576,content
20950,ĠHuckabee,0.1827,content
20965,Ġengulfed,0.1622,content
20970,ection,0.1729,content
20972,Ġfuelled,0.159,content
20985,parent,0.1617,content
20994,fred,0.1543,content
21002,Ġgranddaughter,0.1609,content
21004,Semitic,0.1944,content
21012,oine,0.1528,content
21014,reve,0.1693,content
21049,vals,0.1712,content
21058,oit,0.1601,content
21066,obile,0.1615,content
21122,Ġchanting,0.1721,content
21132,Ġvandalism,0.1732,content
21135,Ġoversaw,0.1576,content
21158,Ġentrants,0.1566,content
21172,rating,0.1595,content
21182,outheastern,0.1837,content
21188,mits,0.1636,content
21197,ĠGuests,0.1707,content
21205,ansen,0.1818,content
21221,Ġleveraging,0.1814,content
21226,ĠAttend,0.1584,content
21236,umption,0.1932,content
21239,Ġtroopers,0.1532,content
21241,olving,0.1545,content
21244,Ġseparatists,0.1519,content
21254,Ġaffordability,0.1675,content
21255,ĠRegarding,0.1734,content
21267,indust,0.265,content
21308,ession,0.1501,content
21311,Ġentrepreneurship,0.2179,content
21318,Japan,0.1744,content
21330,packed,0.1714,content
21357,Ġdisclosures,0.1548,content
21368,Ġentrepreneurial,0.1893,content
21404,ĠLocated,0.1679,content
21467,Ġpayable,0.1551,content
21475,ĠDmitry,0.1538,content
21485,Ġgadgets,0.2496,content
21522,ĠLenovo,0.1721,content
21528,arity,0.1711,content
21574,actively,0.1764,content
21578,Ġactresses,0.1637,content
21579,paying,0.1886,content
21588,ĠIncreasing,0.1689,content
21631,CLE,0.169,content
21660,wart,0.1548,content
21715,Ġgunshots,0.1847,content
21722,ected,0.1607,content
21724,riers,0.1725,content
21750,igated,0.1733,content
21753,Ġtoppled,0.165,content
21756,techn,0.3922,content
21757,Ġhampered,0.1725,content
21769,Ġsignings,0.1542,content
21791,ression,0.1533,content
21793,Ġcollaborated,0.1684,content
21808,resistant,0.2281,content
21818,model,0.157,content
21830,zhen,0.1864,content
21842,generated,0.2001,content
21871,irms,0.1635,content
21874,urated,0.1825,content
21884,ĠUtilities,0.1674,content
21900,ĠGrassley,0.1961,content
21909,acio,0.1605,content
21928,film,0.1601,content
21957,neau,0.1609,content
21974,quist,0.1504,content
21980,Ġdeterioration,0.1678,content
22000,ĠPROV,0.159,content
22016,Ġoptimize,0.1582,content
22022,ainer,0.1503,content
22065,CLUS,0.1676,content
22073,ĠWEEK,0.1807,content
22074,visors,0.1928,content
22091,terms,0.1911,content
22131,adium,0.1776,content
22133,zyk,0.1706,content
22149,ĠBurnett,0.1506,content
22159,Ġnominate,0.1704,content
22168,hews,0.1655,content
22178,Ġvegetation,0.1647,content
22185,aghan,0.183,content
22214,Ġà¤,0.1601,content
22219,ĠStones,0.1529,content
22222,Ġskepticism,0.1636,content
22255,nine,0.1512,content
22271,ĠNieto,0.1817,content
22312,ĠHavana,0.1531,content
22313,college,0.2219,content
22321,ongs,0.1599,content
22323,URR,0.168,content
22325,Ġhorsepower,0.1736,content
22326,confidence,0.2017,content
22340,ĠCups,0.1728,content
22341,ĠWeir,0.1503,content
22351,mort,0.1781,content
22352,Ġrobberies,0.1764,content
22368,Ġenlarge,0.1556,content
22372,landers,0.1592,content
22408,cms,0.2189,content
22423,nea,0.1542,content
22429,Images,0.1574,content
22448,chel,0.1592,content
22467,Ġrulings,0.1673,content
22479,ĠAerospace,0.1743,content
22486,ocate,0.1555,content
22496,ĠPearce,0.1539,content
22507,Ġreimbursement,0.1516,content
22517,iaz,0.1628,content
22520,Ġwreckage,0.1636,content
22560,Ġ###,0.2003,content
22564,aldi,0.1538,content
22584,ĠTownsend,0.1541,content
22586,ilic,0.1581,content
22587,Ġdiscriminatory,0.1518,content
22605,fitting,0.16,content
22613,ielding,0.1891,content
22614,ĠShanahan,0.1505,content
22644,yk,0.1654,content
22653,Ġpioneering,0.1551,content
22654,ĠHowe,0.1529,content
22688,Ġintegrating,0.1521,content
22689,Ġbolstered,0.1686,content
22691,encers,0.1931,content
22702,Ġtrooper,0.1506,content
22710,thinking,0.1814,content
22722,ENN,0.1716,content
22724,aith,0.1613,content
22739,gart,0.1923,content
22754,extremely,0.1828,content
22787,Ġthanking,0.17,content
22812,erves,0.1734,content
22823,Ġkilomet,0.1679,content
22829,Ġextrad,0.1845,content
22831,idis,0.159,content
22832,ĠMonths,0.1609,content
22837,Ġadversity,0.1661,content
22853,itching,0.1622,content
22856,ĠBeginning,0.1509,content
22862,production,0.2136,content
22863,innon,0.1792,content
22872,ripp,0.1753,content
22874,charging,0.1803,content
22891,private,0.1644,content
22919,à¥,0.1645,content
22920,atari,0.1607,content
22934,pering,0.1792,content
22950,fashioned,0.2392,content
22967,andro,0.1692,content
22979,orneys,0.2105,content
23016,ronics,0.2165,content
23034,ĠMotorola,0.1951,content
23036,Term,0.194,content
23038,Ġmisinformation,0.1712,content
23048,Ġattire,0.1574,content
23061,Ġencryption,0.1985,content
23075,OPE,0.1619,content
23100,outed,0.1532,content
23108,GHz,0.18,content
23111,VIS,0.1574,content
23117,Ġcoastline,0.1816,content
23121,itton,0.1778,content
23127,ĠAwareness,0.174,content
23148,ĠReaders,0.1502,content
23169,dominated,0.2142,content
23170,trust,0.1875,content
23176,Ġdeepen,0.1599,content
23177,TAIN,0.1898,content
23178,eredith,0.1964,content
23179,Ġchanted,0.1729,content
23185,owners,0.1596,content
23218,Ġprowess,0.1627,content
23234,Ġscams,0.1592,content
23235,ĠHonolulu,0.1558,content
23254,olia,0.1602,content
23286,euro,0.2242,content
23296,ĠAadhaar,0.1826,content
23299,ourmet,0.2202,content
23306,Ġamnesty,0.1556,content
23310,drug,0.2329,content
23334,185,0.17,content
23339,ĠSnowden,0.1658,content
23348,Ġtrademarks,0.1615,content
23349,iru,0.1654,content
23362,ĠLiberties,0.1807,content
23381,ĠBasically,0.1508,content
23399,Ġwastewater,0.1572,content
23401,responsive,0.1981,content
23403,engine,0.2201,content
23410,ovsky,0.1682,content
23413,ĠCohn,0.1621,content
23414,design,0.1878,content
23423,acement,0.1827,content
23424,haul,0.171,content
23451,ENCY,0.1678,content
23456,ĠAkin,0.1559,content
23471,bright,0.1704,content
23499,Ġlicences,0.1512,content
23504,reaching,0.1882,content
23509,ĠSergey,0.169,content
23515,elight,0.1892,content
23522,ewski,0.1926,content
23528,%).,0.1707,content
23538,Ġtechnician,0.2807,content
23541,Ġwearable,0.1538,content
23555,ominium,0.1993,content
23558,ocol,0.1626,content
23570,ĠCompared,0.1857,content
23571,ĠIranians,0.1536,content
23572,ĠAccountability,0.1613,content
23573,itchie,0.1698,content
23578,anke,0.1785,content
23592,otle,0.1768,content
23617,INK,0.1553,content
23639,andowski,0.1888,content
23648,planned,0.1696,content
23665,Ġpneumonia,0.153,content
23677,Ġdeteriorated,0.1547,content
23688,195,0.1912,content
23695,ĠDoors,0.1523,content
23702,nothing,0.1719,content
23711,Ġrookies,0.152,content
23751,Ġroyalties,0.1578,content
23771,ATIONAL,0.1568,content
23780,ĠAPPLIC,0.2118,content
23786,anging,0.1586,content
23788,identified,0.1778,content
23794,olution,0.1924,content
23825,UMP,0.164,content
23830,trained,0.1956,content
23833,anches,0.1632,content
23839,Ġtechn,0.3327,content
23853,ĠMonitoring,0.1663,content
23859,Ġpropel,0.1624,content
23866,designed,0.2308,content
23876,producing,0.2035,content
23880,erto,0.1509,content
23881,ĠVehicles,0.201,content
23894,ooting,0.1704,content
23904,inery,0.1793,content
23927,ĠProceed,0.1695,content
23931,Ġadvancements,0.2401,content
23936,Ġreinvent,0.1544,content
23941,gging,0.1552,content
23944,dimensional,0.2049,content
23945,ĠForty,0.1565,content
23947,ushi,0.1532,content
23948,ĠSurveillance,0.1786,content
23949,enabled,0.2156,content
23963,wired,0.1835,content
23972,figure,0.1525,content
23976,target,0.1733,content
23993,ĠKEY,0.1632,content
23995,ĠReported,0.1644,content
24003,pillar,0.1706,content
24015,ographies,0.1821,content
24034,Ġbidder,0.17,content
24037,Ġtrendy,0.1643,content
24039,imposed,0.1804,content
24041,lements,0.1595,content
24055,ĠUPDATE,0.1707,content
24061,allo,0.1531,content
24077,encer,0.1832,content
24085,Ġunsuccessfully,0.1505,content
24088,inding,0.1524,content
24091,ducers,0.1753,content
24095,"',""",0.156,content
24102,ĠCompetitive,0.1762,content
24107,à¸,0.1834,content
24116,Ġlitres,0.1656,content
24124,Ġescalate,0.1628,content
24127,Ġdisrupting,0.1507,content
24143,idates,0.1708,content
24157,Ġreactors,0.2046,content
24159,ewater,0.1851,content
24175,gil,0.1639,content
24189,Ġmalfunction,0.1627,content
24205,CEO,0.152,content
24211,ĠTSA,0.1627,content
24233,company,0.2254,content
24235,sensitive,0.1928,content
24244,ĠTransparency,0.1761,content
24260,oxide,0.1804,content
24277,ĠSharing,0.1524,content
24298,ĠApplied,0.1808,content
24304,Ġretreated,0.1558,content
24315,Ġharvested,0.169,content
24321,ATCH,0.1745,content
24346,Ġoutsourcing,0.1785,content
24357,Ġburgeoning,0.1526,content
24364,Ġintensify,0.1596,content
24379,ĠEngineer,0.151,content
24392,coni,0.1921,content
24398,lene,0.1583,content
24412,ĠYorkers,0.1665,content
24416,Ġwaterways,0.1649,content
24422,umn,0.154,content
24425,ĠCST,0.1625,content
24430,NW,0.1782,content
24437,ĠHeller,0.1534,content
24440,Ġturbines,0.1904,content
24451,adel,0.1536,content
24463,illery,0.1885,content
24470,parency,0.2225,content
24472,esting,0.1641,content
24480,Ġtraffickers,0.18,content
24488,ĠDianne,0.1583,content
24501,connect,0.1642,content
24504,Ġjihadists,0.1821,content
24511,ikers,0.1677,content
24518,jured,0.1899,content
24521,.).,0.1535,content
24529,insk,0.1774,content
24559,ĠConsumption,0.1997,content
24560,ĠRomo,0.1653,content
24570,ILA,0.1565,content
24580,registered,0.1696,content
24596,Germany,0.1738,content
24608,celer,0.1661,content
24625,actor,0.1719,content
24642,Ġtouchscreen,0.1687,content
24645,efficient,0.2017,content
24653,urer,0.1558,content
24656,intend,0.1737,content
24659,tion,0.1638,content
24669,asure,0.1516,content
24673,vertis,0.1557,content
24677,ĠUpdates,0.1679,content
24680,Ġhelmets,0.1637,content
24687,Ġchallengers,0.1526,content
24695,icip,0.1732,content
24718,ĠPanasonic,0.1902,content
24733,rights,0.2053,content
24738,abella,0.1795,content
24739,Ġproliferation,0.1594,content
24741,communication,0.2309,content
24744,ounces,0.1677,content
24800,ennes,0.1526,content
24805,orrow,0.1538,content
24840,OTT,0.1741,content
24843,Ġecosystems,0.1975,content
24848,police,0.1954,content
24849,Ġincarceration,0.1671,content
24853,ulz,0.1504,content
24862,Ġcurator,0.156,content
24863,morning,0.2094,content
24868,Ġfueling,0.1543,content
24878,oky,0.1514,content
24882,catching,0.1917,content
24886,oglu,0.1508,content
24894,integ,0.1709,content
24895,Ġbravery,0.1628,content
24914,covered,0.1647,content
24938,ophobia,0.1728,content
24948,ĠChristensen,0.1721,content
24949,Ġplummeted,0.168,content
24950,ayers,0.1593,content
24952,Ġcontended,0.1554,content
24954,kish,0.1579,content
24961,Ġexacerbated,0.1508,content
24976,Ġfertilizer,0.1542,content
24997,enty,0.1592,content
25003,Ġbrunch,0.1543,content
25018,Ġcontends,0.1643,content
25024,Ġexaminations,0.1531,content
25035,ĠCorridor,0.1657,content
25039,gaard,0.186,content
25049,ENG,0.1563,content
25075,urity,0.1957,content
25080,ĠRoku,0.1805,content
25086,Ġinvests,0.1871,content
25092,camera,0.241,content
25119,Ġtablespoons,0.1939,content
25121,clamation,0.1977,content
25123,ĠDiversity,0.1655,content
25124,Ġhairst,0.1596,content
25131,uner,0.1527,content
25137,Ġvouchers,0.1549,content
25145,isure,0.1789,content
25150,Ġlegalize,0.1725,content
25152,Ġsignage,0.1543,content
25185,Ġdiminish,0.1759,content
25199,Ġtexted,0.1669,content
25221,ĠAircraft,0.1999,content
25240,ptions,0.1976,content
25249,ĠMarijuana,0.2005,content
25260,Ġairspace,0.1732,content
25268,issue,0.1722,content
25294,ĠBlockchain,0.2185,content
25297,ĠYamaha,0.1521,content
25300,Ġcomplied,0.1575,content
25311,UNCH,0.1528,content
25315,closed,0.1577,content
25317,urden,0.1601,content
25318,Ġdigitally,0.1725,content
25320,ĠVictims,0.1675,content
25324,chall,0.1782,content
25329,Ġapartheid,0.1602,content
25341,Ġundrafted,0.1561,content
25344,Ġstoked,0.1559,content
25346,Ġransomware,0.1892,content
25358,Ġavocado,0.1529,content
25365,chell,0.1613,content
25373,erving,0.1679,content
25374,antz,0.157,content
25375,Ġwiden,0.154,content
25376,vised,0.1789,content
25389,Ġindust,0.1562,content
25398,critical,0.1884,content
25401,tex,0.1754,content
25407,north,0.1826,content
25411,Ġdismantle,0.1701,content
25421,capacity,0.2218,content
25443,Ġintimidated,0.1559,content
25457,hitting,0.192,content
25458,Ġdetectors,0.1511,content
25460,Ġbroaden,0.165,content
25463,Ġinvestig,0.1592,content
25469,ĠPhotographer,0.1767,content
25491,ijuana,0.1852,content
25492,Ġcivilization,0.1594,content
25521,ĠArchitects,0.1791,content
25533,Australia,0.1555,content
25539,capital,0.213,content
25555,Ġvigorously,0.1573,content
25558,eking,0.165,content
25563,Ġsafeguards,0.1597,content
25579,grades,0.1758,content
25580,oshenko,0.1855,content
25592,chenko,0.1752,content
25613,ĠConsequently,0.18,content
25617,produced,0.1672,content
25626,abilia,0.2345,content
25643,Ġconfidentiality,0.1571,content
25653,Ġlured,0.1634,content
25658,Ġtirelessly,0.174,content
25662,irling,0.1567,content
25692,ICAN,0.1535,content
25698,Ġworsen,0.1727,content
25706,directed,0.1855,content
25736,nery,0.1628,content
25737,Ġhauled,0.1778,content
25759,escal,0.1894,content
25761,creat,0.1568,content
25762,Ġperceive,0.1508,content
25792,ULL,0.1747,content
25794,imble,0.1561,content
25815,ITION,0.1913,content
25821,rique,0.1702,content
25836,threat,0.2222,content
25838,ĠLINK,0.1603,content
25844,umped,0.1952,content
25851,rators,0.2049,content
25855,ĠSkills,0.1733,content
25877,Ġappointing,0.161,content
25880,gado,0.1596,content
25883,endor,0.1525,content
25889,ĠTherapy,0.2123,content
25890,pta,0.1658,content
25907,Ġgunned,0.1655,content
25911,ulatory,0.1705,content
25937,fur,0.1628,content
25942,ynes,0.1613,content
25945,Ġcurtail,0.1668,content
25956,Ġenhancements,0.1703,content
25961,Ġcharismatic,0.1509,content
25979,atility,0.2147,content
25981,pex,0.1612,content
25982,WT,0.1605,content
25984,annah,0.1754,content
26003,throw,0.1667,content
26013,itution,0.1779,content
26022,Ġ265,0.1544,content
26045,iliation,0.2134,content
26057,ĠBrowne,0.1509,content
26064,dated,0.1818,content
26073,Ġtowels,0.1558,content
26094,Ġadminister,0.1518,content
26099,ĠNOTE,0.1557,content
26101,Ġinvention,0.1631,content
26106,anian,0.1901,content
26111,living,0.1732,content
26114,amping,0.1618,content
26116,ORY,0.1577,content
26122,ulator,0.1596,content
26125,rote,0.173,content
26131,ĠNotably,0.1888,content
26133,rette,0.1579,content
26154,chery,0.1968,content
26162,Ġdifferentiate,0.1532,content
26175,ĠIngredients,0.2002,content
26184,opia,0.1651,content
26187,tto,0.185,content
26194,stress,0.1517,content
26213,terror,0.1929,content
26216,zzle,0.1963,content
26220,Ġfuturistic,0.2582,content
26230,ivery,0.1767,content
26243,daughter,0.1925,content
26251,severe,0.1919,content
26257,wealth,0.1555,content
26261,itute,0.1564,content
26264,lif,0.1572,content
26277,ansson,0.1746,content
26291,keye,0.1639,content
26344,Ġdisclosing,0.1666,content
26349,aez,0.1641,content
26373,285,0.1618,content
26383,toe,0.1626,content
26387,Ġimplants,0.1581,content
26397,ographed,0.1622,content
26401,Ġdisrespectful,0.1687,content
26407,bath,0.1747,content
26408,Ġtransformative,0.1763,content
26415,Ġredesigned,0.1666,content
26422,ĠCapacity,0.1769,content
26445,Ġhostages,0.1552,content
26450,enza,0.162,content
26462,OOD,0.1726,content
26488,unic,0.164,content
26491,ruit,0.1502,content
26505,qualified,0.1562,content
26524,ĠArchitecture,0.2158,content
26527,ĠIronically,0.2116,content
26539,bler,0.1584,content
26562,arov,0.1655,content
26566,Ġtumble,0.1539,content
26579,iction,0.1581,content
26582,ruly,0.1697,content
26586,unning,0.1528,content
26601,cloud,0.1605,content
26604,Ġcaffeine,0.1632,content
26619,Ġsightings,0.1578,content
26638,^^^^,0.1861,content
26653,EMBER,0.1721,content
26655,ersen,0.1637,content
26661,ustain,0.1709,content
26665,nant,0.1543,content
26681,oan,0.1535,content
26686,IGHTS,0.1745,content
26694,Ġdeterior,0.1714,content
26704,reath,0.162,content
26708,pots,0.1557,content
26715,effect,0.1518,content
26729,ĠIslamists,0.1672,content
26735,Ġscreenplay,0.1735,content
26741,ainment,0.2122,content
26745,Sullivan,0.1697,content
26757,Ġharrowing,0.1647,content
26771,arella,0.1709,content
26772,umbai,0.1824,content
26777,Ġscathing,0.1516,content
26783,Ġrestitution,0.1554,content
26789,iane,0.1561,content
26790,produ,0.1843,content
26800,ĠSecondly,0.1734,content
26802,uca,0.1606,content
26813,Ġeradicate,0.1848,content
26818,Ġinnovate,0.2823,content
26829,licensed,0.1884,content
26832,autical,0.1966,content
26838,tec,0.2579,content
26840,young,0.1779,content
26841,usions,0.177,content
26842,iotic,0.1577,content
26861,ĠBecome,0.1576,content
26887,ĠKeane,0.1724,content
26889,elope,0.1552,content
26890,ĠApproximately,0.205,content
26900,Ġcrowdfunding,0.1514,content
26901,ĠBenefits,0.1864,content
26926,California,0.1617,content
26933,ĠTRAN,0.1716,content
26940,Ġsmugglers,0.1504,content
26941,formation,0.1617,content
26946,Ġunmanned,0.1925,content
26967,Ġlandowners,0.1657,content
26971,Ġdysfunction,0.155,content
26973,Ġculturally,0.1507,content
26994,IVER,0.1803,content
26997,ector,0.1532,content
27005,iminary,0.1724,content
27007,Detroit,0.1645,content
27008,Ġkios,0.1588,content
27013,development,0.2365,content
27015,acial,0.1743,content
27021,Ġchoked,0.1547,content
27024,urred,0.1692,content
27042,ission,0.1512,content
27043,Ġprohibiting,0.1593,content
27046,Ġkissed,0.1578,content
27070,Ġchapel,0.1518,content
27072,bps,0.1594,content
27084,ĠCBO,0.1554,content
27087,Ġwealthiest,0.1687,content
27088,ĠMeans,0.1531,content
27092,raham,0.1626,content
27093,nerg,0.182,content
27106,automatic,0.214,content
27112,Ġadversely,0.1551,content
27114,ĠDAV,0.1582,content
27138,wang,0.1689,content
27147,cigarettes,0.2501,content
27159,ĠCrypto,0.1668,content
27168,heny,0.1603,content
27179,kos,0.1652,content
27184,olute,0.1609,content
27202,ĠChromebook,0.1745,content
27207,illi,0.1562,content
27211,orno,0.1525,content
27216,velop,0.1802,content
27217,commun,0.1659,content
27233,Ġâĸ,0.1803,content
27236,Ġairplanes,0.1688,content
27238,culture,0.2575,content
27254,aspers,0.1738,content
27257,offic,0.1531,content
27274,Ġpoignant,0.1517,content
27281,Ġinappropriately,0.156,content
27295,steen,0.1693,content
27323,arine,0.1602,content
27332,ĠArtificial,0.1988,content
27345,uction,0.1786,content
27346,idding,0.1701,content
27366,essions,0.1614,content
27367,created,0.1774,content
27368,ifiers,0.1669,content
27371,umann,0.1585,content
27377,ulin,0.1517,content
27378,seys,0.1759,content
27382,Ġcontinents,0.1557,content
27400,rought,0.1616,content
27401,Ġhugs,0.1504,content
27407,atched,0.155,content
27425,Ġhugged,0.1721,content
27430,Ġdecreases,0.1533,content
27439,amoto,0.1562,content
27452,Ġbruises,0.1624,content
27460,Ġenhances,0.1576,content
27463,Ġproponents,0.1626,content
27480,ĠPutting,0.1759,content
27485,oley,0.1631,content
27490,ĠRelative,0.1564,content
27498,ĠInstruments,0.1665,content
27500,AAF,0.1882,content
27503,condition,0.2006,content
27504,Ġratified,0.1664,content
27516,resident,0.1805,content
27519,Ġdesserts,0.1753,content
27528,ĠSloan,0.1561,content
27543,collar,0.2065,content
27565,ĠVend,0.1501,content
27585,ĠDevelopers,0.1777,content
27586,ateg,0.1528,content
27591,gio,0.1831,content
27593,ĠAntarctica,0.1687,content
27596,Ġautomobiles,0.1852,content
27598,bern,0.1659,content
27609,endon,0.1796,content
27636,Ġeclectic,0.1566,content
27642,ayn,0.1736,content
27647,vance,0.1728,content
27658,Ġvisionary,0.1565,content
27661,ancies,0.1815,content
27666,appro,0.1585,content
27671,Ġheadphone,0.1522,content
27681,channel,0.1835,content
27694,athered,0.1785,content
27698,ITH,0.1792,content
27707,Ġindulge,0.1513,content
27736,Ġreimburse,0.1618,content
27737,probably,0.1564,content
27739,industrial,0.2226,content
27744,Ġcontemplating,0.1532,content
27748,rations,0.1735,content
27752,tight,0.1623,content
27763,pocket,0.1787,content
27787,Ġfashionable,0.1556,content
27797,iences,0.1975,content
27811,cester,0.1799,content
27815,Ġcomplying,0.1575,content
27822,LOAD,0.1595,content
27824,ourcing,0.1963,content
27829,limited,0.1591,content
27836,ĠMillennials,0.184,content
27854,ĠSyndrome,0.1637,content
27861,distance,0.223,content
27862,Ġclassmate,0.1532,content
27880,visor,0.1707,content
27895,rology,0.2146,content
27900,consuming,0.2227,content
27901,ĠFeaturing,0.1902,content
27910,ptroller,0.2297,content
27914,Ġintimidate,0.1672,content
27917,ANGE,0.1831,content
27920,ACA,0.159,content
27924,tall,0.2013,content
27940,ERSON,0.1788,content
27947,ruce,0.1624,content
27952,cultural,0.226,content
27953,clusion,0.1739,content
27970,tailed,0.174,content
27975,uration,0.1928,content
27983,Ġ164,0.1548,content
28006,adv,0.188,content
28013,ĠAlternatively,0.1671,content
28031,avering,0.1852,content
28039,recogn,0.1857,content
28054,ĠWeapons,0.1819,content
28057,REAM,0.16,content
28067,seed,0.15,content
28073,DER,0.1645,content
28075,icult,0.1786,content
28082,DEN,0.157,content
28085,ĠLighting,0.1579,content
28120,UCT,0.1953,content
28121,Ġsucceeds,0.1503,content
28128,ĠClaims,0.1579,content
28135,campus,0.2297,content
28138,Neal,0.1745,content
28145,odor,0.1515,content
28162,cases,0.1509,content
28169,culation,0.2141,content
28172,atories,0.1835,content
28175,ĠElim,0.1618,content
28176,developed,0.2229,content
28182,Ġlifestyles,0.1812,content
28183,zzi,0.1585,content
28184,Ġprovoke,0.1565,content
28185,bah,0.1636,content
28205,tek,0.2095,content
28242,Ġhorrifying,0.1661,content
28248,Ġreimb,0.1802,content
28251,beam,0.1632,content
28258,project,0.1542,content
28275,INESS,0.2133,content
28279,ĠZhou,0.1579,content
28287,Ġsushi,0.1528,content
28291,plin,0.1581,content
28299,Ġthwarted,0.1675,content
28300,access,0.1542,content
28303,Ġpregnancies,0.18,content
28311,current,0.1636,content
28315,otech,0.262,content
28320,Ġjuveniles,0.175,content
28326,employed,0.2106,content
28329,Ġbillionaires,0.1776,content
28340,Ġorganisms,0.1573,content
28354,structed,0.158,content
28360,Ġrepaid,0.1705,content
28362,ticket,0.2203,content
28371,kids,0.1839,content
28378,binding,0.1692,content
28380,Ġmaize,0.1583,content
28385,ĠFukushima,0.1611,content
28389,ĠTec,0.1998,content
28395,ĠProcessing,0.1691,content
28396,ilion,0.1721,content
28411,Ġdiscovers,0.1518,content
28413,ĠMachines,0.2123,content
28414,Ġeroded,0.168,content
28422,reported,0.1684,content
28426,urned,0.1651,content
28431,much,0.1511,content
28432,Ġcherish,0.1641,content
28441,Ġsuitcase,0.1547,content
28447,intensive,0.2193,content
28454,Ġunderestimate,0.1622,content
28458,Ġeliminates,0.159,content
28463,istries,0.194,content
28477,ablished,0.1749,content
28492,ĠJury,0.1529,content
28493,ĠTPP,0.1599,content
28499,Ġcaptivity,0.156,content
28500,Ġappellate,0.1559,content
28501,ĠElectricity,0.1857,content
28507,aunch,0.1906,content
28523,rule,0.1772,content
28545,imore,0.156,content
28554,Ġdiligently,0.1568,content
28560,ĠOECD,0.1629,content
28567,itability,0.2014,content
28574,alcohol,0.247,content
28578,"].""",0.1827,content
28589,Ġstrapped,0.1586,content
28622,Ġintrigued,0.1591,content
28623,enting,0.1688,content
28630,Ġsilicon,0.1849,content
28640,ĠContinuing,0.1555,content
28644,program,0.1502,content
28649,aughters,0.1678,content
28650,Ġbaths,0.1571,content
28655,completely,0.1647,content
28661,Ġreiterate,0.1799,content
28673,IFA,0.1725,content
28682,Ġextinguished,0.16,content
28684,Ġdeployments,0.1635,content
28693,NAT,0.1622,content
28708,ĠThiel,0.1661,content
28712,ulum,0.164,content
28714,URES,0.1707,content
28746,community,0.2006,content
28752,prime,0.1719,content
28755,ĠCreating,0.1608,content
28770,managed,0.1977,content
28773,198,0.155,content
28781,flying,0.1914,content
28785,ackers,0.1728,content
28790,ĠApprentice,0.1624,content
28810,modern,0.2026,content
28821,Ġperpetrator,0.1708,content
28822,ĠGerrard,0.1541,content
28825,payment,0.2245,content
28859,ĠSpielberg,0.1744,content
28867,anni,0.1551,content
28881,travel,0.2199,content
28882,Ġdownloading,0.1532,content
28887,IDA,0.1551,content
28892,ramer,0.1673,content
28896,ĠTrooper,0.1646,content
28897,aylor,0.1709,content
28898,pson,0.1549,content
28901,Ġtopple,0.1794,content
28911,Ġ342,0.1516,content
28912,ĠAcquisition,0.1697,content
28933,Saudi,0.1664,content
28939,Ġpunishable,0.1838,content
28941,oths,0.1793,content
28950,henko,0.1615,content
28951,Ġsecretaries,0.1679,content
28961,gross,0.1859,content
28972,Ġcomedians,0.1677,content
28980,verson,0.1765,content
28981,ouncing,0.1694,content
28986,cars,0.1911,content
28989,volt,0.1803,content
28991,EFF,0.1661,content
29003,highly,0.178,content
29008,knit,0.1832,content
29019,Ġbustling,0.1535,content
29031,ĠTens,0.1743,content
29036,Ġcomplicate,0.1572,content
29043,fitted,0.1716,content
29046,cyl,0.1796,content
29056,Ġdisperse,0.1547,content
29062,Ġhomophobic,0.159,content
29070,XT,0.159,content
29071,Ġrepression,0.1525,content
29074,Ġmountainous,0.1624,content
29082,ĠMetall,0.1564,content
29084,Ġwetlands,0.1593,content
29089,hene,0.1605,content
29093,ooky,0.1577,content
29096,announced,0.1951,content
29100,eating,0.1888,content
29101,induced,0.1755,content
29104,Ġpatented,0.2063,content
29125,athom,0.1643,content
29131,archs,0.1804,content
29135,alpha,0.1682,content
29140,Ġcomposure,0.153,content
29142,Ġrestruct,0.1559,content
29150,UX,0.1705,content
29151,Authorities,0.1577,content
29163,Ġovertake,0.155,content
29171,Ġdinosaurs,0.1818,content
29174,meier,0.1595,content
29203,ENTS,0.1629,content
29210,Ġimpair,0.1537,content
29225,true,0.1592,content
29226,ivable,0.1781,content
29245,ussen,0.1796,content
29249,Ġmelan,0.1525,content
29255,olerance,0.2122,content
29260,ĠHonestly,0.1605,content
29261,ĠImmediately,0.1655,content
29262,ixty,0.1773,content
29265,ĠiPads,0.2107,content
29278,Ġrestroom,0.1673,content
29280,manufact,0.2488,content
29283,Ġrecovers,0.1561,content
29289,ĠRobotics,0.2105,content
29300,ĠMikhail,0.1563,content
29305,ĠDevice,0.1988,content
29307,Ġloopholes,0.1507,content
29314,ĠTasmania,0.2041,content
29324,ĠApps,0.1623,content
29326,onica,0.1575,content
29336,Ġreassured,0.1549,content
29340,reatment,0.2102,content
29352,ĠElectrical,0.1822,content
29353,rounded,0.1677,content
29357,ilation,0.1758,content
29381,ĠSolution,0.1698,content
29387,Ġtablespoon,0.1902,content
29416,vre,0.1679,content
29420,tal,0.174,content
29422,caliber,0.2118,content
29427,Ġregistrations,0.1536,content
29438,Ø§,0.1583,content
29453,ĠWeiner,0.1522,content
29462,Ġ..........,0.2083,content
29467,equipped,0.2337,content
29471,ursion,0.1754,content
29483,Ġ----------------------------------------------------------------,0.1918,content
29490,akov,0.1564,content
29493,Ġsubcommittee,0.1602,content
29496,crafted,0.1797,content
29501,atos,0.1504,content
29503,Ġturbine,0.16,content
29508,Ġdenounce,0.1543,content
29529,linger,0.1527,content
29532,ĠGork,0.1551,content
29543,Ġphysique,0.1516,content
29545,Ġadolescents,0.1868,content
29554,orius,0.187,content
29558,ĠTHC,0.1598,content
29563,digital,0.2725,content
29567,238,0.1562,content
29574,ĠPricing,0.1846,content
29575,ĠHardware,0.1702,content
29580,Ġgadget,0.2405,content
29581,ADS,0.1647,content
29609,lique,0.1745,content
29611,Ġworrisome,0.1575,content
29613,Ġnovelist,0.1708,content
29623,ĠNAV,0.1509,content
29638,Ġmalnutrition,0.1649,content
29639,claimed,0.1661,content
29640,Ġcharred,0.1599,content
29643,Ġrepealed,0.1851,content
29646,resolution,0.2127,content
29664,Ġdebilitating,0.1546,content
29675,Netflix,0.1811,content
29682,Ġmigrate,0.1694,content
29696,ĠGaddafi,0.1653,content
29703,Ġacronym,0.1623,content
29717,Ġfirepower,0.1875,content
29724,puted,0.1846,content
29736,Ġteamwork,0.1609,content
29746,ĠIncreased,0.182,content
29756,Ġcounterterrorism,0.1785,content
29758,ications,0.1932,content
29766,UA,0.1722,content
29772,ulously,0.169,content
29779,Ġencro,0.1517,content
29781,ĠAdminist,0.1601,content
29795,ĠMarriage,0.1507,content
29796,Ġstaffed,0.1642,content
29800,Ġmanpower,0.1835,content
29801,ĠSatellite,0.1581,content
29810,Ġ171,0.1553,content
29812,intelligence,0.2352,content
29813,punk,0.1667,content
29817,arrell,0.1891,content
29818,iances,0.1824,content
29820,Ġstrengthens,0.1567,content
29822,Ġhardships,0.1599,content
29823,Ġsignalling,0.1516,content
29827,picked,0.1673,content
29843,funding,0.2462,content
29847,released,0.195,content
29859,ĠRefugees,0.2084,content
29865,Ġentails,0.1518,content
29868,undy,0.1935,content
29878,IGH,0.1612,content
29888,learning,0.2152,content
29895,edar,0.1579,content
29912,platform,0.2259,content
29917,middle,0.2134,content
29921,redible,0.1604,content
29933,meet,0.1707,content
29965,Ġtacos,0.1718,content
29967,gender,0.1931,content
29976,Ġultrasound,0.1535,content
29978,tracking,0.2196,content
29990,CN,0.1509,content
30012,doing,0.1507,content
30013,involved,0.1913,content
30015,Ġtoxins,0.1885,content
30022,ĠâĹı,0.2023,content
30043,244,0.1534,content
30051,itech,0.2501,content
30100,agra,0.1528,content
30120,ĠAtmospheric,0.1955,content
30127,Ġquantify,0.162,content
30133,rones,0.1968,content
30137,196,0.1647,content
30143,ĠZub,0.1518,content
30148,ĠDesigned,0.188,content
30153,ĠYellowstone,0.1666,content
30155,Ġushered,0.203,content
30165,ppel,0.1775,content
30166,lah,0.1519,content
30170,Ġappliance,0.1681,content
30172,traditional,0.2209,content
30174,Ġregimen,0.1617,content
30183,assisted,0.2021,content
30185,trial,0.2139,content
30189,Energy,0.1748,content
30200,TX,0.1623,content
30201,Ġdispleasure,0.1673,content
30203,Ġunsettling,0.166,content
30219,Digital,0.201,content
30224,530,0.1636,content
30231,dependent,0.1716,content
30237,gments,0.1714,content
30247,ihu,0.155,content
30248,establish,0.21,content
30252,onement,0.1915,content
30265,iann,0.1693,content
30279,hai,0.1732,content
30280,activity,0.1934,content
30286,Ġmulticultural,0.1544,content
30302,Ġangrily,0.1811,content
30303,another,0.1643,content
30304,oled,0.1753,content
30312,itches,0.1703,content
30319,Ġelectronically,0.2187,content
30325,Ġmodernization,0.2483,content
30332,UTERS,0.2262,content
30343,described,0.1981,content
30350,pleting,0.1831,content
30358,Toronto,0.1559,content
30363,akable,0.1577,content
30370,ĠCamer,0.1623,content
30373,Ġpenetrate,0.1599,content
30380,ĠChallenges,0.1811,content
30403,suff,0.1966,content
30410,ĠWeld,0.1693,content
30411,ĠIncluded,0.1696,content
30427,Ġheadlights,0.1671,content
30434,graduate,0.1971,content
30435,Ġprosper,0.153,content
30438,ECK,0.1525,content
30439,establishment,0.1957,content
30442,278,0.1503,content
30445,olutions,0.2018,content
30446,payer,0.1535,content
30448,ĠROCK,0.1553,content
30465,ĠBlumenthal,0.18,content
30474,estival,0.1836,content
30480,ĠMobility,0.1583,content
30482,ophers,0.1892,content
30500,mist,0.1502,content
30507,ĠVeterinary,0.1738,content
30515,Ġmankind,0.1728,content
30524,Ġmayhem,0.1503,content
30526,Ġdisinformation,0.1862,content
30528,Ġprototypes,0.1636,content
30530,IVERS,0.1966,content
30535,INO,0.1598,content
30537,Ġwiret,0.1556,content
30538,Ġresorted,0.1694,content
30545,ĠHua,0.167,content
30546,bered,0.1576,content
30547,adding,0.1998,content
30579,ivering,0.1768,content
30582,Ġhandguns,0.1822,content
30585,uana,0.1797,content
30588,ĠEssentially,0.1972,content
30607,Ġredevelop,0.1633,content
30608,Ġdwind,0.158,content
30617,ĠClosing,0.1531,content
30623,ucing,0.1708,content
30624,Ġfabrication,0.1614,content
30634,ĠBART,0.1688,content
30635,orative,0.1656,content
30641,ĠGoPro,0.1713,content
30643,Ġspecification,0.1545,content
30649,ĠCheney,0.1505,content
30674,trip,0.1638,content
30692,ĠCutting,0.1723,content
30699,ĠUNHCR,0.1659,content
30701,eco,0.1608,content
30712,anting,0.1605,content
30713,ĠMarino,0.1522,content
30715,ifle,0.1589,content
30716,Ġ239,0.1526,content
30719,Ġdistraught,0.1732,content
30725,ographs,0.1715,content
30726,ĠNewly,0.192,content
30728,Ġskyline,0.1574,content
30743,enable,0.153,content
30746,education,0.2679,content
30754,Ġecstatic,0.1684,content
30761,Ġstrives,0.1673,content
30764,defined,0.1671,content
30766,array,0.1687,content
30767,tips,0.2008,content
30769,fits,0.1684,content
30771,mediate,0.1709,content
30783,ealous,0.1632,content
30784,ographers,0.1633,content
30800,ĠFirstly,0.1661,content
30822,ĠTibet,0.1669,content
30827,Ġoutlawed,0.1694,content
30842,extra,0.1631,content
30844,ĠÂ¥,0.1611,content
30845,Ġheadsets,0.1776,content
30846,imensional,0.1789,content
30855,Ġresettlement,0.1762,content
30866,laun,0.2111,content
30877,international,0.2163,content
30884,Ġaspire,0.1592,content
30899,ĠIncrease,0.1647,content
30904,urrence,0.1835,content
30916,ĠWOM,0.1736,content
30926,innacle,0.1889,content
30929,fruit,0.1559,content
30931,icator,0.1846,content
30935,Ġtreaties,0.1869,content
30946,Ġuntreated,0.1545,content
30997,wrote,0.1833,content
30999,posal,0.1752,content
31007,technology,1.0,content
31010,owsky,0.1852,content
31019,Ġvoicing,0.1655,content
31023,Ġ285,0.18,content
31034,mounted,0.1863,content
31038,Ġdiplom,0.1676,content
31043,ĠApply,0.1607,content
31044,prim,0.1589,content
31052,ĠXperia,0.1668,content
31056,Ġparamed,0.1671,content
31060,Ġ408,0.1557,content
31065,massive,0.2032,content
31069,ĠTunnel,0.1655,content
31070,ĠAssist,0.1521,content
31072,everything,0.1848,content
31075,heng,0.1529,content
31079,Ġtestosterone,0.1711,content
31085,ĠSERVICE,0.1801,content
31097,certain,0.1634,content
31099,2002,0.1797,content
31104,iversity,0.1964,content
31105,219,0.1641,content
31111,analy,0.1936,content
31121,ĠTelecommunications,0.2145,content
31135,went,0.1512,content
31136,Ġtoddlers,0.162,content
31138,Ġpaed,0.1508,content
31146,ĠNVIDIA,0.1618,content
31148,Ġtowed,0.1609,content
31152,CENT,0.1783,content
31156,NM,0.1502,content
31159,ILS,0.18,content
31164,Ġhugging,0.1531,content
31165,Ġabolish,0.1776,content
31166,ricting,0.2054,content
31168,Ġtemples,0.1512,content
31183,orbit,0.1903,content
31192,factor,0.1934,content
31198,atoes,0.2203,content
31202,ĠAging,0.1704,content
31211,bek,0.1664,content
31216,Ġapologizing,0.1767,content
31217,Ġpioneered,0.2288,content
31242,nuclear,0.2426,content
31259,IOR,0.1653,content
31265,Ġreinforces,0.1637,content
31283,atlantic,0.1703,content
31287,isive,0.1596,content
31290,loop,0.1551,content
31291,tions,0.1816,content
31300,Ġ194,0.1603,content
31302,administ,0.1993,content
31313,bang,0.1679,content
31320,utation,0.166,content
31352,Ġvaping,0.1731,content
31354,riages,0.1775,content
31358,issions,0.1544,content
31361,onne,0.1611,content
31362,circ,0.1728,content
31364,quartered,0.1756,content
31370,ventional,0.2006,content
31384,Ġgrenades,0.1501,content
31387,til,0.151,content
31390,Ġpetitioner,0.1895,content
31392,ĠEns,0.1774,content
31396,vertisements,0.1852,content
31399,Ġautomate,0.2037,content
31401,iping,0.1777,content
31409,rero,0.1608,content
31410,affected,0.1781,content
31424,ĠImaging,0.18,content
31447,Ġreforming,0.1657,content
31454,secondary,0.2005,content
31456,terrorist,0.2169,content
31458,custom,0.1714,content
31462,ĠScalia,0.1858,content
31466,ework,0.1557,content
31468,oscope,0.17,content
31470,ruction,0.214,content
31474,obil,0.1677,content
31477,ibel,0.1586,content
31478,Ġglobalization,0.2155,content
31480,information,0.2336,content
31494,pdf,0.1646,content
31496,clone,0.176,content
31504,Ġbystanders,0.1704,content
31507,thin,0.1647,content
31514,Ġappalled,0.1599,content
31536,Ġstarvation,0.1565,content
31542,ifling,0.1797,content
31561,ĠGranted,0.1611,content
31563,ĠRanking,0.1592,content
31568,Ġfleets,0.1526,content
31569,Ġinventor,0.1976,content
31570,iffin,0.1662,content
31579,Ġhavens,0.1701,content
31581,crop,0.1797,content
31589,ĠTight,0.1605,content
31595,GER,0.1638,content
31597,ceived,0.1671,content
31609,York,0.1769,content
31628,claim,0.1592,content
31653,thank,0.1694,content
31666,consumer,0.2703,content
31667,hetically,0.1707,content
31672,tera,0.1878,content
31674,library,0.2303,content
31685,iculture,0.2378,content
31686,ighting,0.1822,content
31689,operated,0.2149,content
31692,aila,0.1628,content
31693,ĠConsortium,0.1515,content
31698,)âĢĶ,0.154,content
31706,Ġstatutes,0.1637,content
31707,292,0.1522,content
31711,ATHER,0.1871,content
31717,Ġtendon,0.154,content
31720,Ġrestrooms,0.1755,content
31726,rox,0.1509,content
31733,Ġroar,0.1553,content
31737,ĠChamberlain,0.1524,content
31753,Ġtbsp,0.1854,content
31758,stantial,0.1594,content
31767,ĠBringing,0.1755,content
31782,276,0.1509,content
31783,Ġvolcan,0.188,content
31786,ĠVaj,0.1612,content
31787,Ġunsolved,0.1554,content
31788,oland,0.1809,content
31791,ylan,0.1924,content
31798,drawn,0.1764,content
31804,ĠExactly,0.1566,content
31805,Ġpowering,0.1566,content
31814,Tour,0.1652,content
31829,gence,0.1885,content
31830,5000,0.1563,content
31834,videos,0.223,content
31835,phthal,0.19,content
31836,llor,0.1676,content
31852,sett,0.1506,content
31854,innie,0.1751,content
31855,edition,0.2038,content
31864,AMS,0.156,content
31871,Ġnominating,0.1516,content
31876,brown,0.1747,content
31879,Ġextravagant,0.1551,content
31881,wage,0.1967,content
31882,Ġexempted,0.1718,content
31899,jected,0.1711,content
31909,Ġscalable,0.1686,content
31910,Ġshimmer,0.1545,content
31931,process,0.162,content
31934,didn,0.2047,content
31936,amation,0.1749,content
31964,users,0.2066,content
31974,icc,0.1555,content
31980,ĠLieberman,0.1578,content
31983,Ġtreacherous,0.1689,content
31989,ĠROB,0.1542,content
31995,heter,0.1552,content
32048,ĠSetting,0.1561,content
32049,Ġsupernatural,0.1501,content
32055,centered,0.1982,content
32063,uko,0.1574,content
32073,ĠTrees,0.1552,content
32074,Ġdetractors,0.1619,content
32078,istration,0.21,content
32081,mini,0.1541,content
32082,Ġcontraception,0.1937,content
32083,asca,0.1543,content
32088,338,0.1636,content
32103,675,0.1674,content
32109,ĠChall,0.1563,content
32123,swing,0.1882,content
32125,ĠCosts,0.1861,content
32134,ĠPrepar,0.1527,content
32135,button,0.1713,content
32150,ĠMongolia,0.1754,content
32158,impact,0.1956,content
32159,Ġfranch,0.1575,content
32160,Ġ2100,0.178,content
32164,umbing,0.1758,content
32167,Ġsurges,0.1513,content
32171,ĠHorowitz,0.1657,content
32173,anners,0.1503,content
32181,ĠTelephone,0.1749,content
32184,Ġmango,0.153,content
32194,ĠRosenthal,0.1621,content
32198,employ,0.2075,content
32205,ONY,0.1679,content
32209,Ġworkflow,0.1739,content
32210,ĠPersonnel,0.1734,content
32211,awed,0.1503,content
32233,contact,0.1832,content
32237,ĠVMware,0.1775,content
32239,REG,0.1547,content
32241,ĠMechan,0.1642,content
32247,Ġmastered,0.1639,content
32254,Ġsuperheroes,0.1815,content
32260,VEN,0.1593,content
32265,driver,0.1858,content
32266,IFT,0.1871,content
32272,bis,0.1514,content
32281,ategic,0.1917,content
32282,ĠUnderstand,0.1593,content
32283,occup,0.1859,content
32285,Ġschizophrenia,0.1589,content
32290,ĠRowling,0.186,content
32293,Ġembryos,0.1589,content
32313,increasing,0.2152,content
32315,articles,0.1896,content
32320,Ġventured,0.1539,content
32333,ificantly,0.1925,content
32337,particularly,0.1752,content
32342,Ġvalleys,0.1566,content
32358,hemoth,0.1737,content
32362,activated,0.2013,content
32368,tted,0.1686,content
32370,cking,0.1615,content
32371,nikov,0.189,content
32385,Ġgoalt,0.1942,content
32386,Ġhumiliated,0.1784,content
32393,ĠSymptoms,0.2041,content
32398,ĠJericho,0.1582,content
32416,ESA,0.184,content
32439,Ġdenouncing,0.1778,content
32441,aques,0.1782,content
32446,Ġanguish,0.1546,content
32455,amily,0.1856,content
32462,Ġtrove,0.1576,content
32464,Ġtherapists,0.18,content
32487,ĠNano,0.1624,content
32488,ighthouse,0.1648,content
32497,venue,0.1789,content
32503,cand,0.173,content
32515,Ġhemisphere,0.1522,content
32521,ĠHawai,0.1597,content
32524,practice,0.2304,content
32525,IBLE,0.1817,content
32526,cture,0.2092,content
32530,training,0.2243,content
32542,Ġ4000,0.1537,content
32553,Ġregulates,0.1713,content
32556,istance,0.1657,content
32572,ĠJordanian,0.1637,content
32577,artz,0.1784,content
32581,Ġmarkedly,0.1666,content
32587,Ġpancakes,0.1528,content
32598,credit,0.2027,content
32599,Ġscourge,0.154,content
32602,Ġhunted,0.1615,content
32605,Ġmined,0.1594,content
32611,ĠCompliance,0.1673,content
32614,Ġdazz,0.1608,content
32622,Ġshouts,0.1569,content
32623,midt,0.1646,content
32632,seeking,0.1902,content
32635,ĠGrants,0.1596,content
32664,Ġfalsehood,0.1694,content
32665,ARI,0.1537,content
32668,outher,0.17,content
32679,Ġrelayed,0.1797,content
32687,ĠIntrodu,0.1596,content
32695,retion,0.1928,content
32697,ĠWORLD,0.1895,content
32701,2006,0.1566,content
32711,akings,0.1714,content
32722,Ġlegalizing,0.187,content
32735,ĠSomehow,0.1893,content
32742,ĠTransformation,0.1725,content
32749,Ġexhilar,0.1762,content
32757,continue,0.1944,content
32765,Ġcout,0.1537,content
32767,ulse,0.1546,content
32768,Ġignite,0.1692,content
32775,ĠSurprise,0.1501,content
32779,Ġvideot,0.1714,content
32788,cube,0.1723,content
32799,Taylor,0.1592,content
32822,iov,0.1664,content
32825,acan,0.1657,content
32830,ERA,0.1621,content
32834,Ġenzyme,0.1583,content
32843,util,0.1516,content
32845,create,0.1843,content
32848,Ġcontemplate,0.1752,content
32852,uvian,0.1852,content
32857,2005,0.1574,content
32864,obiles,0.2241,content
32867,ucket,0.1948,content
32896,regation,0.1953,content
32908,ĠLAPD,0.1574,content
32931,thus,0.1661,content
32934,phas,0.1686,content
32946,ĠStability,0.1869,content
32950,Ġkisses,0.1523,content
32954,880,0.1527,content
32958,ECH,0.2301,content
32962,determination,0.219,content
32965,Ġ(%),0.2065,content
32977,Ġintangible,0.1628,content
32982,independent,0.1834,content
32988,ĠConvert,0.1571,content
32989,Ġimpede,0.1852,content
32990,broad,0.1643,content
32993,Ġcoined,0.1541,content
33005,ĠTarant,0.1529,content
33009,Ġchipset,0.1991,content
33012,laus,0.1915,content
33014,ipers,0.1596,content
33028,actus,0.1669,content
33030,fifth,0.1807,content
33040,ĠSX,0.1545,content
33041,ractive,0.1762,content
33050,Thom,0.15,content
33051,ĠCHRIST,0.173,content
33057,Ġalloy,0.153,content
33058,Ġthinly,0.1521,content
33060,Ġproponent,0.1663,content
33065,iciency,0.186,content
33066,780,0.1645,content
33069,ITAL,0.1641,content
33074,Ġcollabor,0.1561,content
33079,Ġgenitals,0.1734,content
33081,atson,0.1577,content
33090,Ġterminology,0.211,content
33091,served,0.2067,content
33097,claimer,0.1803,content
33110,Ġabolished,0.1797,content
33112,cription,0.171,content
33117,ometown,0.1741,content
33119,products,0.2214,content
33126,ĠMTA,0.1542,content
33132,ĠTyphoon,0.1689,content
33134,Ġproclaim,0.1521,content
33136,Ġpractise,0.1507,content
33138,Ġfingertips,0.1875,content
33140,vu,0.1501,content
33142,plug,0.1763,content
33144,itement,0.2042,content
33145,ihar,0.1802,content
33148,Ġguarant,0.151,content
33152,unders,0.1538,content
33158,ursions,0.1896,content
33160,pared,0.1709,content
33174,icultural,0.1909,content
33179,Ġattractiveness,0.1658,content
33182,compliance,0.2472,content
33191,Ġforfeiture,0.1769,content
33195,ographically,0.1822,content
33204,Ġenthusiastically,0.1678,content
33213,518,0.1542,content
33219,ĠIntegration,0.1635,content
33225,618,0.1575,content
33228,Ġwitty,0.16,content
33229,Ġdehydration,0.1778,content
33230,arlane,0.1944,content
33240,isks,0.1921,content
33247,ĠHispanics,0.1661,content
33250,Ġvictimized,0.1878,content
33260,ĠCOURT,0.1879,content
33262,ĠFacilities,0.186,content
33273,ribed,0.1663,content
33278,nov,0.1754,content
33280,ricane,0.1796,content
33289,venture,0.2073,content
33313,volume,0.2001,content
33314,Ġsocioeconomic,0.1872,content
33318,ymes,0.1701,content
33319,episode,0.2122,content
33324,burning,0.1947,content
33327,Ġsophistication,0.2316,content
33351,Ġdolphins,0.1712,content
33361,Ġswirl,0.1517,content
33365,Ġpublicized,0.1729,content
33367,Ġsalsa,0.1544,content
33373,ĠKlux,0.2003,content
33381,Ġprivatization,0.1789,content
33383,Thousands,0.1516,content
33384,ĠTasman,0.1641,content
33394,consider,0.1575,content
33396,Ġbaffled,0.1503,content
33407,negative,0.1931,content
33414,Ġminimalist,0.1506,content
33430,sequ,0.1511,content
33434,Ġembodies,0.1638,content
33437,started,0.1767,content
33446,Ġcertify,0.1514,content
33447,Ġdisillusion,0.1592,content
33448,ĠPhysicians,0.1819,content
33450,855,0.1662,content
33461,Ġformulate,0.1522,content
33471,seeing,0.1747,content
33477,stores,0.1723,content
33485,calling,0.1857,content
33491,impro,0.1911,content
33492,fac,0.1609,content
33494,itious,0.1599,content
33518,raph,0.17,content
33521,Ġgreets,0.161,content
33527,mining,0.2124,content
33538,celona,0.166,content
33541,ĠBie,0.1684,content
33547,arist,0.1705,content
33553,Intel,0.1852,content
33591,herent,0.1732,content
33596,cancer,0.2403,content
33597,ĠYep,0.1585,content
33599,ĠDisability,0.1676,content
33606,Ġannexed,0.1583,content
33615,Ġpolitely,0.1636,content
33618,enges,0.1948,content
33635,Ġguaranteeing,0.1592,content
33637,agher,0.1761,content
33652,ĠTransaction,0.1945,content
33656,Ġglean,0.164,content
33666,cone,0.1756,content
33682,ĠPractices,0.1912,content
33687,strength,0.2175,content
33693,obia,0.1801,content
33695,Ġtuberculosis,0.1859,content
33701,lite,0.166,content
33703,sufficient,0.2088,content
33705,Ġharshly,0.169,content
33706,Ġredacted,0.1768,content
33712,Ġwandered,0.168,content
33714,ĠSTART,0.1523,content
33715,Ġweaponry,0.2595,content
33717,shadow,0.1692,content
33738,Ġeru,0.153,content
33739,reasonable,0.2044,content
33741,725,0.1583,content
33745,asive,0.1866,content
33746,Ġsubcontract,0.1676,content
33751,ioned,0.1669,content
33754,KEY,0.1546,content
33763,fee,0.1729,content
33764,chini,0.1535,content
33770,OTO,0.161,content
33772,555,0.1605,content
33776,Ġcharacterize,0.1557,content
33778,Ġutilizes,0.1608,content
33791,finding,0.1934,content
33794,ometers,0.1783,content
33798,commercial,0.2077,content
33805,Ġunequivocally,0.1627,content
33811,Ġhijab,0.1901,content
33817,ĠIraqis,0.1567,content
33821,independence,0.2272,content
33825,cussion,0.2179,content
33828,peer,0.1872,content
33833,Ġbestowed,0.1739,content
33835,OULD,0.172,content
33839,osph,0.1821,content
33849,Ġblasphemy,0.1631,content
33854,ĠDialogue,0.1728,content
33862,uced,0.1598,content
33863,ickle,0.1699,content
33864,ishable,0.1683,content
33865,Ġembody,0.1652,content
33868,ĠResult,0.1531,content
33880,ĠAki,0.1584,content
33896,alse,0.1644,content
33898,Ġrefuted,0.1984,content
33907,rities,0.209,content
33911,332,0.1652,content
33912,cold,0.1851,content
33913,Ġhindered,0.1617,content
33917,Ġdusk,0.1552,content
33924,ellation,0.2269,content
33926,Ġdecriminal,0.1694,content
33939,efficiency,0.2377,content
33943,verage,0.18,content
33951,iscover,0.1824,content
33956,Ġpunishments,0.1846,content
33959,testing,0.2296,content
33960,Ġeerie,0.1703,content
33963,Ġcondemns,0.1585,content
33964,ĠDropbox,0.1615,content
33965,inese,0.1511,content
33972,rella,0.1596,content
33975,Ġvirtues,0.175,content
33978,ENE,0.1803,content
33983,ĠKits,0.1553,content
33991,ĠEstimated,0.1956,content
33996,bite,0.1525,content
34001,margin,0.2002,content
34005,Ġrefuel,0.1699,content
34012,cale,0.16,content
34020,gear,0.2153,content
34026,ĠVerge,0.1787,content
34029,ierce,0.1588,content
34031,Ġdisenfranch,0.1516,content
34035,ĠLaugh,0.1602,content
34036,367,0.1539,content
34040,onsense,0.2273,content
34045,display,0.1737,content
34055,hands,0.1534,content
34058,UTION,0.1948,content
34059,ĠALP,0.1569,content
34063,letters,0.1987,content
34064,ĠYounger,0.1616,content
34067,388,0.1538,content
34072,OTH,0.1547,content
34083,ĠTraff,0.1783,content
34084,demon,0.1842,content
34086,ĠSomers,0.1605,content
34087,andum,0.1938,content
34090,ayne,0.1678,content
34095,intention,0.2001,content
34096,cape,0.1526,content
34115,rified,0.1534,content
34119,ĠCourage,0.1539,content
34129,imates,0.1826,content
34131,ĠMeasures,0.1707,content
34134,ĠRaider,0.15,content
34135,enario,0.1745,content
34136,rification,0.2223,content
34137,ĠFISA,0.1652,content
34140,mund,0.1631,content
34148,670,0.1675,content
34150,Ġpinnacle,0.1541,content
34153,secure,0.1693,content
34156,paste,0.1669,content
34162,naires,0.1718,content
34166,Ġunregulated,0.1532,content
34169,ĠMissile,0.1845,content
34170,extreme,0.2067,content
34172,skilled,0.2567,content
34174,Ġcamer,0.1516,content
34184,Ġunexplained,0.1554,content
34185,Ġenergies,0.1508,content
34187,enged,0.2035,content
34200,onics,0.2163,content
34202,rollers,0.1911,content
34212,820,0.1637,content
34213,VERS,0.1722,content
34216,strip,0.176,content
34235,ĠTransition,0.1584,content
34238,ĠRodrig,0.1532,content
34244,inates,0.171,content
34245,ĠStreaming,0.1745,content
34249,805,0.1617,content
34264,ingen,0.1864,content
34268,altern,0.1764,content
34274,Ġnuns,0.1635,content
34278,ĠProtective,0.1569,content
34287,ĠSchwar,0.1791,content
34291,Ġlasers,0.1725,content
34297,Ġhybrids,0.1528,content
34299,ĠMILL,0.1668,content
34301,ĠGeek,0.1612,content
34303,ĠTimbers,0.1846,content
34318,doesn,0.2048,content
34322,372,0.1666,content
34335,develop,0.2276,content
34337,iability,0.1831,content
34350,backer,0.1621,content
34351,Ġanimosity,0.1994,content
34363,Ġkeyboards,0.1583,content
34368,iesel,0.1859,content
34370,currency,0.246,content
34375,today,0.2176,content
34379,ĠTransformers,0.1662,content
34381,reated,0.1776,content
34383,Ġgeographically,0.1623,content
34397,Ġlaure,0.154,content
34401,363,0.1516,content
34410,popular,0.1862,content
34413,avement,0.1886,content
34424,ĠLIFE,0.1583,content
34426,rolog,0.1785,content
34430,Ġexiled,0.1612,content
34432,udging,0.1848,content
34442,Ġradios,0.1577,content
34444,Ġfacilitates,0.1784,content
34454,Ġ336,0.1523,content
34458,Ġcultivating,0.1569,content
34460,Ġwasteful,0.1504,content
34467,Ġlegislatures,0.1973,content
34468,regnancy,0.1973,content
34470,Ġinterns,0.1546,content
34471,Ġundertook,0.1593,content
34473,ĠInstall,0.1517,content
34475,washer,0.173,content
34482,LED,0.1866,content
34484,ousel,0.1508,content
34490,481,0.1707,content
34496,Ġinhibitor,0.1769,content
34503,ĠVOL,0.1568,content
34505,Ġcrusade,0.1505,content
34511,inx,0.1563,content
34516,evaluate,0.2199,content
34521,TN,0.1665,content
34522,ĠPercentage,0.2042,content
34532,forces,0.1873,content
34540,ĠTOUR,0.1961,content
34551,native,0.1758,content
34556,Ġawkwardly,0.1501,content
34562,ĠPione,0.1716,content
34563,Ġoffend,0.1686,content
34566,ĠBuildings,0.1664,content
34569,Ġfirmware,0.1803,content
34572,ĠComputing,0.2322,content
34577,Ġrestaur,0.1688,content
34581,ften,0.178,content
34586,Ġmeticulously,0.1548,content
34596,Ġinhibitors,0.1955,content
34599,imar,0.156,content
34604,Ġinterven,0.1515,content
34608,ĠManz,0.1617,content
34609,format,0.1747,content
34612,uder,0.155,content
34614,Ġdisturbances,0.1589,content
34630,cit,0.1698,content
34632,exist,0.1728,content
34635,discrimination,0.2347,content
34646,lude,0.1705,content
34649,Ġobserves,0.1516,content
34651,Ġbrewer,0.1601,content
34654,multiple,0.1959,content
34658,medi,0.1673,content
34659,available,0.1723,content
34663,mostly,0.1584,content
34671,Ġcanyon,0.1592,content
34675,ĠSpend,0.1867,content
34693,tones,0.1659,content
34710,ĠComput,0.2317,content
34713,Ġgriev,0.15,content
34716,tten,0.166,content
34728,network,0.2054,content
34734,excluding,0.189,content
34738,aleb,0.1655,content
34739,flex,0.1605,content
34740,iped,0.1621,content
34742,allowed,0.1912,content
34746,conduct,0.1808,content
34749,ĠEminem,0.1566,content
34754,ĠKodi,0.1513,content
34755,unique,0.1994,content
34757,Michigan,0.1533,content
34762,ĠHait,0.1602,content
34765,ĠHemisphere,0.1552,content
34768,opol,0.1581,content
34770,cession,0.1685,content
34775,illation,0.2064,content
34791,ALD,0.1853,content
34793,ĠIdeally,0.1683,content
34795,730,0.1734,content
34805,ĠZheng,0.1625,content
34814,Ġratification,0.1522,content
34815,Ġprincipally,0.1666,content
34816,ELD,0.1723,content
34820,auri,0.183,content
34825,925,0.1665,content
34827,oat,0.1563,content
34845,starting,0.184,content
34846,parents,0.2175,content
34854,acca,0.1707,content
34859,ĠIndust,0.2158,content
34860,auld,0.1577,content
34861,ĠYiannopoulos,0.2075,content
34871,classified,0.1821,content
34873,Ġmistrust,0.1705,content
34874,ONT,0.1768,content
34878,ĠTwain,0.1736,content
34884,Ġchildbirth,0.1716,content
34895,ĠReduction,0.1742,content
34898,ĠAnimation,0.1647,content
34899,Luke,0.1505,content
34901,Ġdevise,0.1566,content
34905,Ġfracturing,0.1653,content
34909,inducing,0.2222,content
34916,457,0.1594,content
34924,kinson,0.1808,content
34925,robe,0.1538,content
34929,jew,0.1638,content
34933,ĠBarrier,0.1821,content
34938,ĠJudging,0.1741,content
34945,ĠTECH,0.5017,content
34947,Ġglued,0.1548,content
34950,Ġderegulation,0.1713,content
34963,imedia,0.1966,content
34969,Utah,0.162,content
34972,2004,0.1586,content
34978,viously,0.1557,content
34993,706,0.1502,content
35001,batch,0.1931,content
35006,Ġproble,0.1727,content
35009,ĠSaying,0.173,content
35010,ĠKling,0.1558,content
35012,ivist,0.1689,content
35014,Ġ2500,0.1536,content
35015,Ġ263,0.1592,content
35018,ĠCompensation,0.1807,content
35024,vasive,0.1956,content
35029,Ġholog,0.1545,content
35031,crit,0.1623,content
35037,ĠShots,0.1789,content
35046,ighed,0.1598,content
35056,icient,0.1694,content
35061,770,0.1503,content
35070,ĠJian,0.1812,content
35077,inators,0.1958,content
35080,role,0.1688,content
35087,ovation,0.2289,content
35099,Ġhysteria,0.1866,content
35103,tags,0.2081,content
35115,970,0.1757,content
35128,mable,0.1662,content
35129,Residents,0.1542,content
35131,Ġprecincts,0.1558,content
35143,itives,0.1855,content
35144,Ġdefinitively,0.1547,content
35148,Ġblindness,0.1521,content
35153,2003,0.1532,content
35157,xia,0.1866,content
35163,Film,0.1539,content
35174,protect,0.2003,content
35178,382,0.167,content
35182,Ġsincerity,0.1666,content
35185,ownt,0.1963,content
35192,players,0.2111,content
35196,Philipp,0.157,content
35199,Ġbefriend,0.1515,content
35205,YA,0.1782,content
35207,adows,0.1633,content
35210,cean,0.1696,content
35216,Ġtitanium,0.1506,content
35223,ulus,0.1546,content
35228,micro,0.189,content
35231,ocular,0.1765,content
35240,ĠDeL,0.1512,content
35245,Ġtrillions,0.1556,content
35246,voy,0.1855,content
35249,cue,0.1961,content
35267,Ġantidote,0.1517,content
35269,810,0.1577,content
35271,ĠSUPPORT,0.1684,content
35272,Chance,0.1534,content
35273,bent,0.1602,content
35276,ifled,0.1845,content
35277,Ġarte,0.1697,content
35278,705,0.1627,content
35279,Ġcondol,0.1641,content
35282,Ġprojector,0.1593,content
35286,ĠSchwarz,0.1527,content
35287,Oregon,0.1654,content
35288,Ġridicule,0.1683,content
35300,655,0.1556,content
35309,Ġenzymes,0.1718,content
35329,ĠAPIs,0.16,content
35336,tele,0.1921,content
35338,ĠGarmin,0.1732,content
35340,351,0.1551,content
35347,"!'""",0.1791,content
35352,rawled,0.1644,content
35354,ensor,0.1536,content
35356,quick,0.1538,content
35365,Ġstarved,0.1559,content
35366,ĠPrinting,0.1739,content
35368,ĠTracker,0.1699,content
35373,ilian,0.1676,content
35377,Ġhect,0.1844,content
35384,Ġfrontrunner,0.1569,content
35392,asant,0.1706,content
35399,enforcement,0.2374,content
35403,ĠTypes,0.1674,content
35413,irled,0.2065,content
35426,Ġdissemination,0.1713,content
35431,stration,0.1791,content
35435,function,0.1559,content
35440,ĠAOL,0.1892,content
35447,Ġdivor,0.1652,content
35449,allas,0.1837,content
35452,ĠGeh,0.1642,content
35460,Microsoft,0.212,content
35463,ĠContrary,0.2035,content
35467,lear,0.2046,content
35470,bd,0.1529,content
35474,motion,0.1863,content
35482,Ġridiculed,0.1983,content
35486,uggets,0.1971,content
35487,Ġfrantically,0.1687,content
35491,Afee,0.2,content
35498,ĠSignificant,0.174,content
35511,454,0.1621,content
35513,sequently,0.18,content
35519,Ġblatantly,0.1532,content
35521,ilated,0.1806,content
35531,exempt,0.2088,content
35532,Ġmicrophones,0.1717,content
35533,Ġ244,0.1572,content
35543,outine,0.1636,content
35544,552,0.1533,content
35546,gged,0.1571,content
35547,.ï¿½,0.1973,content
35550,Ġdissidents,0.1645,content
35551,ĠKaine,0.199,content
35560,Ġtechnologically,0.4609,content
35568,Terror,0.2111,content
35569,ciplinary,0.1975,content
35570,ĠImproved,0.1872,content
35571,hesis,0.1868,content
35573,elsen,0.166,content
35574,Ġguerrilla,0.151,content
35576,ATURE,0.1895,content
35582,edged,0.1951,content
35593,draft,0.1828,content
35599,ennett,0.2023,content
35608,nav,0.1935,content
35609,aughter,0.1869,content
35626,olation,0.1783,content
35627,Ġclerics,0.1687,content
35630,Ġetiquette,0.1855,content
35631,Ġdeterrence,0.1769,content
35644,ĠMechanical,0.1901,content
35655,Japanese,0.15,content
35659,Ġjarring,0.1618,content
35683,ĠGER,0.1612,content
35692,optim,0.1926,content
35696,Ġdepri,0.1509,content
35698,Ġwaitress,0.1713,content
35700,arrass,0.1768,content
35701,ikawa,0.1713,content
35704,fourth,0.19,content
35705,394,0.1656,content
35707,VT,0.1754,content
35710,Ġharsher,0.16,content
35712,ĠImpl,0.1543,content
35715,ĠPrepare,0.1729,content
35720,ĠPatent,0.1808,content
35750,quiet,0.1888,content
35751,Ġwealthier,0.1751,content
35758,uttered,0.1575,content
35761,474,0.1507,content
35762,Ġvitality,0.156,content
35763,blank,0.1654,content
35764,ĠLeth,0.1511,content
35771,Ġstrongh,0.1587,content
35772,ĠTube,0.1637,content
35773,Ġwoodland,0.18,content
35780,igning,0.1543,content
35800,opens,0.187,content
35806,ĠMeal,0.1611,content
35813,ensual,0.1871,content
35815,Ġapprehend,0.17,content
35817,strate,0.1703,content
35834,Ġscanners,0.1884,content
35837,Ġtweaking,0.1534,content
35840,iscovered,0.1887,content
35845,endants,0.1943,content
35853,utor,0.1525,content
35858,Ġdeprive,0.1912,content
35859,riage,0.1694,content
35864,radical,0.208,content
35868,745,0.1682,content
35869,ĠRegistrar,0.1763,content
35881,Nev,0.162,content
35885,opher,0.1649,content
35889,kun,0.15,content
35897,Ġproficiency,0.1624,content
35900,ĠDATA,0.212,content
35904,Ġpathogens,0.202,content
35913,ĠRhod,0.1508,content
35914,Ġfeces,0.1898,content
35918,OPER,0.165,content
35926,ittance,0.203,content
35931,Ġrestricts,0.1634,content
35932,Samsung,0.2302,content
35933,Ġplantations,0.173,content
35934,olver,0.1621,content
35936,ĠExplos,0.1894,content
35941,othermal,0.1784,content
35954,umers,0.1871,content
35956,Ġunorthodox,0.1508,content
35958,Ġintrusive,0.1611,content
35964,ĠAmend,0.1921,content
35967,ĠStartup,0.2063,content
35982,perhaps,0.1812,content
35992,458,0.1526,content
36002,urdy,0.1659,content
36006,unctions,0.1961,content
36013,Ġsecondly,0.1546,content
36018,venants,0.1983,content
36021,Ġexcruciating,0.1535,content
36024,ieved,0.1802,content
36030,Mbps,0.1913,content
36040,rived,0.1672,content
36041,ocative,0.1919,content
36051,phot,0.2188,content
36056,focus,0.1972,content
36058,grow,0.1531,content
36063,Ġscissors,0.1541,content
36067,Ġnudity,0.1668,content
36078,eyes,0.1699,content
36079,870,0.1509,content
36085,kj,0.1755,content
36097,width,0.1754,content
36107,zac,0.1716,content
36116,Ġgimmick,0.1611,content
36120,488,0.1528,content
36122,Ġenlight,0.15,content
36127,ĠWasserman,0.1969,content
36130,Ġdystopian,0.1818,content
36131,504,0.1585,content
36133,Ġsilhou,0.1552,content
36135,ĠGong,0.1625,content
36137,????????,0.1859,content
36140,leted,0.1627,content
36141,Ġattrition,0.1785,content
36143,ĠKilled,0.1647,content
36145,ONES,0.1815,content
36147,Ġglyphosate,0.1797,content
36150,Fla,0.1907,content
36162,ĠCoconut,0.1543,content
36169,YouTube,0.1624,content
36171,Ġlonging,0.1528,content
36184,Ġsuperpower,0.1814,content
36187,easy,0.1522,content
36190,Ġcumbersome,0.1517,content
36191,Ġcollide,0.1674,content
36193,Ġtransports,0.1588,content
36197,mentation,0.1769,content
36205,Ġ337,0.164,content
36207,Ġdecad,0.1633,content
36215,iggins,0.1657,content
36226,Ġoptimizing,0.1645,content
36229,rowth,0.2141,content
36232,indu,0.1722,content
36237,vice,0.1825,content
36240,ococ,0.1728,content
36244,itably,0.1761,content
36253,ĠTTC,0.1602,content
36254,Ġadditives,0.178,content
36257,Ġfoliage,0.1616,content
36258,ateral,0.1702,content
36262,thening,0.1945,content
36265,ĠOkinawa,0.1505,content
36270,aterial,0.2099,content
36272,Ġengulf,0.1506,content
36274,frequency,0.2252,content
36275,relations,0.2428,content
36278,Ġanew,0.1551,content
36291,ectomy,0.1548,content
36296,ISION,0.1973,content
36299,prot,0.1644,content
36300,Ġ6000,0.1604,content
36311,Ġdispel,0.1769,content
36314,Ġstigmat,0.1613,content
36315,ĠDalai,0.1619,content
36316,Ġequate,0.1682,content
36317,Ġmascara,0.1558,content
36321,rians,0.1799,content
36322,ĠOlympus,0.1517,content
36327,computer,0.3084,content
36333,Ġtyranny,0.1751,content
36344,ĠSuc,0.1603,content
36347,Ġaback,0.1702,content
36348,Â¨,0.1874,content
36350,392,0.1559,content
36352,ĠPROC,0.1739,content
36359,atern,0.1694,content
36364,Ġconceive,0.1744,content
36367,ĠTEXT,0.2128,content
36380,.?,0.1589,content
36381,sounding,0.2259,content
36382,mediately,0.1805,content
36383,System,0.174,content
36385,Ġuttered,0.1583,content
36390,Ġhopping,0.1537,content
36400,669,0.1597,content
36411,laughs,0.2062,content
36413,ĠVoc,0.1646,content
36422,ĠContents,0.1651,content
36427,repair,0.2412,content
36430,Ġconquered,0.1555,content
36432,Ġmalf,0.1571,content
36437,ĠOuts,0.1537,content
36448,Ġmisconception,0.1731,content
36449,Ġbombardment,0.1698,content
36454,etically,0.1584,content
36458,Rail,0.1671,content
36461,Ġrpm,0.1767,content
36462,Ġalienated,0.1732,content
36467,-+-+-+-+,0.2127,content
36472,Ġcoerced,0.164,content
36476,549,0.1532,content
36490,ĠSeen,0.1654,content
36497,IFIC,0.1895,content
36498,Ġexponential,0.1532,content
36508,isol,0.1556,content
36509,940,0.1749,content
36519,itcher,0.1813,content
36524,ĠAad,0.1597,content
36527,ĠCertification,0.1666,content
36532,ĠAppl,0.1761,content
36533,iris,0.1548,content
36540,ĠAvailability,0.1712,content
36544,ĠQuartz,0.1551,content
36548,MIT,0.1928,content
36549,ĠTracking,0.1789,content
36558,OWS,0.1816,content
36559,1500,0.172,content
36564,unity,0.167,content
36572,ĠWired,0.1924,content
36573,cuts,0.1615,content
36575,ĠTOTAL,0.1602,content
36588,timer,0.1966,content
36591,pressed,0.1876,content
36595,TING,0.1777,content
36602,Ġpropulsion,0.219,content
36604,ĠTrails,0.1616,content
36607,Ġvividly,0.1655,content
36609,eatured,0.1993,content
36628,ĠConce,0.1529,content
36633,afia,0.1726,content
36634,ĠTemperature,0.2109,content
36644,cour,0.1752,content
36649,iago,0.1932,content
36651,iddling,0.2015,content
36660,ĠScully,0.1626,content
36662,VIDEO,0.1531,content
36666,youtube,0.1903,content
36681,899,0.1531,content
36687,ĠWee,0.152,content
36690,gger,0.156,content
36692,imilar,0.1698,content
36694,Ġinfertility,0.1664,content
36708,Ġtestimonies,0.158,content
36720,452,0.1672,content
36726,Ġoverheard,0.1539,content
36727,technical,0.3751,content
36732,ĠWarrant,0.1734,content
36738,Ġ------,0.239,content
36739,material,0.2262,content
36747,antry,0.1915,content
36751,545,0.1548,content
36755,Ġadoptive,0.1526,content
36777,umatic,0.1687,content
36780,Ġmisconceptions,0.1648,content
36796,otos,0.1561,content
36797,respond,0.1713,content
36803,Ġ276,0.1726,content
36809,Ġdiscredited,0.1854,content
36814,708,0.1678,content
36815,Ġdoi,0.1773,content
36816,Ġdecentral,0.1595,content
36818,printed,0.1999,content
36828,imony,0.1793,content
36836,ĠProvide,0.1886,content
36841,Ġinjure,0.1764,content
36852,ustration,0.192,content
36860,451,0.1546,content
36862,etchup,0.192,content
36865,Ġperfected,0.1792,content
36869,Ġantioxidants,0.1939,content
36871,Ġ326,0.1537,content
36878,suits,0.1897,content
36879,ĠControls,0.1886,content
36881,Ġcowardly,0.1613,content
36895,despite,0.2066,content
36896,cry,0.1704,content
36903,Ġunwillingness,0.1706,content
36904,engineering,0.3407,content
36905,avored,0.1877,content
36909,ĠMerchants,0.1758,content
36916,uther,0.1596,content
36926,Indust,0.1796,content
36935,ymph,0.1995,content
36939,Ġmisinterpret,0.1585,content
36940,vc,0.1592,content
36946,mittedly,0.1753,content
36957,ĠVIS,0.1506,content
36959,Ġdetects,0.1723,content
36967,aligned,0.2054,content
36972,Ġbiomark,0.1985,content
36973,Ġerroneous,0.1683,content
36985,Ġtricked,0.1551,content
36988,ĠGeForce,0.1587,content
36995,RET,0.1539,content
36997,ĠNewt,0.1577,content
36999,696,0.1598,content
37001,tk,0.1785,content
37013,cessive,0.1757,content
37026,Ġremission,0.1536,content
37030,Ġuncanny,0.1552,content
37031,Ġteaspoons,0.1924,content
37037,ĠGHz,0.1648,content
37042,Ġimplanted,0.1686,content
37043,RON,0.1746,content
37047,Ġgoggles,0.1685,content
37055,appiness,0.2259,content
37064,Ġunbelievably,0.1534,content
37065,abytes,0.1957,content
37067,Ġ444,0.1644,content
37068,ĠOffic,0.1591,content
37073,758,0.1785,content
37079,urrency,0.1974,content
37080,ĠCortana,0.1897,content
37087,Ġacutely,0.1622,content
37089,ĠAffect,0.1715,content
37099,ĠHeight,0.1614,content
37114,004,0.1532,content
37115,ionic,0.1816,content
37116,Ġservings,0.1713,content
37123,brace,0.1701,content
37124,riter,0.1764,content
37140,region,0.204,content
37146,Ġjealousy,0.15,content
37147,Ġingenuity,0.2332,content
37152,dim,0.1841,content
37157,911,0.1519,content
37161,Ġnifty,0.1575,content
37166,ĠDestination,0.1649,content
37168,Ġprolifer,0.157,content
37180,everyone,0.1961,content
37181,ĠPoles,0.1518,content
37187,Ġmanure,0.1692,content
37189,pletion,0.19,content
37191,Ġ279,0.1675,content
37192,Ġfrivolous,0.1646,content
37202,486,0.1694,content
37203,antom,0.2005,content
37205,aintain,0.1693,content
37207,Ġ318,0.1546,content
37224,Ġglitches,0.1754,content
37227,ĠDrone,0.1876,content
37231,agons,0.1692,content
37235,romising,0.1822,content
37241,smanship,0.1978,content
37243,digy,0.1713,content
37258,etition,0.1689,content
37267,Ġdeceive,0.1564,content
37274,ĠLEDs,0.1786,content
37275,ĠCOMMUN,0.1616,content
37279,ĠKNOW,0.1623,content
37284,Soviet,0.1963,content
37285,reporting,0.2293,content
37287,pract,0.2033,content
37290,ievers,0.1797,content
37292,ousand,0.1996,content
37293,768,0.157,content
37299,Ġ292,0.1772,content
37307,Ġinteroper,0.1825,content
37310,itia,0.1535,content
37311,Ġ504,0.1609,content
37312,Ġbuttocks,0.1868,content
37321,phen,0.172,content
37324,Ġdwellings,0.186,content
37327,RAY,0.1761,content
37329,Ġ625,0.1679,content
37343,introdu,0.2333,content
37346,creen,0.1729,content
37348,starter,0.1611,content
37356,ype,0.1507,content
37361,ĠExamination,0.1804,content
37362,improve,0.229,content
37363,Ġdeclass,0.165,content
37368,abling,0.1759,content
37373,density,0.2108,content
37381,461,0.1603,content
37413,804,0.1697,content
37414,ithering,0.191,content
37417,Ġvitri,0.191,content
37420,OWER,0.1885,content
37421,Ġ{*,0.1791,content
37438,atial,0.1803,content
37444,waukee,0.1625,content
37448,ellig,0.1665,content
37449,Ġwarheads,0.1931,content
37451,verified,0.2118,content
37453,785,0.1545,content
37456,ĠSkill,0.158,content
37462,adequ,0.1783,content
37465,ificial,0.1928,content
37466,pred,0.1663,content
37471,itect,0.1814,content
37484,urion,0.1854,content
37489,protection,0.2552,content
37494,Ġ377,0.152,content
37519,cong,0.1741,content
37524,012,0.1503,content
37525,geons,0.1958,content
37529,itures,0.2038,content
37533,ĠAbility,0.1809,content
37534,579,0.1543,content
37536,locks,0.1532,content
37540,Ġshrouded,0.1649,content
37548,Ġsurg,0.1539,content
37549,Nap,0.1616,content
37550,ĠAerial,0.1708,content
37551,iferation,0.2563,content
37555,environment,0.255,content
37556,machine,0.2304,content
37558,treatment,0.2587,content
37560,Ġinfiltrate,0.1505,content
37562,Uber,0.2006,content
37566,tein,0.2128,content
37574,Ġreceptors,0.1536,content
37575,Ġflashlight,0.1546,content
37576,Ġinhuman,0.1571,content
37578,Ġpuzzling,0.1502,content
37579,Ġrouters,0.1727,content
37583,ĠTablet,0.1676,content
37584,Ġbolted,0.1518,content
37585,Ġpermissible,0.1527,content
37587,picture,0.2166,content
37588,ODY,0.1541,content
37596,alysed,0.1956,content
37597,infect,0.1776,content
37601,ictive,0.1909,content
37604,ĠCODE,0.1765,content
37605,ĠModified,0.1667,content
37623,erek,0.1633,content
37628,678,0.174,content
37629,ipple,0.1775,content
37637,"},""",0.1556,content
37638,Ġprogrammers,0.1782,content
37639,Ġgeometry,0.1871,content
37651,Ġdisobedience,0.1708,content
37652,creator,0.2004,content
37659,protected,0.2048,content
37661,medium,0.206,content
37671,ĠNEO,0.1588,content
37677,ĠMedian,0.1856,content
37678,Ġevaluates,0.1717,content
37682,ilant,0.1742,content
37683,TERN,0.1661,content
37686,athering,0.1899,content
37691,ĠEverywhere,0.1528,content
37693,ystem,0.195,content
37696,allion,0.1646,content
37698,Ġuploading,0.1676,content
37709,Ġcirculate,0.1676,content
37715,rael,0.1733,content
37716,urus,0.1856,content
37721,Ġmisunderstand,0.1648,content
37728,Ġdeducted,0.1545,content
37736,438,0.1513,content
37738,ĠNBN,0.1776,content
37746,marine,0.1791,content
37747,Ġstartled,0.1532,content
37748,6000,0.15,content
37752,express,0.1818,content
37753,Ġ601,0.1523,content
37754,hent,0.1645,content
37757,launch,0.2214,content
37768,Ġproclaiming,0.1846,content
37792,Ġconglomer,0.1678,content
37798,necessary,0.2131,content
37805,ĠGaal,0.2084,content
37808,destruct,0.2054,content
37811,Ġ332,0.1514,content
37813,Ġprotagonists,0.1681,content
37819,Ġmunitions,0.1747,content
37820,Ġcontradicts,0.1707,content
37821,684,0.1639,content
37831,ilus,0.1659,content
37834,viol,0.187,content
37837,aito,0.1689,content
37841,Ġpaternity,0.1596,content
37846,ophysical,0.1859,content
37847,Ġconclusive,0.1675,content
37851,ĠStout,0.1591,content
37856,atorium,0.1762,content
37858,Ġinfiltrated,0.1508,content
37861,inders,0.1646,content
37865,izzle,0.1717,content
37866,Ġ780,0.1664,content
37868,Ġrepressive,0.1554,content
37874,packing,0.169,content
37881,ĠFully,0.1554,content
37888,Ġrooft,0.1574,content
37890,Ġdismissive,0.1776,content
37892,009,0.1567,content
37897,enery,0.1672,content
37901,714,0.1543,content
37910,ĠPowered,0.1891,content
37917,ĠRelationship,0.1898,content
37925,Ġrabbi,0.1973,content
37931,ilantro,0.2229,content
37933,Ġfungus,0.1619,content
37935,anasia,0.2004,content
37936,ĠCruiser,0.1896,content
37938,cision,0.201,content
37939,measures,0.2264,content
37948,ackle,0.171,content
37954,ĠDive,0.1501,content
37962,MENTS,0.1855,content
37979,ĠSurv,0.1668,content
37983,Ġnanop,0.2087,content
37984,allows,0.2206,content
37985,UTH,0.1662,content
37989,Ġtransmissions,0.1764,content
37993,ĠBeasts,0.176,content
37995,ĠClouds,0.1743,content
38008,ĠMeier,0.1668,content
38010,benefit,0.2367,content
38013,ĠCance,0.1717,content
38014,586,0.1546,content
38024,uctions,0.1822,content
38025,Ġbarbaric,0.181,content
38026,rahim,0.191,content
38030,ossession,0.2096,content
38035,ountain,0.17,content
38039,rity,0.1787,content
38041,plets,0.1778,content
38042,ppelin,0.2029,content
38053,ĠReduce,0.1982,content
38054,OLOG,0.1966,content
38055,onel,0.1656,content
38064,Ġterrit,0.1839,content
38068,liction,0.2033,content
38075,628,0.1847,content
38077,ĠKGB,0.1541,content
38081,idium,0.1752,content
38082,Ġseeker,0.1568,content
38088,Ġverifying,0.1597,content
38091,ĠDetection,0.2113,content
38094,ĠISPs,0.1644,content
38099,export,0.2014,content
38106,deck,0.1669,content
38111,revolution,0.2413,content
38118,ARB,0.1795,content
38120,IVES,0.1783,content
38124,ĠCostume,0.182,content
38128,berto,0.171,content
38130,VPN,0.1761,content
38132,ĠVerb,0.16,content
38133,cb,0.1621,content
38135,Ġsandwic,0.1596,content
38137,ĠThermal,0.1875,content
38141,ĠEnsure,0.1893,content
38154,ĠVader,0.1543,content
38159,GREEN,0.1715,content
38161,4000,0.1808,content
38163,Ġcomputational,0.2139,content
38164,Ġperpetuate,0.1698,content
38170,essment,0.1984,content
38177,mess,0.1667,content
38185,ĠRadeon,0.1777,content
38194,Ġilluminate,0.1619,content
38198,alker,0.1615,content
38200,IELD,0.2015,content
38205,ĠControlled,0.1757,content
38212,ĠSpecifications,0.2054,content
38215,ulas,0.177,content
38222,612,0.1625,content
38226,Ġabol,0.1632,content
38228,Ġvisualization,0.1525,content
38229,learn,0.1533,content
38233,Ġwaiter,0.1515,content
38237,YD,0.1929,content
38239,Sense,0.1528,content
38245,Ġpersuasive,0.1508,content
38247,ONEY,0.2029,content
38249,494,0.1846,content
38256,Ġdraconian,0.1742,content
38258,asions,0.1739,content
38262,Ġtwilight,0.1546,content
38273,ĠLegislation,0.231,content
38278,ĠDesigns,0.17,content
38282,aviour,0.2017,content
38290,olyn,0.1858,content
38298,ollar,0.1618,content
38300,UTE,0.1512,content
38305,Ġ525,0.1655,content
38306,azard,0.1662,content
38307,ĠBrist,0.1588,content
38310,jing,0.1654,content
38315,anol,0.1534,content
38319,ĠOsw,0.1637,content
38321,typ,0.1819,content
38327,idespread,0.2026,content
38331,matched,0.1918,content
38333,MHz,0.1718,content
38335,ĠHume,0.1514,content
38338,secut,0.181,content
38339,ĠDied,0.1566,content
38342,prison,0.2006,content
38345,isitions,0.185,content
38347,exclusive,0.1923,content
38348,522,0.1506,content
38350,FN,0.1676,content
38351,Ġener,0.1522,content
38356,needs,0.2014,content
38358,inoa,0.2225,content
38361,ighters,0.1569,content
38362,Ġ271,0.1637,content
38365,ĠGlow,0.1503,content
38370,ĠApproach,0.1674,content
38372,bart,0.1625,content
38375,effects,0.2341,content
38388,rentice,0.1899,content
38389,UGH,0.1819,content
38390,Ġdarkened,0.1521,content
38395,poses,0.1687,content
38400,ĠLiang,0.1862,content
38403,Ġpistols,0.1544,content
38406,ratch,0.1583,content
38407,cephal,0.1837,content
38409,Ġphotograp,0.172,content
38413,652,0.169,content
38415,Ġ274,0.1903,content
38419,Ø©,0.1598,content
38421,THER,0.19,content
38426,Ġende,0.1808,content
38433,Ġ8000,0.179,content
38438,ĠVoyager,0.1667,content
38440,528,0.1747,content
38442,Ġdetract,0.1526,content
38454,intensity,0.2247,content
38456,Ġ414,0.1503,content
38476,igrate,0.1972,content
38484,ailable,0.1949,content
38485,Ġ293,0.1544,content
38490,ĠDirections,0.1608,content
38491,Ġadolescence,0.1979,content
38492,Ġpenetrated,0.1519,content
38498,concept,0.2592,content
38501,currently,0.1916,content
38502,Ġ----------------,0.2064,content
38503,ĠWHITE,0.1749,content
38505,rors,0.1917,content
38509,Ġdisapprove,0.1715,content
38511,ĠWeed,0.1538,content
38519,Ġtotalitarian,0.2037,content
38526,ĠSyd,0.1702,content
38536,Ġwiser,0.1504,content
38545,acements,0.202,content
38547,results,0.2358,content
38553,Ġintraven,0.167,content
38557,client,0.1697,content
38564,orously,0.1679,content
38573,Ġantim,0.1531,content
38575,monitor,0.2052,content
38587,ETF,0.1843,content
38590,718,0.1806,content
38591,ivation,0.1607,content
38598,Ġoccup,0.1509,content
38599,Ġ334,0.1608,content
38600,antically,0.1888,content
38601,584,0.1678,content
38606,imag,0.194,content
38608,freedom,0.2203,content
38612,RIPT,0.2155,content
38614,BTC,0.1902,content
38615,atmeal,0.2064,content
38617,agogue,0.1904,content
38630,elines,0.1649,content
38636,ctors,0.1712,content
38639,vity,0.1837,content
38641,effic,0.2011,content
38645,oustic,0.176,content
38651,Ġinsepar,0.1543,content
38658,Ġmechan,0.1846,content
38659,ĠRobots,0.2331,content
38661,Ġcartridges,0.1704,content
38662,Ġwhistleblowers,0.1736,content
38665,unction,0.1803,content
38670,Ġjustifying,0.1502,content
38672,Victoria,0.161,content
38673,ĠProceedings,0.1808,content
38678,ECA,0.1653,content
38687,atherine,0.174,content
38694,Ġconco,0.1519,content
38699,ĠJace,0.1529,content
38704,itone,0.1719,content
38714,548,0.1737,content
38715,674,0.1734,content
38726,Ġthroats,0.1659,content
38728,herer,0.166,content
38730,ixtures,0.1898,content
38731,impl,0.1701,content
38736,ĠBlend,0.177,content
38739,Ġpornographic,0.1762,content
38742,Ġfluoride,0.1753,content
38743,Ġatroc,0.1569,content
38746,ossier,0.1897,content
38749,551,0.1568,content
38750,undred,0.1919,content
38751,Ġmillennium,0.159,content
38753,Ġconvinc,0.1517,content
38754,cano,0.1509,content
38759,779,0.1685,content
38762,ĠmL,0.1787,content
38770,679,0.1585,content
38772,ĠALE,0.1818,content
38774,crew,0.1753,content
38779,Ġmisfortune,0.1692,content
38792,LER,0.1642,content
38803,524,0.1827,content
38811,Ġbitcoins,0.2059,content
38818,Ġrejoice,0.1616,content
38820,LG,0.1503,content
38835,definition,0.225,content
38836,Ġappendix,0.1571,content
38838,associated,0.1693,content
38844,________________________,0.1766,content
38852,492,0.1629,content
38863,GD,0.1561,content
38871,derived,0.2059,content
38872,ĠOFFIC,0.1535,content
38875,Ġexaggeration,0.1603,content
38876,Ġevangelicals,0.1853,content
38883,irlfriend,0.157,content
38886,747,0.1648,content
38890,Ġdegrade,0.1937,content
38894,ĠIntervention,0.168,content
38896,Ġ284,0.1669,content
38899,ĠMillenn,0.1643,content
38900,511,0.15,content
38904,leon,0.1714,content
38908,instead,0.1705,content
38910,Ġenigmatic,0.1697,content
38911,594,0.1724,content
38913,rollment,0.1976,content
38914,ipher,0.1537,content
38918,Ġdegraded,0.1552,content
38922,functional,0.2084,content
38929,ĠWWF,0.1582,content
38930,Ġ364,0.158,content
38932,Wisconsin,0.173,content
38935,ibilities,0.2124,content
38936,malink,0.1633,content
38940,Ġdisadvantages,0.1545,content
38942,limits,0.2319,content
38943,ĠDmit,0.1683,content
38945,ĠRecipe,0.1876,content
38948,ĠPRODUCT,0.1834,content
38952,Ġresurrected,0.1583,content
38953,uders,0.1744,content
38961,Ġcontemporaries,0.1863,content
38966,Ġelectromagnetic,0.1643,content
38968,alien,0.1758,content
38969,indle,0.1703,content
38970,Ġgraphene,0.2135,content
38973,ĠBosh,0.154,content
38976,Technology,0.7134,content
38977,Ġtoxin,0.2203,content
38979,essert,0.2026,content
38986,ĠNavigation,0.1505,content
38988,Ġprogrammer,0.1568,content
38989,oÄŁan,0.2115,content
38991,ĠLU,0.1544,content
38997,762,0.1709,content
39003,ĠTruly,0.1593,content
39007,TIME,0.1812,content
39010,ulnerable,0.1807,content
39014,icators,0.2213,content
39015,431,0.1588,content
39019,Ġfades,0.1553,content
39025,creation,0.2258,content
39027,ottenham,0.2198,content
39031,lp,0.1626,content
39034,ĠCET,0.1632,content
39035,session,0.2132,content
39042,ERG,0.1628,content
39046,ĠImplementation,0.1916,content
39050,Ġunexpl,0.1547,content
39055,759,0.1562,content
39058,"Ġ.""",0.1576,content
39068,Ġcontraceptive,0.1624,content
39071,676,0.1517,content
39073,approximately,0.2209,content
39076,ĠCPUs,0.1568,content
39081,ĠChips,0.1657,content
39082,makes,0.1824,content
39091,rimination,0.2048,content
39097,ĠGitHub,0.1719,content
39100,Krist,0.1518,content
39103,Ġ283,0.1668,content
39108,ĠTowards,0.1679,content
39112,eteen,0.2005,content
39123,583,0.1656,content
39135,ĠEQU,0.1545,content
39137,mberg,0.1824,content
39149,leasing,0.2016,content
39150,vacc,0.2318,content
39155,537,0.1818,content
39161,installed,0.2168,content
39165,layer,0.164,content
39169,restrial,0.1872,content
39170,ĠNiÃ±o,0.1873,content
39174,aeus,0.1657,content
39182,Companies,0.1738,content
39183,inence,0.2027,content
39184,Autom,0.2026,content
39185,Ġfearsome,0.1698,content
39190,572,0.1526,content
39192,iour,0.2057,content
39194,amera,0.2058,content
39195,Ġ475,0.1834,content
39202,Ġfuriously,0.1754,content
39211,ravis,0.1627,content
39219,coord,0.1756,content
39221,processing,0.2515,content
39224,wik,0.1526,content
39226,ĠUnable,0.1854,content
39232,Ġinventions,0.2853,content
39244,addock,0.154,content
39246,Ġmassacres,0.1592,content
39247,roo,0.1649,content
39255,cler,0.1836,content
39256,ilers,0.1765,content
39258,Travel,0.1689,content
39261,ATOR,0.1981,content
39263,581,0.178,content
39265,728,0.2023,content
39272,Ġindustrialized,0.2171,content
39274,ĠSECTION,0.1884,content
39283,oliath,0.1902,content
39285,Ġapocalyptic,0.1745,content
39303,Ġdrawbacks,0.1775,content
39304,ĠToxic,0.1517,content
39308,olated,0.1859,content
39311,692,0.1669,content
39320,ĠComponents,0.1776,content
39327,519,0.1843,content
39329,imbabwe,0.2073,content
39330,ĠReplacement,0.1897,content
39344,Ġ338,0.1581,content
39355,provided,0.1841,content
39363,assis,0.1844,content
39367,google,0.1666,content
39371,Ġmissionaries,0.1609,content
39373,748,0.1894,content
39374,rient,0.1512,content
39378,ĠBlessing,0.1561,content
39384,urous,0.1578,content
39388,according,0.1701,content
39410,Laughs,0.1984,content
39413,789,0.172,content
39415,ository,0.166,content
39416,uality,0.1904,content
39425,ACY,0.1742,content
39427,Ġsignifies,0.1737,content
39433,uctive,0.1759,content
39434,ĠFees,0.1771,content
39436,ĠInvestigator,0.1847,content
39440,803,0.167,content
39442,overty,0.2126,content
39444,REL,0.18,content
39452,qt,0.1594,content
39454,Ġdehuman,0.1857,content
39459,ectar,0.1993,content
39461,Ġpigment,0.155,content
39463,Ġyells,0.1764,content
39469,reenshot,0.1824,content
39470,picking,0.1846,content
39472,images,0.1903,content
39477,ULE,0.1811,content
39478,runs,0.1695,content
39480,ĠAsuka,0.1737,content
39490,irmation,0.1967,content
39494,entary,0.1931,content
39495,awareness,0.2317,content
39505,663,0.1703,content
39507,Ġ331,0.1586,content
39508,uron,0.1663,content
39510,reements,0.2026,content
39513,oult,0.1875,content
39519,arations,0.2112,content
39522,amide,0.1553,content
39527,Ġfulf,0.1723,content
39533,osity,0.1689,content
39538,ĠProgramming,0.1792,content
39550,-------------,0.1964,content
39551,oulos,0.2129,content
39556,Teen,0.1617,content
39557,Colorado,0.1659,content
39559,Ġangled,0.1549,content
39560,bolt,0.172,content
39563,thanks,0.1534,content
39566,dro,0.1506,content
39567,install,0.1826,content
39573,Ġshri,0.1503,content
39575,Ġ7000,0.1529,content
39581,Ġelicit,0.1675,content
39583,uitous,0.1671,content
39585,ĠPROT,0.1888,content
39599,Micro,0.1536,content
39606,orned,0.166,content
39607,figured,0.1962,content
39608,Ġlinguistic,0.1504,content
39610,ergus,0.1806,content
39612,ĠIntent,0.1785,content
39622,Ġdisingen,0.18,content
39625,Ġmalice,0.1769,content
39626,itutes,0.1824,content
39631,Modern,0.158,content
39653,Ġbalcon,0.1621,content
39668,Ġmirac,0.1631,content
39670,inately,0.182,content
39674,iddled,0.2087,content
39675,storage,0.2477,content
39684,ĠLiterally,0.1524,content
39686,aunder,0.1832,content
39693,Ġconfigure,0.1692,content
39694,Ġoverest,0.1608,content
39695,igenous,0.1766,content
39698,ĠMub,0.1641,content
39700,izards,0.1876,content
39704,Ġspiritually,0.1811,content
39706,Ġmodesty,0.1612,content
39707,butt,0.1783,content
39717,retch,0.1885,content
39729,Ġrenal,0.1522,content
39733,redict,0.1597,content
39737,ipment,0.2414,content
39738,752,0.1521,content
39743,ĠCASE,0.1619,content
39749,ubes,0.1808,content
39754,Ġunequiv,0.1711,content
39755,756,0.1575,content
39760,ĠZeal,0.1506,content
39761,avanaugh,0.192,content
39764,EGIN,0.1786,content
39781,Volume,0.1631,content
39782,aptop,0.202,content
39784,azor,0.177,content
39788,compan,0.2167,content
39790,GES,0.1706,content
39794,Ġ385,0.1586,content
39796,AFTA,0.1868,content
39797,Ġbacter,0.1667,content
39798,availability,0.2426,content
39799,Ġhairc,0.1542,content
39801,rypt,0.1609,content
39810,MX,0.1737,content
39812,ĠSharia,0.1669,content
39813,ĠWeapon,0.165,content
39814,ĠPowerPoint,0.1562,content
39818,ulic,0.1703,content
39823,ĠSubcommittee,0.1586,content
39829,ĠModerate,0.1566,content
39830,clusively,0.1777,content
39837,flash,0.1676,content
39838,ĠDeploy,0.1952,content
39841,Ġdistort,0.1706,content
39848,ĠEfficiency,0.1973,content
39853,ĠMAKE,0.1696,content
39855,ĠRuns,0.1828,content
39856,ĠUX,0.1524,content
39857,EED,0.1805,content
39859,ionics,0.2777,content
39860,worldly,0.1613,content
39864,523,0.1658,content
39865,Ġbiod,0.1566,content
39867,ceivable,0.1988,content
39869,ATIVE,0.1742,content
39876,assadors,0.2073,content
39878,reflect,0.2289,content
39880,iphany,0.1974,content
39881,Ġspaceship,0.1926,content
39886,Ġinserting,0.1542,content
39890,ossibly,0.1654,content
39896,Ġlawfully,0.1564,content
39903,Ġfermented,0.176,content
39906,Ġcommunicates,0.1648,content
39908,ĠTray,0.1641,content
39915,mix,0.1624,content
39918,952,0.1584,content
39919,Ġovere,0.1507,content
39922,ĠSERVICES,0.2022,content
39927,bris,0.1852,content
39935,Ġ356,0.1501,content
39939,nets,0.1748,content
39941,essee,0.1766,content
39949,orld,0.1937,content
39957,Ġpromulg,0.1619,content
39959,Ġunderest,0.1635,content
39960,ĠAppropri,0.1604,content
39963,Wallet,0.1713,content
39964,idently,0.2016,content
39967,abyte,0.1821,content
39971,Tesla,0.2658,content
39994,geist,0.175,content
39997,VG,0.1747,content
39999,Ġinteracts,0.1669,content
40005,Ġcompan,0.1823,content
40007,ĠBOX,0.1711,content
40010,grading,0.1848,content
40011,PET,0.1642,content
40013,ĠFranch,0.1711,content
40019,anguard,0.1828,content
40021,"?"",",0.1569,content
40029,Ġlighthouse,0.1562,content
40030,Ġ291,0.1509,content
40032,ĠExposure,0.1531,content
40035,arbon,0.204,content
40047,Ġcatast,0.1534,content
40062,Ġcripp,0.1635,content
40071,ĠLibraries,0.1671,content
40078,Ġvanish,0.1704,content
40079,acterial,0.1932,content
40085,Ġsnipers,0.1507,content
40086,ETHOD,0.2015,content
40088,igsaw,0.1643,content
40091,Ġillustrating,0.1663,content
40092,782,0.1832,content
40095,transfer,0.204,content
40100,someone,0.1894,content
40104,API,0.16,content
40105,toc,0.2005,content
40106,STAT,0.1776,content
40116,isine,0.1939,content
40119,regn,0.1701,content
40120,Cass,0.1515,content
40125,729,0.177,content
40126,Ġnineteen,0.1599,content
40132,bucks,0.165,content
40143,ucle,0.1645,content
40148,iddler,0.1836,content
40152,Ġascert,0.1711,content
40155,binary,0.1864,content
40157,contained,0.223,content
40159,ocado,0.1747,content
40160,Ġdelusional,0.1553,content
40172,ĠWarfare,0.1909,content
40173,Ġsignify,0.1874,content
40174,Ġfragmentation,0.1566,content
40175,Tex,0.1591,content
40185,YING,0.1732,content
40190,DX,0.1622,content
40195,ZI,0.1719,content
40198,IFE,0.1774,content
40202,htm,0.1731,content
40204,568,0.1622,content
40207,Ġimpractical,0.1609,content
40208,cedes,0.18,content
40209,ĠProcedure,0.2025,content
40212,Ġ451,0.1617,content
40214,Ġcontamin,0.1601,content
40216,Cell,0.1666,content
40224,plement,0.1528,content
40229,oscopic,0.1601,content
40230,ASC,0.1523,content
40233,png,0.1585,content
40238,idia,0.1655,content
40242,Ġpatriarchal,0.164,content
40247,imeo,0.1911,content
40248,ĠUkrainians,0.1642,content
40251,ritten,0.1833,content
40252,igil,0.1641,content
40254,alus,0.1697,content
40271,cius,0.1729,content
40273,ocl,0.1511,content
40275,ensitivity,0.1964,content
40276,entanyl,0.2111,content
40278,Ġ443,0.1627,content
40279,onding,0.1501,content
40280,Ġpedals,0.1668,content
40291,ugi,0.1702,content
40304,omez,0.2067,content
40311,vd,0.151,content
40313,ĠExtrem,0.1622,content
40319,ĠGrateful,0.1647,content
40326,Ġboredom,0.1515,content
40333,Investigators,0.1701,content
40339,Ġrelent,0.1605,content
40350,Ġpuberty,0.1939,content
40351,Ġhars,0.1791,content
40354,leeve,0.16,content
40355,Ġ346,0.1587,content
40357,ventions,0.2259,content
40359,ĠUrug,0.1716,content
40376,Ġtofu,0.1964,content
40378,ĠEval,0.1964,content
40380,Collins,0.1705,content
40381,penter,0.161,content
40385,Ġtechno,0.3422,content
40388,ĠKirin,0.1575,content
40392,oodoo,0.1798,content
40393,ĠCyborg,0.1963,content
40397,behavior,0.2652,content
40400,onent,0.1622,content
40406,urances,0.2109,content
40407,ĠAppalach,0.1662,content
40410,Ġconnectors,0.1566,content
40418,Bright,0.1519,content
40424,ĠReceiver,0.1869,content
40427,Ġblurry,0.1695,content
40428,aspx,0.1677,content
40432,anything,0.1905,content
40433,levard,0.191,content
40434,unciation,0.1796,content
40438,ĠDistance,0.1738,content
40442,ĠCato,0.1739,content
40443,Ġinscribed,0.1683,content
40444,ersed,0.1644,content
40448,Actor,0.1703,content
40457,rencies,0.2278,content
40458,ĠTape,0.1644,content
40460,nb,0.1553,content
40465,panel,0.1895,content
40477,ĠBehavior,0.1717,content
40478,comed,0.1868,content
40490,Ġhumili,0.174,content
40492,Ġmunicip,0.1725,content
40497,enf,0.1504,content
40499,higher,0.1884,content
40505,ĠPetition,0.1561,content
40507,absor,0.1816,content
40516,zech,0.1531,content
40521,026,0.1515,content
40522,ĠTrident,0.1566,content
40523,fm,0.1568,content
40525,Ġ465,0.1744,content
40529,Techn,0.3036,content
40530,undreds,0.1973,content
40532,arenthood,0.2045,content
40539,prep,0.1782,content
40542,inant,0.1644,content
40544,finished,0.1935,content
40545,application,0.2249,content
40548,ivably,0.1924,content
40549,CAST,0.1837,content
40551,Ġwarranties,0.1805,content
40556,ĠHandling,0.1897,content
40557,hemer,0.1738,content
40565,ĠENG,0.1575,content
40576,aceous,0.1573,content
40578,Ġreverence,0.1559,content
40579,Ġingenious,0.2016,content
40581,eligible,0.193,content
40584,herence,0.1953,content
40585,Ġgimm,0.1812,content
40586,Ġarchaic,0.168,content
40588,Ġ297,0.1589,content
40595,Ġextrater,0.1917,content
40605,ĠRobo,0.1661,content
40606,verting,0.1812,content
40607,ĠBullets,0.1863,content
40611,Ġsavior,0.1524,content
40622,Internet,0.1797,content
40630,ĠOPT,0.1576,content
40643,ĠAppendix,0.1758,content
40650,antasy,0.1817,content
40654,Ġindemn,0.1568,content
40657,ascal,0.1665,content
40659,Ġleaflets,0.164,content
40661,Ġtransgress,0.1762,content
40665,obos,0.1954,content
40666,ooming,0.1721,content
40668,mast,0.2009,content
40673,urgy,0.2589,content
40677,odka,0.2156,content
40679,iants,0.1915,content
40687,Ġanesthesia,0.1702,content
40693,flo,0.1573,content
40707,astical,0.175,content
40709,028,0.1541,content
40710,Hug,0.1632,content
40716,olutely,0.2105,content
40717,052,0.1666,content
40720,endment,0.2132,content
40722,ventus,0.1797,content
40724,ĠClever,0.1644,content
40728,Ġphilosophies,0.2134,content
40735,ĠManufacturer,0.2064,content
40736,ĠImprove,0.2074,content
40737,Ns,0.1541,content
40741,iddles,0.1788,content
40743,tiny,0.1979,content
40749,ftime,0.2266,content
40759,Ġformulations,0.1584,content
40761,Ġ344,0.1523,content
40769,Ġcivilisation,0.2078,content
40782,Ġstares,0.1665,content
40784,agents,0.2067,content
40787,ansion,0.184,content
40789,iovascular,0.206,content
40798,ĠTransactions,0.2104,content
40801,Ġ363,0.1588,content
40804,Ġgazing,0.1968,content
40806,Ġsubordinates,0.1654,content
40808,actually,0.16,content
40812,alph,0.1519,content
40824,ussion,0.191,content
40826,resents,0.2068,content
40832,793,0.1625,content
40835,IRT,0.1548,content
40840,Ġ455,0.1657,content
40841,Ġlesions,0.1522,content
40852,achelor,0.2014,content
40863,Ġfins,0.152,content
40865,ogether,0.171,content
40869,Ġindividuality,0.1809,content
40871,lease,0.1554,content
40879,iami,0.2066,content
40897,resources,0.2701,content
40899,ometry,0.1777,content
40904,ensity,0.1861,content
40907,authent,0.1988,content
40909,ellar,0.1558,content
40912,Ġ445,0.1517,content
40924,Ġtubing,0.1974,content
40929,Ġmastering,0.1632,content
40933,advant,0.2169,content
40935,032,0.1529,content
40936,cells,0.1958,content
40937,Ġpreclude,0.1799,content
40939,Ġpatriarchy,0.1706,content
40949,vana,0.1804,content
40955,imental,0.1624,content
40957,carb,0.2029,content
40970,alez,0.1724,content
40977,Ġ2400,0.1722,content
40978,ivia,0.1991,content
40987,ĠFeedback,0.1642,content
40989,ĠContracts,0.1848,content
40991,vim,0.1824,content
40995,ricted,0.1702,content
41000,aiden,0.1691,content
41002,ĠiP,0.1688,content
41003,urized,0.176,content
41013,ĠMerch,0.188,content
41016,Chip,0.1603,content
41018,URA,0.1819,content
41019,Ġantioxidant,0.1519,content
41022,HCR,0.1725,content
41036,ĠSlowly,0.1849,content
41038,software,0.3466,content
41045,problem,0.2019,content
41046,Ġslang,0.187,content
41047,Ġtactile,0.1718,content
41050,Ġhumankind,0.2056,content
41052,rescent,0.1738,content
41054,arijuana,0.2053,content
41056,ĠWarden,0.1536,content
41057,blogspot,0.1776,content
41064,Tai,0.1872,content
41065,terson,0.1663,content
41066,"Ġ,""",0.1565,content
41067,portation,0.2001,content
41072,atech,0.216,content
41074,ibl,0.1616,content
41081,sharp,0.1971,content
41084,Incre,0.1681,content
41089,Ġwors,0.1603,content
41095,Ġphosphorus,0.1745,content
41097,Ġ348,0.1711,content
41098,otent,0.1582,content
41103,Ġglide,0.1643,content
41104,treated,0.226,content
41108,stocks,0.2036,content
41109,Ġ388,0.1508,content
41113,Ġdrawback,0.1706,content
41114,ĠRevised,0.1569,content
41116,Ġpsychosis,0.1807,content
41117,Ø¨,0.1562,content
41119,Ġaffidav,0.1856,content
41120,elve,0.1682,content
41124,env,0.1567,content
41126,Ġsubter,0.1539,content
41128,Ġfidelity,0.1661,content
41134,Ġmetabol,0.1628,content
41138,KEN,0.1601,content
41153,Ġinstalls,0.1683,content
41160,ilitating,0.1799,content
41161,wb,0.1651,content
41162,ĠSov,0.157,content
41167,Ġlicking,0.1576,content
41168,029,0.1707,content
41188,RH,0.1542,content
41189,ĠOo,0.1776,content
41194,Ġencrypt,0.1667,content
41195,selage,0.1982,content
41200,ĠCookies,0.1718,content
41201,SHIP,0.1631,content
41212,ixtape,0.1916,content
41213,Ġneur,0.1705,content
41218,duration,0.2379,content
41224,Ġcaucuses,0.1724,content
41228,Ġinconven,0.1553,content
41229,MAT,0.1657,content
41231,ĠImprovements,0.2058,content
41234,ĠLumia,0.197,content
41235,uces,0.1594,content
41238,kb,0.1545,content
41239,auntlet,0.1881,content
41244,culated,0.1719,content
41247,ictional,0.1947,content
41249,ifles,0.1903,content
41254,Ġdevast,0.1872,content
41258,968,0.1804,content
41267,ĠBritann,0.1594,content
41270,Ġâĺħ,0.1831,content
41272,Ġcontraceptives,0.1999,content
41285,Ġ384,0.1637,content
41287,struction,0.2079,content
41289,ĠMagnetic,0.1611,content
41290,ousands,0.198,content
41291,Ġsemen,0.1591,content
41295,1995,0.1766,content
41296,Xi,0.1869,content
41307,ierre,0.1632,content
41315,ĠRemoval,0.1847,content
41318,ĠTerminator,0.197,content
41319,ĠVendor,0.1795,content
41323,Ġtesters,0.1554,content
41324,albeit,0.2042,content
41325,uminium,0.2139,content
41328,committee,0.2202,content
41330,gements,0.2083,content
41336,ISSION,0.1776,content
41340,population,0.2381,content
41342,Sync,0.1906,content
41344,Ġbanished,0.1699,content
41345,Ġraspberry,0.1547,content
41352,Ġdiscipl,0.1674,content
41359,physical,0.2243,content
41366,ĠPresumably,0.1993,content
41370,rued,0.2065,content
41376,Economic,0.1625,content
41379,Ġimitate,0.1635,content
41386,merga,0.2118,content
41394,ĠTosh,0.1662,content
41400,rophe,0.1905,content
41405,Ġnegate,0.157,content
41406,Ġmindless,0.1635,content
41408,Ġdownwards,0.1583,content
41414,eah,0.1794,content
41421,Ġusability,0.1648,content
41427,Ġemitting,0.1608,content
41430,erva,0.1705,content
41431,ĠIzzy,0.1821,content
41438,ochem,0.1589,content
41442,Ġvec,0.1844,content
41445,ĠTsarnaev,0.2039,content
41448,itant,0.18,content
41449,Ġstreetcar,0.1618,content
41456,eq,0.1697,content
41462,Ġinformants,0.1633,content
41463,Ġsudo,0.159,content
41466,parts,0.1939,content
41477,UFF,0.1692,content
41481,heric,0.1754,content
41483,command,0.1822,content
41488,stim,0.1751,content
41491,uggle,0.1753,content
41495,Beck,0.1544,content
41501,DoS,0.1799,content
41505,Ġhashing,0.1515,content
41507,Ġrecite,0.1931,content
41508,Ġelectrodes,0.1678,content
41509,Ġconformity,0.1576,content
41510,response,0.2261,content
41511,olate,0.1576,content
41516,ĠTIT,0.1721,content
41518,Ġ427,0.1558,content
41519,ĠÙĪ,0.161,content
41520,abases,0.198,content
41530,imize,0.1531,content
41533,Drug,0.1889,content
41536,download,0.2045,content
41548,REM,0.1515,content
41550,ĠWebs,0.1714,content
41553,ĠVessel,0.1717,content
41554,vari,0.161,content
41556,Ġbeetle,0.1567,content
41559,Ġpsychotic,0.1744,content
41570,Ġtripod,0.1653,content
41573,2200,0.1853,content
41576,ĠMHz,0.1633,content
41579,Ġaboriginal,0.1844,content
41584,Chall,0.1584,content
41589,successful,0.2204,content
41592,ĠSeah,0.1605,content
41595,ĠScand,0.1621,content
41603,YP,0.1665,content
41604,ĠInstallation,0.1991,content
41605,levision,0.2239,content
41607,itzerland,0.2138,content
41611,Ġcarbohydrate,0.2079,content
41625,Ġdisabling,0.1569,content
41628,aturation,0.2148,content
41629,Ġwillfully,0.1652,content
41631,ĠShutdown,0.207,content
41632,956,0.1747,content
41637,ĠASD,0.1526,content
41641,checked,0.2021,content
41648,organisms,0.2398,content
41650,Tok,0.1631,content
41662,Ġcassette,0.15,content
41664,Ġabsorbs,0.1596,content
41666,quad,0.1715,content
41667,''.,0.1647,content
41678,piration,0.1781,content
41683,Ġexclaim,0.1865,content
41684,cation,0.1706,content
41686,idden,0.1733,content
41697,IZE,0.1729,content
41699,ixels,0.1893,content
41700,lethal,0.2016,content
41703,knife,0.1774,content
41709,ĠBakr,0.1718,content
41711,Ġbreaths,0.1543,content
41712,rots,0.1659,content
41714,Ġ840,0.169,content
41716,OGR,0.193,content
41717,Ġ372,0.182,content
41718,ĠKhe,0.1726,content
41720,lightly,0.1723,content
41722,Ġrefinement,0.1682,content
41723,property,0.2475,content
41725,oultry,0.2014,content
41732,oubtedly,0.2051,content
41735,Ħ¢,0.2281,content
41740,Ġpriesthood,0.1757,content
41743,OSED,0.2155,content
41745,Ġtorches,0.1698,content
41747,Cruz,0.1747,content
41748,ertility,0.2429,content
41750,Ġascended,0.159,content
41764,ĠConsent,0.1818,content
41765,Ġ361,0.158,content
41770,cerning,0.1849,content
41777,iguous,0.1781,content
41781,Ġ409,0.1571,content
41786,YL,0.1791,content
41788,umerous,0.1797,content
41790,iolet,0.1897,content
41792,ĠTransform,0.1695,content
41799,compatible,0.2215,content
41813,Ġsolitude,0.1851,content
41816,opez,0.207,content
41817,types,0.2009,content
41819,OLOGY,0.2777,content
41823,Ġ378,0.1686,content
41826,Yu,0.1842,content
41829,location,0.241,content
41832,Ġpowd,0.1696,content
41833,Ġ'[,0.1758,content
41835,Thompson,0.1524,content
41845,ĠEssence,0.1522,content
41846,ĠUpgrade,0.1774,content
41847,hematically,0.174,content
41849,alsh,0.1819,content
41850,repl,0.1768,content
41852,ĠLength,0.1522,content
41854,Tele,0.1679,content
41855,ocalyptic,0.2133,content
41860,ongh,0.1765,content
41864,ĠDisabled,0.1817,content
41878,estones,0.195,content
41881,ĠAlright,0.168,content
41882,Ġdiagrams,0.1675,content
41883,ydia,0.193,content
41885,Ġarchitectures,0.2215,content
41894,olith,0.1582,content
41902,ĠTracks,0.1649,content
41903,adle,0.1614,content
41908,benef,0.2208,content
41909,eware,0.1955,content
41910,ĠTABLE,0.1953,content
41912,ainers,0.1888,content
41913,Ġresolves,0.1509,content
41916,possibly,0.1798,content
41927,ĠDiscrimination,0.2058,content
41930,utory,0.1872,content
41935,push,0.1889,content
41937,urrent,0.1838,content
41945,Ġ($),0.1881,content
41947,missing,0.1853,content
41948,Ġmercenaries,0.1653,content
41952,wered,0.1853,content
41954,ultane,0.192,content
41955,ĠRohing,0.1616,content
41956,igger,0.1539,content
41960,ĠReduced,0.1735,content
41962,uart,0.1609,content
41968,Ġparchment,0.1841,content
41971,oggle,0.1915,content
41976,maximum,0.2077,content
41978,ĠFemin,0.1786,content
41980,Ġinscription,0.1567,content
41983,icative,0.1776,content
41986,ĠBite,0.1516,content
41987,Ġneutron,0.1662,content
41995,reason,0.1964,content
41996,ĠHuh,0.1689,content
42005,device,0.2903,content
42006,yz,0.1694,content
42012,Ġtypew,0.1672,content
42019,ogeneous,0.194,content
42020,roth,0.1801,content
42023,porary,0.1815,content
42027,ĠAnxiety,0.1838,content
42032,alloween,0.1909,content
42037,Ġmembranes,0.1539,content
42038,particip,0.2098,content
42041,leneck,0.1925,content
42048,ĠBungie,0.1723,content
42055,Ġtransmitter,0.1542,content
42062,remlin,0.1962,content
42063,ichever,0.1836,content
42069,acteria,0.2317,content
42073,igraph,0.184,content
42074,chev,0.1907,content
42078,"!!""",0.1664,content
42079,ĠContrast,0.1779,content
42082,colour,0.1928,content
42083,ĠRational,0.1796,content
42084,virtual,0.2225,content
42087,ĠPru,0.1656,content
42089,asma,0.1576,content
42094,ulton,0.1978,content
42096,opsis,0.1912,content
42099,wagen,0.1808,content
42103,reprene,0.221,content
42114,nown,0.2334,content
42115,ulence,0.1997,content
42116,similar,0.1878,content
42122,ĠModule,0.1711,content
42129,Ġ2600,0.1883,content
42130,surface,0.2281,content
42134,anqu,0.1631,content
42135,natal,0.214,content
42140,Ġenlightenment,0.1608,content
42148,ocious,0.1771,content
42151,ĠCognitive,0.1836,content
42154,Ġ978,0.1576,content
42157,Ġalienation,0.1788,content
42163,Ġherpes,0.1664,content
42165,Ġclaimant,0.15,content
42172,requ,0.1754,content
42181,AMD,0.1879,content
42182,internet,0.2502,content
42184,direction,0.2136,content
42189,rogram,0.185,content
42192,tenance,0.1974,content
42194,oxin,0.193,content
42203,expensive,0.221,content
42205,primary,0.1934,content
42209,Ġbeetles,0.1807,content
42215,ĠGenetic,0.2039,content
42222,portion,0.2042,content
42226,Ġinhab,0.1522,content
42227,ĠLeaves,0.1674,content
42235,surv,0.1939,content
42237,Ġglands,0.1674,content
42242,Ġkinderg,0.1688,content
42246,addon,0.1855,content
42249,Ġ392,0.1783,content
42250,comfort,0.2174,content
42253,mode,0.1693,content
42255,"!"",",0.1719,content
42257,EMP,0.1702,content
42258,norm,0.1561,content
42259,ĠAgo,0.1742,content
42274,multi,0.2227,content
42276,orney,0.1795,content
42277,Ware,0.166,content
42283,married,0.2154,content
42288,ĠShirt,0.183,content
42295,ĠTopic,0.1782,content
42298,philis,0.2097,content
42309,Ġ374,0.1786,content
42312,ensation,0.168,content
42313,Ġredes,0.1904,content
42319,Ġvitro,0.1722,content
42324,ĠBaghd,0.1668,content
42333,individual,0.1633,content
42334,tis,0.1629,content
42341,ĠASIC,0.1544,content
42343,ahon,0.1843,content
42346,Ġ457,0.1572,content
42348,à¹,0.185,content
42350,inatory,0.2168,content
42353,suggest,0.2134,content
42360,dash,0.1594,content
42368,ĠHats,0.165,content
42375,Android,0.1906,content
42376,assembled,0.191,content
42382,IED,0.1639,content
42385,mx,0.1752,content
42389,ĠFrequency,0.182,content
42391,nil,0.1807,content
42399,ĠDimensions,0.1621,content
42400,ĠImplement,0.1843,content
42401,fram,0.1543,content
42403,ĠIndones,0.1755,content
42404,ĠTile,0.1659,content
42406,gc,0.1655,content
42407,Ġcorrelate,0.1512,content
42409,mite,0.152,content
42410,Ġhomosexuals,0.1766,content
42412,8000,0.1699,content
42417,ENTION,0.2226,content
42422,Ġcalibrated,0.1579,content
42425,limit,0.1866,content
42427,ĠTsuk,0.1884,content
42428,brates,0.2053,content
42431,visual,0.2138,content
42436,0002,0.1775,content
42439,ĠReplace,0.1967,content
42450,Scan,0.1688,content
42451,cosystem,0.1913,content
42454,Ġcaptives,0.161,content
42456,ESCO,0.1835,content
42458,lesh,0.1658,content
42460,poly,0.1836,content
42465,Ġradiator,0.1527,content
42468,Ġconspic,0.1688,content
42474,locking,0.173,content
42476,uala,0.1891,content
42480,containing,0.1871,content
42481,Ġstimulates,0.188,content
42483,Pir,0.1645,content
42486,Ġmanuscripts,0.1723,content
42492,Ġandroid,0.1591,content
42502,shared,0.2095,content
42505,Ġnarcissistic,0.1755,content
42511,ĠShard,0.1729,content
42513,Ġ458,0.1599,content
42517,luent,0.1616,content
42520,Ġholiest,0.1975,content
42522,minent,0.1606,content
42523,xxxxxxxx,0.1833,content
42524,inite,0.1539,content
42526,ĠGuilty,0.1851,content
42527,mult,0.1983,content
42531,Ġlogically,0.158,content
42533,ĠTitanium,0.2031,content
42546,ĠGithub,0.1904,content
42548,ĠFaster,0.1763,content
42552,dri,0.1897,content
42553,Manufact,0.1791,content
42554,isance,0.1943,content
42562,zanne,0.1838,content
42564,Ġ426,0.1716,content
42568,ĠBlocks,0.1597,content
42573,ĠSchne,0.1635,content
42582,ĠBits,0.1696,content
42583,ĠMbps,0.1812,content
42585,Ġshorthand,0.1663,content
42588,ĠCapcom,0.1511,content
42595,rawling,0.193,content
42596,ĠReward,0.1548,content
42602,Ġbombard,0.1751,content
42607,basic,0.1871,content
42610,Ġ383,0.1733,content
42612,olesc,0.2052,content
42620,ĠÙħ,0.1587,content
42622,Ġpamph,0.1611,content
42623,atio,0.1571,content
42627,Develop,0.157,content
42632,ĠNotwithstanding,0.1975,content
42649,anium,0.2085,content
42651,ilities,0.1696,content
42658,ĠEnhance,0.2048,content
42659,ĠForced,0.1756,content
42660,virt,0.1977,content
42664,ularity,0.2091,content
42667,ĠScrew,0.1516,content
42670,hetto,0.166,content
42673,ĠTypical,0.172,content
42675,ĠBerm,0.1805,content
42676,keley,0.1813,content
42679,valid,0.1818,content
42681,ĠProvides,0.1969,content
42682,âĺħâĺħ,0.1831,content
42686,Princ,0.1643,content
42688,ĠAccuracy,0.2063,content
42689,Ġcriterion,0.1679,content
42692,gray,0.1973,content
42706,Ġsarcast,0.1902,content
42708,ĠUSL,0.1679,content
42710,larg,0.1712,content
42711,pleted,0.1883,content
42714,ĠCao,0.1763,content
42716,ĠSurge,0.157,content
42717,MEN,0.161,content
42718,communications,0.255,content
42721,commit,0.222,content
42739,description,0.2371,content
42744,Ġmidrange,0.158,content
42747,category,0.2157,content
42751,restricted,0.229,content
42753,dding,0.1971,content
42756,Wi,0.179,content
42759,Ġwhispering,0.164,content
42762,ĠPattern,0.1583,content
42764,ĠEnhancement,0.2004,content
42766,ĠBucket,0.1558,content
42767,ĠGUN,0.1921,content
42774,TPP,0.221,content
42776,success,0.214,content
42784,ĠViper,0.1589,content
42786,frames,0.1618,content
42787,ĠTHANK,0.1614,content
42789,wordpress,0.1959,content
42792,arrison,0.201,content
42793,Ġalloc,0.1584,content
42794,ĠAlz,0.1746,content
42795,letcher,0.2054,content
42796,ĠDaredevil,0.1664,content
42800,feat,0.1837,content
42814,Ġantib,0.1535,content
42816,ombie,0.1734,content
42817,Bitcoin,0.174,content
42819,expression,0.2219,content
42821,ĠResurrection,0.1572,content
42822,ĠMoral,0.15,content
42823,ĠSDK,0.155,content
42825,ogenous,0.1703,content
42827,Ġchuckled,0.1756,content
42829,Ġ428,0.185,content
42832,asures,0.1721,content
42834,apor,0.1731,content
42836,Ġbaptized,0.1642,content
42837,ĠExplosive,0.1666,content
42838,Ġelves,0.1535,content
42839,idges,0.1877,content
42849,NECT,0.2003,content
42851,Commercial,0.1588,content
42852,cknowled,0.151,content
42856,ĠBapt,0.1524,content
42857,ĠSina,0.1738,content
42861,URRENT,0.1983,content
42869,rider,0.1799,content
42875,Indiana,0.151,content
42876,seek,0.1866,content
42883,teness,0.2009,content
42884,liquid,0.1832,content
42890,Ġegalitarian,0.1684,content
42891,hello,0.1745,content
42893,ĠAbandon,0.1691,content
42897,ĠMania,0.167,content
42902,iquid,0.1881,content
42904,Crystal,0.1585,content
42909,Consumer,0.1947,content
42915,kok,0.1898,content
42917,Ġshotguns,0.1975,content
42920,ĠCells,0.2048,content
42922,rily,0.1681,content
42928,Ġ418,0.1769,content
42936,urations,0.2214,content
42939,ĠConcepts,0.1985,content
42942,aughty,0.1701,content
42944,ĠPrompt,0.1703,content
42951,ĠTechnician,0.3011,content
42952,fleet,0.1754,content
42953,usher,0.19,content
42960,ĠFinished,0.1847,content
42965,THING,0.1829,content
42966,Ġtimers,0.158,content
42972,Ġdynamically,0.1575,content
42974,ĠProcessor,0.1945,content
42976,Ġmoderators,0.1534,content
42982,Ġprohibitions,0.1895,content
42983,Ġgestation,0.2113,content
42984,Bomb,0.1526,content
42985,termin,0.1772,content
42988,tc,0.163,content
42992,ĠEnable,0.1766,content
42993,Ġimplementations,0.1817,content
42998,Ġfonts,0.1511,content
42999,laughter,0.2163,content
43010,nesses,0.1592,content
43012,"?"".",0.1541,content
43017,document,0.2006,content
43022,ufficient,0.1922,content
43025,ORK,0.1995,content
43036,TED,0.1865,content
43037,marg,0.2089,content
43039,ryce,0.1827,content
43045,Ġcompr,0.1725,content
43046,Ġindisc,0.152,content
43049,berman,0.1632,content
43053,hetical,0.1743,content
43055,Ġfundamentalist,0.1775,content
43058,ettlement,0.2067,content
43060,glers,0.1948,content
43061,bending,0.207,content
43062,Terry,0.1582,content
43066,intel,0.1969,content
43068,ailand,0.219,content
43075,Ġ396,0.1721,content
43084,ĠSatoshi,0.1558,content
43089,atellite,0.2017,content
43095,Typically,0.152,content
43099,recy,0.2429,content
43100,Ġmechanically,0.156,content
43103,sys,0.216,content
43105,Ġwavelengths,0.1744,content
43106,pattern,0.223,content
43107,insured,0.1896,content
43113,ĠHacker,0.1947,content
43116,Ġdemonic,0.1616,content
43120,Ġairst,0.1546,content
43122,ynthesis,0.2195,content
43124,tch,0.1929,content
43126,ĠChanged,0.1915,content
43131,ĠMorsi,0.1797,content
43132,Ġconjecture,0.1887,content
43145,IUM,0.199,content
43147,Construction,0.1845,content
43152,Ġpopulate,0.1715,content
43155,result,0.2,content
43160,ificent,0.1639,content
43162,Ġdisson,0.1853,content
43166,external,0.1908,content
43167,owder,0.1928,content
43173,ĠDefeat,0.1934,content
43175,Ġretrieving,0.1731,content
43177,Ġdesolate,0.1714,content
43180,Ġpassively,0.1568,content
43181,Ġdissertation,0.1716,content
43183,abee,0.1559,content
43184,ĠResist,0.1795,content
43190,vernment,0.208,content
43192,wt,0.1564,content
43193,bitious,0.1729,content
43198,rational,0.2231,content
43199,adapt,0.222,content
43202,oglobin,0.1993,content
43203,efeated,0.1981,content
43206,ilver,0.1712,content
43207,ĠDestruction,0.18,content
43208,gewater,0.1786,content
43209,ĠRadiation,0.2377,content
43210,Ġimprison,0.1776,content
43219,Ġmediated,0.1626,content
43221,ĠSYSTEM,0.1852,content
43222,Labor,0.1522,content
43225,Champ,0.169,content
43245,Ġinadvert,0.1577,content
43246,amboo,0.1862,content
43250,RAFT,0.1923,content
43252,ĠGentleman,0.1605,content
43261,Ġmitochondrial,0.1907,content
43266,Management,0.1793,content
43271,ĠHirosh,0.1823,content
43272,Georg,0.1624,content
43281,Ġ389,0.1744,content
43293,ĠGenie,0.1634,content
43296,Bah,0.1526,content
43297,ĠKira,0.1671,content
43300,allic,0.1742,content
43302,VOL,0.1809,content
43304,ĠRampage,0.1569,content
43306,Production,0.169,content
43316,FH,0.1748,content
43319,Ġ436,0.1596,content
43324,criptions,0.1781,content
43325,ificate,0.1678,content
43329,Ġbri,0.1624,content
43331,ommod,0.1752,content
43333,ogenesis,0.183,content
43341,rehens,0.1718,content
43342,tool,0.2208,content
43345,ĠLicensed,0.1655,content
43348,mean,0.1694,content
43349,akura,0.1859,content
43353,........................,0.227,content
43358,amazon,0.2033,content
43362,PLA,0.1866,content
43363,ĠBigfoot,0.1774,content
43366,Ġ387,0.152,content
43371,atem,0.1549,content
43376,ĠLuo,0.1734,content
43377,hig,0.1903,content
43379,tp,0.1839,content
43386,href,0.2163,content
43391,goo,0.1719,content
43393,ĠDISTRICT,0.201,content
43400,ESSION,0.1791,content
43406,ffield,0.1673,content
43410,minimum,0.1755,content
43417,roying,0.2189,content
43418,ĠGrail,0.1805,content
43420,Ġ9000,0.1722,content
43424,RW,0.1982,content
43426,ĠCroat,0.1784,content
43432,perature,0.2076,content
43436,Ġreleg,0.1707,content
43439,tyard,0.2069,content
43443,ittens,0.1828,content
43448,Ġalgorith,0.2106,content
43451,ĠTorrent,0.2143,content
43455,rastructure,0.2434,content
43460,Ġcalibr,0.155,content
43468,itiveness,0.1943,content
43474,Ġanalytic,0.1557,content
43492,Ġomin,0.1578,content
43497,ĠAlloy,0.1942,content
43501,ĠOvers,0.1844,content
43507,weapons,0.2747,content
43511,scan,0.1797,content
43512,artisan,0.2247,content
43515,atonin,0.1921,content
43516,viron,0.1716,content
43523,ottest,0.2045,content
43526,cium,0.1937,content
43527,ĠNicarag,0.1631,content
43530,ritic,0.1646,content
43533,ĠSlightly,0.1699,content
43534,ĠDrops,0.1612,content
43537,xiety,0.1794,content
43539,omination,0.1898,content
43540,ĠReached,0.2188,content
43543,MET,0.1687,content
43544,ĠKubrick,0.2075,content
43546,ĠTuls,0.1549,content
43547,Ġcomputed,0.1694,content
43548,depending,0.1629,content
43552,icut,0.1519,content
43553,ĠDepth,0.1593,content
43558,thia,0.1979,content
43562,Ġtheolog,0.1883,content
43563,reement,0.2109,content
43565,Ġunus,0.1533,content
43579,ĠPixie,0.1892,content
43581,abbit,0.1852,content
43586,iasm,0.188,content
43588,ĠFeminist,0.1775,content
43594,Ġensu,0.1643,content
43599,Ġindistinguishable,0.1506,content
43605,iltration,0.245,content
43606,irection,0.1697,content
43608,Gb,0.1566,content
43611,imens,0.1666,content
43612,RNA,0.1908,content
43613,============,0.188,content
43615,ĠConversion,0.1866,content
43616,imilation,0.2214,content
43618,ĠSomew,0.2055,content
43621,Ë,0.156,content
43624,Ġejac,0.1597,content
43626,Ġrighteousness,0.1566,content
43629,ouched,0.1711,content
43631,Ġfaculties,0.1751,content
43633,ĠReferences,0.1908,content
43636,Ġ................,0.203,content
43639,colo,0.1873,content
43642,ĠChev,0.1557,content
43646,Ġlinem,0.197,content
43649,ĠAbstract,0.1526,content
43650,arette,0.1565,content
43655,Cub,0.1794,content
43656,ttle,0.1769,content
43658,Ġinstantaneous,0.1613,content
43663,ECD,0.1956,content
43666,ubric,0.193,content
43669,letal,0.1948,content
43672,tained,0.2052,content
43675,insert,0.1778,content
43679,ĠAlic,0.1625,content
43686,ĠConstantin,0.1601,content
43687,gravity,0.2595,content
43688,iPhone,0.2396,content
43689,Ġwasteland,0.1577,content
43693,paces,0.1793,content
43699,usterity,0.195,content
43700,zyme,0.1911,content
43702,metadata,0.259,content
43704,ĠMoons,0.1514,content
43705,ĠProtestants,0.1707,content
43706,ungle,0.1753,content
43708,pid,0.1522,content
43709,Ġdisple,0.1612,content
43710,aucus,0.2077,content
43713,fixed,0.1722,content
43716,ĠVelocity,0.1808,content
43720,jl,0.1736,content
43721,Ġmetaphors,0.1823,content
43727,ĠBlaz,0.1642,content
43728,mediated,0.221,content
43734,azeera,0.2274,content
43735,dial,0.2003,content
43736,Ġbask,0.1756,content
43737,Scale,0.1758,content
43743,BLIC,0.1946,content
43744,pter,0.1802,content
43747,ĠRecover,0.1965,content
43757,Ġdebtor,0.1652,content
43761,reetings,0.1903,content
43762,Ġdeletion,0.1521,content
43764,ĠNotification,0.1646,content
43769,Ġsymmetry,0.1527,content
43770,ĠBearing,0.169,content
43772,ĠORDER,0.1597,content
43773,rpm,0.2057,content
43775,"?!""",0.1558,content
43777,Grade,0.1594,content
43780,Detect,0.1689,content
43781,ryption,0.2751,content
43785,gres,0.1844,content
43786,INTON,0.2176,content
43788,fficient,0.1811,content
43790,gement,0.184,content
43793,ĠVapor,0.1801,content
43795,Yellow,0.1612,content
43812,ĠRegist,0.1801,content
43815,Windows,0.1643,content
43817,ĠLethal,0.1707,content
43819,ĠExpression,0.1691,content
43820,tx,0.1822,content
43821,ythm,0.184,content
43823,ivalry,0.2281,content
43824,atcher,0.1773,content
43825,ĠFormat,0.177,content
43828,laugh,0.1807,content
43830,java,0.1758,content
43831,roma,0.1722,content
43832,ĠIncreases,0.1903,content
43833,Ġlicensee,0.1641,content
43837,forcing,0.2018,content
43842,Ġachie,0.1825,content
43844,Ġconvin,0.1547,content
43846,Ġimmobil,0.1555,content
43848,Ġclich,0.1872,content
43849,xes,0.1684,content
43850,ffiti,0.185,content
43858,Ġbapt,0.1544,content
43862,Spirit,0.1668,content
43865,eches,0.1854,content
43867,Ġceremon,0.1863,content
43871,linear,0.1774,content
43874,azel,0.1552,content
43877,Ġextravag,0.1612,content
43880,ptr,0.1802,content
43884,arag,0.157,content
43888,ĠMyster,0.1615,content
43892,codes,0.2052,content
43893,RANT,0.1848,content
43897,enser,0.1801,content
43900,ritional,0.1834,content
43903,xon,0.165,content
43906,Ġimmedi,0.1674,content
43908,ĠLX,0.1685,content
43909,Ġabstraction,0.1519,content
43910,ocolate,0.2066,content
43917,ĠAutob,0.1771,content
43919,eworks,0.1907,content
43922,ĠPetraeus,0.186,content
43924,amphetamine,0.2016,content
43926,rw,0.1703,content
43938,otyp,0.1601,content
43939,ĠNCT,0.1552,content
43946,okia,0.2108,content
43954,Ġintakes,0.1643,content
43956,matter,0.2109,content
43958,Ther,0.1542,content
43959,Ġtyrant,0.1732,content
43961,ĠDestroy,0.155,content
43963,Ġbiom,0.2012,content
43968,seconds,0.1985,content
43971,Ġworshipped,0.1992,content
43973,Ġviolet,0.1641,content
43976,ordering,0.1959,content
43978,Ġconstructs,0.1618,content
43982,Ġembryonic,0.1547,content
43983,perm,0.1646,content
43985,ĠDecre,0.1851,content
43988,+(,0.1908,content
43990,puters,0.2789,content
43992,orsche,0.2127,content
43994,values,0.2191,content
43995,Ġutopian,0.1845,content
43997,Technical,0.2783,content
43999,ĠLIMITED,0.1956,content
44000,nir,0.2002,content
44005,Ġcontempor,0.1637,content
44006,lator,0.1947,content
44010,Ġbom,0.1628,content
44021,Ġarcane,0.1628,content
44022,align,0.1634,content
44029,alions,0.2126,content
44033,actual,0.2038,content
44035,ukong,0.2008,content
44037,ĠWarcraft,0.1697,content
44039,hyper,0.2121,content
44042,Ġcomputation,0.1777,content
44043,react,0.2279,content
44045,ĠCheong,0.1745,content
44050,Ġreprinted,0.1782,content
44054,exit,0.1963,content
44065,"!"".",0.1695,content
44069,ĠQian,0.193,content
44070,Ġspont,0.1878,content
44075,ĠAmendments,0.1941,content
44084,Balt,0.1903,content
44087,awei,0.1994,content
44088,Motion,0.171,content
44092,Ġarsen,0.1853,content
44096,issance,0.1826,content
44100,Ton,0.18,content
44102,Ġtentacles,0.1693,content
44107,ĠTolkien,0.1755,content
44109,ĠExplain,0.1837,content
44115,intern,0.1787,content
44116,********,0.1704,content
44118,ĠZombies,0.1661,content
44123,asel,0.1668,content
44125,erential,0.1813,content
44129,aghetti,0.1716,content
44131,genic,0.1908,content
44133,1982,0.1741,content
44134,ravel,0.1786,content
44138,ibrary,0.2212,content
44143,graph,0.1944,content
44144,Ġcorro,0.1875,content
44147,ĠQin,0.1665,content
44148,Û,0.1721,content
44149,Ġantidepressant,0.1714,content
44153,Ġdysph,0.17,content
44156,attr,0.1619,content
44159,hov,0.166,content
44160,IRC,0.1728,content
44169,aturally,0.1819,content
44170,pair,0.1753,content
44176,ĠUID,0.1953,content
44177,cens,0.2117,content
44178,ĠLearned,0.1757,content
44180,Ġmoaning,0.1686,content
44181,ĠNare,0.1783,content
44183,Ġsurn,0.1791,content
44188,Understanding,0.1757,content
44192,Ġâľĵ,0.1849,content
44197,otine,0.1798,content
44200,ĠÂµ,0.1591,content
44202,Ġdement,0.1605,content
44205,genre,0.2584,content
44206,ospital,0.2083,content
44211,Ġsegreg,0.1575,content
44219,akra,0.1692,content
44224,yrus,0.1615,content
44225,umably,0.2031,content
44227,Ġtsun,0.1721,content
44228,knowledge,0.2546,content
44230,bable,0.1588,content
44232,ĠProcedures,0.193,content
44237,ĠChecking,0.1859,content
44240,required,0.1805,content
44242,ĠDrawn,0.1847,content
44244,EEK,0.2047,content
44246,Ġcloning,0.1952,content
44247,ccoli,0.172,content
44258,ĠHmm,0.1797,content
44260,riber,0.1825,content
44263,beta,0.1867,content
44264,notice,0.1945,content
44266,Ġrespir,0.1549,content
44270,shown,0.2056,content
44272,Hispanic,0.2275,content
44273,copy,0.1733,content
44275,Knight,0.1716,content
44280,levels,0.2132,content
44283,bral,0.1755,content
44288,ogene,0.1966,content
44297,Ġpolygamy,0.2088,content
44308,Creating,0.1576,content
44313,cludes,0.1983,content
44316,Ġcomput,0.1775,content
44317,Stew,0.1555,content
44320,OVA,0.1894,content
44321,angible,0.185,content
44326,devices,0.3544,content
44333,Ġglances,0.1703,content
44339,Square,0.1568,content
44341,Ġtransporter,0.1776,content
44345,ibaba,0.1959,content
44346,Ġtimet,0.1613,content
44349,osaurs,0.2134,content
44350,Ġhumanoid,0.1637,content
44361,Ġappell,0.1574,content
44370,mitter,0.1804,content
44371,!!!!!,0.1544,content
44373,leness,0.2015,content
44375,ĠAUTHOR,0.1792,content
44377,Ġflickering,0.1765,content
44378,Cath,0.1782,content
44381,Secure,0.173,content
44383,ĠBIT,0.1603,content
44389,ĠMormons,0.1729,content
44390,ĠCutter,0.1595,content
44392,ipient,0.1708,content
44400,Ġvanquished,0.194,content
44404,atron,0.1813,content
44406,Cube,0.1784,content
44410,activate,0.188,content
44415,Ġwidgets,0.183,content
44416,urses,0.1888,content
44417,izard,0.1688,content
44420,ĠVersus,0.1834,content
44421,ĠIntroduced,0.2231,content
44427,righteous,0.2072,content
44428,endum,0.1823,content
44443,collection,0.231,content
44444,ĠDifferences,0.199,content
44449,Ġadapters,0.1956,content
44450,Ġmilliseconds,0.1711,content
44453,phasis,0.1705,content
44462,ĠStupid,0.1542,content
44463,Ġspecialization,0.1795,content
44465,Ġappellant,0.185,content
44470,ĠDinosaur,0.175,content
44472,Ġdirectories,0.1615,content
44476,odied,0.2021,content
44480,Ġemptiness,0.157,content
44481,ĠXeon,0.1904,content
44484,ĠSupplement,0.1765,content
44495,Rogue,0.187,content
44509,ASY,0.1769,content
44510,atalie,0.1925,content
44515,Ġvampires,0.157,content
44520,ĠGOODMAN,0.2169,content
44522,Vel,0.1911,content
44525,drivers,0.2228,content
44527,uably,0.1963,content
44528,ĠPrinciple,0.1695,content
44529,verett,0.2044,content
44530,taining,0.2127,content
44538,weapon,0.2453,content
44546,pixel,0.2336,content
44551,bash,0.1754,content
44552,ĠANG,0.1851,content
44556,Ġgazed,0.1891,content
44558,ĠKard,0.1589,content
44560,ĠVariable,0.1761,content
44561,ĠPACK,0.1652,content
44564,ĠECO,0.1885,content
44565,feature,0.2314,content
44571,rists,0.1996,content
44573,istical,0.1625,content
44575,Ġdexterity,0.202,content
44578,Mob,0.1702,content
44583,ECTION,0.2184,content
44584,ietal,0.1982,content
44585,ĠUses,0.2004,content
44589,iazep,0.2094,content
44590,helps,0.213,content
44591,ouls,0.1784,content
44593,ĠEthiop,0.1604,content
44594,tesy,0.2112,content
44596,Ġchimpanzees,0.1938,content
44599,wallet,0.2148,content
44600,ĠRect,0.1645,content
44601,ocytes,0.1878,content
44602,ĠHels,0.1752,content
44603,lace,0.1728,content
44605,Ġblasp,0.1637,content
44606,ildo,0.1731,content
44607,ĠRober,0.1769,content
44609,ĠWCS,0.1805,content
44611,ellectual,0.1973,content
44613,Ġuniverses,0.1647,content
44616,Ġinflic,0.1831,content
44619,ĠAVG,0.1821,content
44623,Crypt,0.1598,content
44627,Ġrepentance,0.1595,content
44630,Ġauditory,0.1626,content
44634,Ġcontem,0.1594,content
44635,Ġphoton,0.1545,content
44637,omach,0.1906,content
44642,assad,0.1971,content
44648,transform,0.2526,content
44649,ĠEnh,0.2241,content
44654,replace,0.2086,content
44655,ĠKinect,0.1978,content
44659,Ġfunctionally,0.1695,content
44661,typically,0.2142,content
44667,entle,0.1984,content
44671,ithing,0.1941,content
44672,illance,0.1897,content
44675,crypt,0.2344,content
44677,ophys,0.1826,content
44684,gom,0.163,content
44690,"""],""",0.2038,content
44694,Advanced,0.2018,content
44696,ĠVeter,0.2192,content
44699,Catal,0.1595,content
44701,Ġresidues,0.1741,content
44703,ĠConquer,0.1607,content
44706,************,0.2286,content
44710,bringing,0.2171,content
44712,ĠIEEE,0.201,content
44714,Ġdelet,0.1506,content
44717,"]""",0.1836,content
44720,Property,0.1516,content
44724,gypt,0.2044,content
44726,ĠGing,0.1707,content
44731,ĠTYPE,0.2213,content
44732,Ġinhibits,0.2049,content
44734,humans,0.2472,content
44735,IENT,0.1916,content
44738,ophen,0.1719,content
44739,ĠWinc,0.1591,content
44743,emphasis,0.1966,content
44748,ĠGinny,0.1818,content
44750,ĠGenerator,0.1865,content
44765,inburgh,0.1846,content
44769,Ġprophes,0.1642,content
44770,classes,0.2056,content
44776,ĠProl,0.1656,content
44777,Ġpropell,0.1942,content
44780,itamin,0.1777,content
44782,olphin,0.2062,content
44783,Ġmitochond,0.2231,content
44788,ĠSurvive,0.1913,content
44791,Metal,0.1627,content
44793,Ġ=================================================================,0.1575,content
44794,ĠDharma,0.1504,content
44795,ĠSeller,0.1758,content
44799,Customer,0.1538,content
44802,Jenn,0.15,content
44803,Ġschizophren,0.1716,content
44811,Ġpronoun,0.1566,content
44813,xp,0.1555,content
44814,resource,0.2609,content
44815,WIND,0.178,content
44820,Transform,0.184,content
44822,imentary,0.1875,content
44827,outer,0.1534,content
44829,akening,0.175,content
44837,ĠTyrann,0.1708,content
44839,inical,0.1695,content
44841,ourgeois,0.2144,content
44844,Ġneuron,0.1631,content
44847,apply,0.2135,content
44848,Sah,0.1698,content
44852,acists,0.2324,content
44859,Ġwizards,0.1537,content
44861,DVD,0.1691,content
44864,ampoo,0.1992,content
44866,abbage,0.1912,content
44868,ĠDumbledore,0.1891,content
44869,keleton,0.1997,content
44870,elsh,0.1946,content
44874,ĠCelest,0.1821,content
44882,iox,0.1722,content
44884,ĠDestroyer,0.1625,content
44887,modified,0.2125,content
44890,Ġsubsystem,0.1765,content
44891,Compared,0.1518,content
44895,nutrition,0.2668,content
44896,riction,0.2115,content
44900,imately,0.1733,content
44903,MRI,0.1982,content
44905,ĠBadge,0.165,content
44908,Grad,0.157,content
44916,emet,0.2016,content
44919,Ġpronunciation,0.162,content
44920,Fuel,0.1847,content
44922,assets,0.2305,content
44927,akedown,0.1965,content
44928,Ġcircuitry,0.2498,content
44929,ĠTRUE,0.1578,content
44934,Ġworkaround,0.1703,content
44939,ĠTempest,0.1701,content
44940,adata,0.1973,content
44941,Ġphenomen,0.1606,content
44944,Ġinhibition,0.1608,content
44946,erity,0.2131,content
44952,usable,0.1862,content
44953,rodu,0.1843,content
44956,Ġbiochemical,0.2012,content
44957,latest,0.2413,content
44960,Ġpollut,0.1919,content
44964,PDATED,0.1741,content
44972,ĠShinji,0.1766,content
44973,Ġdystop,0.2148,content
44975,ĠBrach,0.1648,content
44979,assembly,0.2083,content
44980,Ġbourgeois,0.1562,content
44981,ĠReson,0.1902,content
44984,raq,0.1665,content
44987,UTF,0.1951,content
44989,ĠSimulation,0.2015,content
44990,elaide,0.1745,content
44991,ĠDMCA,0.1802,content
44992,utm,0.1751,content
44997,Ġphilosoph,0.2031,content
44998,enium,0.1902,content
45000,ĠMacintosh,0.1766,content
45001,Ġpneum,0.1531,content
45002,LOC,0.1509,content
45006,ĠPHI,0.1994,content
45013,alore,0.1961,content
45015,Monitor,0.1782,content
45016,Ġneoc,0.17,content
45019,ĠCodes,0.157,content
45020,ĠHallow,0.1702,content
45022,sections,0.2049,content
45024,Ġamy,0.1557,content
45025,task,0.2131,content
45027,ĠValkyrie,0.1741,content
45034,ĠBitcoins,0.1946,content
45039,phrine,0.2212,content
45041,random,0.1911,content
45042,neum,0.2021,content
45043,trigger,0.2255,content
45046,isec,0.2036,content
45048,Ġprecept,0.1535,content
45054,ĠAppearance,0.1875,content
45055,ROR,0.1838,content
45061,update,0.1936,content
45064,hesive,0.1877,content
45065,Quality,0.1596,content
45066,youtu,0.1928,content
45072,----------,0.1773,content
45076,ĠForbidden,0.1603,content
45079,ĠGears,0.1733,content
45085,ĠLinear,0.177,content
45090,ĠIgnore,0.1612,content
45091,desc,0.1839,content
45097,Sphere,0.1996,content
45100,ilight,0.2089,content
45103,Ġwhine,0.1797,content
45109,yrights,0.2088,content
45114,nect,0.1667,content
45115,Ãį,0.1681,content
45116,Ġreven,0.1695,content
45117,WER,0.1733,content
45120,asper,0.1831,content
45121,0000000,0.1602,content
45127,ricia,0.2115,content
45128,ĠUnch,0.1884,content
45131,ĠUsage,0.1804,content
45135,Ġmoan,0.1533,content
45140,Ġrectangle,0.1667,content
45142,ĠDoct,0.1849,content
45143,reon,0.1564,content
45145,vag,0.1706,content
45147,ĠBris,0.1619,content
45148,ĠSwarm,0.1593,content
45154,nesty,0.1853,content
45156,Ġamplification,0.1509,content
45167,Ġcaffe,0.1829,content
45169,stros,0.1874,content
45171,Ġinsofar,0.1845,content
45172,itance,0.1871,content
45173,ĠValhalla,0.1536,content
45177,Ġ--------,0.2329,content
45180,operator,0.2551,content
45182,Ġdecode,0.1774,content
45188,inational,0.2046,content
45189,dB,0.1707,content
45191,Wan,0.2013,content
45192,ĠBought,0.1759,content
45194,rotein,0.2225,content
45200,Builder,0.1951,content
45205,ĠHermione,0.1938,content
45211,tsky,0.1952,content
45212,Ġchall,0.1553,content
45218,Ġwrink,0.1626,content
45228,Ġsinners,0.1527,content
45229,culosis,0.226,content
45234,FFER,0.1881,content
45235,Ġpandemonium,0.208,content
45238,Ġpurified,0.1534,content
45239,ĠCyan,0.1619,content
45240,ĠDifficulty,0.1975,content
45243,oggles,0.1857,content
45248,eteenth,0.1978,content
45249,weeney,0.1836,content
45250,biased,0.2128,content
45255,ellect,0.2021,content
45257,juven,0.2038,content
45259,indal,0.1927,content
45266,sym,0.2291,content
45268,LOCK,0.1942,content
45275,ĠSHAR,0.1755,content
45276,echo,0.1886,content
45277,thood,0.207,content
45283,uggish,0.1926,content
45284,ĠTanks,0.1749,content
45290,ĠSpac,0.1683,content
45293,Ġmorp,0.1588,content
45294,controller,0.2194,content
45297,Development,0.1724,content
45298,Gear,0.1928,content
45300,ĠColossus,0.1569,content
45301,rylic,0.1753,content
45302,STRUCT,0.1709,content
45303,capitalist,0.2212,content
45304,Ġsupplementation,0.2139,content
45308,pite,0.1614,content
45309,processor,0.2735,content
45314,arently,0.1747,content
45315,Ġconcess,0.1843,content
45317,forestation,0.2474,content
45319,igmat,0.1858,content
45326,fficiency,0.2063,content
45327,Ġlightsaber,0.1927,content
45333,".""[",0.1682,content
45334,ĠTechniques,0.3185,content
45335,coins,0.1627,content
45337,venant,0.1918,content
45340,ĠGors,0.1734,content
45347,ĠRails,0.1615,content
45349,naire,0.1836,content
45351,ĠWarranty,0.1897,content
45369,Ġcryptography,0.2909,content
45372,nw,0.2131,content
45373,Ġvehement,0.2054,content
45377,rador,0.1749,content
45380,STATE,0.2,content
45383,CEPT,0.1844,content
45386,uracy,0.2035,content
45387,Ġmortals,0.1581,content
45389,ĠSeraph,0.1695,content
45392,endix,0.1852,content
45394,ĠLegs,0.1648,content
45396,ĠKrypt,0.1612,content
45401,ressor,0.1765,content
45405,Ġ].,0.1837,content
45414,erella,0.1816,content
45416,method,0.2324,content
45417,Ġ698,0.1743,content
45418,Shadow,0.1709,content
45425,ĠDRM,0.1635,content
45427,Ġinhibited,0.1893,content
45432,Ġappl,0.1711,content
45437,âĢĶâĢĶâĢĶâĢĶâĢĶâĢĶâĢĶâĢĶâĢĶâĢĶâĢĶâĢĶâĢĶâĢĶâĢĶâĢĶ,0.1798,content
45438,Sys,0.1989,content
45450,Ġcertific,0.2144,content
45452,ĠCitation,0.168,content
45454,ĠBecame,0.1999,content
45456,aryl,0.1837,content
45459,ĠAssy,0.1546,content
45460,ĠFORM,0.1681,content
45461,Traditional,0.1814,content
45469,Desktop,0.2065,content
45470,ĠRagnar,0.1781,content
45476,ĠLump,0.1656,content
45477,oresc,0.1595,content
45480,achusetts,0.1731,content
45481,Ġmarqu,0.158,content
45488,ocyte,0.1806,content
45490,BILITIES,0.2114,content
45491,ĠUpload,0.1874,content
45493,Ġrecomb,0.1626,content
45500,icipated,0.1854,content
45502,ĠZot,0.1788,content
45503,CRE,0.1825,content
45504,ĠCursed,0.1919,content
45506,ĠDroid,0.1903,content
45507,thereum,0.2322,content
45508,Ġadjective,0.1603,content
45509,DIT,0.1955,content
45512,ĠPenet,0.1781,content
45513,Ġignor,0.1674,content
45515,ĠDwell,0.1699,content
45516,assemb,0.2106,content
45519,ĠGoo,0.1701,content
45521,othing,0.1957,content
45528,clipse,0.1948,content
45533,submit,0.2524,content
45543,itored,0.1977,content
45552,Ġintertw,0.1956,content
45553,reverse,0.2201,content
45555,icularly,0.1725,content
45558,Fra,0.1684,content
45559,urrencies,0.2256,content
45560,Ġnobility,0.1829,content
45568,usr,0.1627,content
45572,Ġantagonists,0.1898,content
45582,cemic,0.173,content
45595,Ġfructose,0.2172,content
45599,Boo,0.1643,content
45600,akery,0.2209,content
45601,owered,0.1858,content
45606,Ġincarcer,0.1952,content
45609,ĠElastic,0.1571,content
45610,âĢĶâĢĶâĢĶâĢĶâĢĶâĢĶâĢĶâĢĶ,0.2034,content
45611,Ultra,0.1634,content
45618,wegian,0.1641,content
45623,Ġanalges,0.181,content
45624,ouver,0.172,content
45631,Ġarousal,0.1817,content
45632,pheus,0.2,content
45633,undai,0.1676,content
45634,hetamine,0.1829,content
45643,Token,0.1744,content
45652,Ġblinked,0.1715,content
45653,onyms,0.2023,content
45660,ĠLORD,0.1604,content
45661,plementation,0.237,content
45667,ĠPROG,0.1875,content
45671,renches,0.1822,content
45672,hattan,0.1895,content
45677,erion,0.2103,content
45683,joining,0.2428,content
45687,animate,0.1909,content
45690,assador,0.2107,content
45691,Veh,0.1922,content
45696,initial,0.206,content
45703,reset,0.1905,content
45706,ulnerability,0.1988,content
45708,Ġirrad,0.1634,content
45709,ognitive,0.2006,content
45710,clips,0.1904,content
45717,MIC,0.1674,content
45718,Ġmanag,0.159,content
45720,Termin,0.1799,content
45722,Ġdenote,0.1641,content
45726,Ġscrolls,0.1667,content
45727,ĠArmored,0.1666,content
45731,ĠBelief,0.2151,content
45732,emporary,0.1765,content
45733,Asset,0.1645,content
45734,arcer,0.2245,content
45735,haar,0.1868,content
45736,assium,0.2027,content
45740,atible,0.1926,content
45741,Pand,0.1589,content
45742,oubted,0.179,content
45744,bial,0.2042,content
45745,STEP,0.1879,content
45748,Sund,0.1887,content
45749,reshold,0.1859,content
45752,Software,0.2609,content
45754,ĠYose,0.1704,content
45756,ocry,0.1944,content
45758,omorphic,0.1848,content
45760,berra,0.1811,content
45761,vg,0.1877,content
45767,gex,0.2319,content
45768,Linux,0.2169,content
45769,ĠInstruct,0.187,content
45770,irable,0.1739,content
45773,iOS,0.2025,content
45774,Ġsynt,0.1561,content
45778,CVE,0.1833,content
45785,prev,0.1935,content
45786,ossus,0.2124,content
45787,Nar,0.1638,content
45789,erala,0.178,content
45790,ĠPrototype,0.2125,content
45791,UGE,0.1893,content
45792,1001,0.1555,content
45793,Ġ---------,0.212,content
45796,TPS,0.2029,content
45797,Ġcodec,0.1745,content
45798,ittee,0.1653,content
45800,ĠBreaker,0.1716,content
45801,menu,0.2039,content
45804,ĠFiorina,0.1987,content
45805,ĠApostles,0.1655,content
45807,raint,0.2041,content
45809,ersive,0.1764,content
45810,yrim,0.1795,content
45824,thren,0.201,content
45825,ologne,0.2149,content
45830,akens,0.1657,content
45836,iquette,0.1929,content
45843,ĠInvention,0.2118,content
45844,ueless,0.19,content
45847,metic,0.1679,content
45850,ĠArduino,0.1775,content
45851,hhh,0.15,content
45854,ĠUltron,0.2139,content
45861,ĠYoshi,0.1567,content
45863,"."",",0.1877,content
45865,Virgin,0.161,content
45866,Tea,0.1734,content
45869,terday,0.1912,content
45871,ĠAchieve,0.214,content
45872,chrom,0.1791,content
45873,Ġcryptographic,0.202,content
45874,Ġrebell,0.173,content
45876,âĢ¦âĢ¦âĢ¦âĢ¦,0.2018,content
45879,ĠSERV,0.1985,content
45885,ategories,0.1731,content
45886,Ġdecrypt,0.1544,content
45888,activation,0.2192,content
45889,Ġanarch,0.165,content
45891,adiator,0.1808,content
45896,Ġembod,0.2081,content
45897,vae,0.1928,content
45898,âĺĨ,0.1989,content
45900,Ġrm,0.157,content
45904,erenn,0.207,content
45906,ĠDefinitive,0.1894,content
45907,ĠBolshe,0.1795,content
45908,ĠJagu,0.1657,content
45909,gorith,0.2289,content
45912,.........,0.1864,content
45917,ankind,0.2173,content
45926,uple,0.1633,content
45927,reference,0.192,content
45929,adelphia,0.1912,content
45930,scripts,0.2247,content
45931,ilaterally,0.2334,content
45937,issors,0.2111,content
45940,rices,0.1913,content
45942,Computer,0.2519,content
45947,00000000,0.1622,content
45948,Ġcaut,0.1949,content
45949,Sharp,0.1568,content
45950,depend,0.2119,content
45955,anyon,0.2065,content
45960,etermination,0.1942,content
45962,Ġhypothes,0.1998,content
45965,Ġmaneu,0.2051,content
45967,ĠVeh,0.1919,content
45969,geoning,0.2212,content
45970,ĠâľĶ,0.176,content
45971,Mach,0.1888,content
45972,eanor,0.2053,content
45973,%);,0.1899,content
45980,ĠCreatures,0.1678,content
45983,Revolution,0.2116,content
45986,Ġabbre,0.1672,content
45990,Ġsplend,0.1821,content
45992,flame,0.1734,content
45997,MOD,0.1611,content
46003,scill,0.1969,content
46006,Delete,0.1847,content
46007,ĠFALSE,0.2078,content
46008,FIL,0.1864,content
46009,Ġmicrobiota,0.2117,content
46013,ĠDivinity,0.1807,content
46016,Naz,0.2023,content
46020,ĠPlanes,0.1725,content
46021,viation,0.2339,content
46022,Driver,0.1825,content
46026,ĠSiren,0.1504,content
46028,earchers,0.1952,content
46030,Ö,0.1923,content
46031,VII,0.1789,content
46035,achu,0.1684,content
46036,Apps,0.1957,content
46037,tackle,0.2316,content
46041,ecided,0.1875,content
46043,icons,0.1642,content
46049,Gender,0.1992,content
46051,oples,0.1726,content
46053,olphins,0.2006,content
46054,Ġdeities,0.176,content
46063,Mech,0.2019,content
46068,Ġmutants,0.1689,content
46076,features,0.2536,content
46079,ĠNeph,0.1824,content
46081,Ġimpover,0.2057,content
46082,................................,0.2075,content
46083,Sty,0.153,content
46085,Torrent,0.2224,content
46094,ITNESS,0.2048,content
46095,incible,0.1909,content
46100,Machine,0.1984,content
46101,Impro,0.1721,content
46102,Parent,0.1593,content
46111,Ġeighteenth,0.1586,content
46113,ĠLists,0.1671,content
46114,ĠCanter,0.1803,content
46119,admin,0.2005,content
46121,idav,0.1975,content
46126,âĢ¦âĢ¦âĢ¦âĢ¦âĢ¦âĢ¦âĢ¦âĢ¦,0.2073,content
46127,Ġsynchronization,0.15,content
46129,riched,0.2137,content
46133,Ġdecoding,0.1582,content
46137,ĠBolshevik,0.1983,content
46138,Virtual,0.1868,content
46139,ĠSacrament,0.1736,content
46141,BILL,0.191,content
46142,-+-+,0.2189,content
46147,iameter,0.22,content
46151,getic,0.1958,content
46152,3333,0.182,content
46154,Ġincorpor,0.202,content
46158,ATURES,0.2179,content
46162,ODUCT,0.1933,content
46163,otide,0.1932,content
46168,element,0.206,content
46170,INTER,0.1576,content
46171,etsk,0.1831,content
46172,ĠGauntlet,0.1777,content
46177,uristic,0.2022,content
46181,package,0.1854,content
46186,Ġarchetype,0.1596,content
46188,intent,0.2407,content
46189,Ġfilib,0.2039,content
46193,Ġinsurg,0.1919,content
46198,Ġintimid,0.166,content
46200,tools,0.2633,content
46201,gob,0.1982,content
46207,Discover,0.1633,content
46208,Ġexch,0.1684,content
46210,units,0.2082,content
46211,ĠDjango,0.1564,content
46219,ENGTH,0.2053,content
46220,perors,0.2168,content
46222,Ġchimpan,0.1915,content
46224,Ġopacity,0.1788,content
46226,ushima,0.1957,content
46228,Ġsacrament,0.1938,content
46232,Ġadvant,0.2077,content
46233,ĠRequires,0.1869,content
46234,output,0.2295,content
46235,Ġdroid,0.1958,content
46237,rieving,0.1849,content
46241,disabled,0.2724,content
46243,Medium,0.1728,content
46249,poral,0.1858,content
46250,Ġ'(,0.1894,content
46251,Hack,0.1695,content
46252,ĠTechnique,0.3289,content
46253,"/,",0.1831,content
46256,Ġretrie,0.213,content
46257,VICE,0.1942,content
46259,ragon,0.1992,content
46262,ĠFei,0.1549,content
46263,lesi,0.1818,content
46266,ĠUnderworld,0.1645,content
46271,ĠYug,0.1612,content
46277,ĠâĶ,0.1867,content
46280,gettable,0.1934,content
46281,agonist,0.1853,content
46282,Ġneuronal,0.1831,content
46287,ctica,0.2231,content
46288,necess,0.2253,content
46291,Environment,0.196,content
46292,oneliness,0.2148,content
46293,orage,0.1717,content
46294,"âĢ¦.""",0.2042,content
46296,agements,0.2032,content
46297,Ùİ,0.1974,content
46302,ĠRena,0.1802,content
46307,ossal,0.1779,content
46310,remote,0.213,content
46313,ritch,0.1728,content
46314,specified,0.2147,content
46316,Ġfingert,0.1959,content
46317,entity,0.1962,content
46318,atibility,0.2096,content
46322,arettes,0.1758,content
46327,remove,0.2053,content
46337,ĠAgility,0.2014,content
46341,Ġconduc,0.1831,content
46344,license,0.231,content
46345,Application,0.1759,content
46346,assert,0.2148,content
46349,float,0.199,content
46350,inctions,0.2147,content
46352,Ġfundament,0.2106,content
46360,Ġapostles,0.1766,content
46362,component,0.2321,content
46364,uggage,0.1959,content
46367,container,0.2177,content
46368,ixture,0.1999,content
46370,izabeth,0.1993,content
46372,isdom,0.2189,content
46373,trace,0.2122,content
46375,Interestingly,0.1687,content
46384,orget,0.1951,content
46388,peria,0.188,content
46389,tube,0.2278,content
46391,ĠGoblin,0.1576,content
46392,QUEST,0.1874,content
46395,erguson,0.1786,content
46400,domain,0.1967,content
46401,roximately,0.1996,content
46403,ongevity,0.2003,content
46404,Ġmodulation,0.175,content
46407,Applications,0.1785,content
46408,ormon,0.1771,content
46411,Ġcous,0.1819,content
46412,ĠDARK,0.1815,content
46415,ĠTanz,0.216,content
46420,urdue,0.1992,content
46422,Ġâī¥,0.1644,content
46424,ebted,0.1988,content
46425,ĠTempl,0.181,content
46429,advertising,0.2764,content
46431,Ġacron,0.2027,content
46434,oiler,0.1929,content
46436,ovember,0.1789,content
46437,Syn,0.1646,content
46439,ĠPyth,0.1533,content
46442,Ġgad,0.1618,content
46443,chedel,0.2131,content
46447,ĠREPL,0.1594,content
46448,Fill,0.1539,content
46450,etsy,0.2005,content
46452,ĠFemales,0.2123,content
46456,serial,0.2329,content
46458,ĠPeb,0.1775,content
46462,bsite,0.1802,content
46465,Ġamygdala,0.2004,content
46466,ĠGerr,0.1923,content
46467,afety,0.2205,content
46473,icro,0.1645,content
46474,Austral,0.1935,content
46476,accompanied,0.2111,content
46483,ĠUnicode,0.1819,content
46488,lems,0.1847,content
46492,ritical,0.1865,content
46497,pection,0.2015,content
46498,Agg,0.1615,content
46500,interrupted,0.2229,content
46504,isively,0.2061,content
46506,ohyd,0.1806,content
46509,raught,0.2091,content
46511,Ġapostle,0.1617,content
46512,ĠCentauri,0.2099,content
46516,inav,0.1694,content
46518,ĠTyph,0.1505,content
46520,ĠEDITION,0.2147,content
46524,inki,0.1686,content
46527,osterone,0.2001,content
46532,Org,0.1574,content
46536,ioxide,0.2411,content
46540,BSD,0.1702,content
46545,Ġheresy,0.1951,content
46546,overy,0.1673,content
46552,Transfer,0.1721,content
46558,PIN,0.1754,content
46560,Ġplaint,0.169,content
46562,reenshots,0.1886,content
46564,::::::::,0.1699,content
46565,ioxid,0.1931,content
46568,ĠBulgar,0.1896,content
46572,Hyper,0.1723,content
46575,illions,0.1748,content
46578,ĠLayout,0.2024,content
46580,------------------------,0.1983,content
46581,ĠRodham,0.1854,content
46583,Delivery,0.1724,content
46584,Ġdistur,0.1585,content
46585,ĠVolunte,0.2409,content
46588,Ġinacc,0.1767,content
46591,Privacy,0.1718,content
46592,theme,0.2253,content
46593,dump,0.1967,content
46594,ĠByte,0.1698,content
46596,apult,0.1958,content
46609,ĠSOFTWARE,0.2777,content
46617,filter,0.1974,content
46618,Ġfacult,0.2039,content
46620,Tool,0.2098,content
46624,relative,0.2006,content
46626,appropriately,0.2291,content
46629,ĠAuthentication,0.197,content
46630,ĠWTC,0.1644,content
46631,Ġvulner,0.1781,content
46632,reditary,0.1883,content
46634,Tx,0.2103,content
46635,ĠGHC,0.1765,content
46636,Increased,0.1865,content
46637,forcement,0.198,content
46638,ĠGuant,0.1732,content
46642,ĠCreature,0.1684,content
46643,ĠAmmunition,0.2072,content
46644,Ġclust,0.1512,content
46646,Ġunbel,0.1729,content
46648,ĠMankind,0.2108,content
46650,Ġ=================================,0.169,content
46654,ĠCrusade,0.1586,content
46657,token,0.2145,content
46658,inse,0.192,content
46665,sequence,0.2332,content
46666,Ġmagnification,0.1712,content
46667,ĠIlluminati,0.1706,content
46668,hedral,0.1709,content
46669,param,0.1808,content
46670,regon,0.1805,content
46671,"."",""",0.2084,content
46678,ullivan,0.203,content
46679,"Ġ[""",0.1691,content
46680,ĠDusk,0.1893,content
46685,Ġassum,0.1852,content
46686,":,",0.1996,content
46687,Ġinterpol,0.1629,content
46689,Boot,0.1535,content
46690,LIB,0.1823,content
46694,ioch,0.18,content
46698,bestos,0.1897,content
46700,Elf,0.1886,content
46701,eteria,0.1825,content
46702,ĠSneak,0.1749,content
46703,bians,0.1818,content
46704,ĠARTICLE,0.181,content
46706,encrypted,0.2546,content
46712,ĠFlare,0.1919,content
46713,Ġconflic,0.2107,content
46714,ĠRune,0.1531,content
46715,Tes,0.2035,content
46717,Mega,0.1969,content
46719,chrome,0.2345,content
46720,iatures,0.2028,content
46725,Ruby,0.1838,content
46726,araoh,0.2172,content
46728,Ġpotion,0.1595,content
46729,ĠAllows,0.2012,content
46732,Limited,0.164,content
46734,ERROR,0.1751,content
46735,gling,0.1929,content
46737,repre,0.2276,content
46738,ĠSakura,0.1565,content
46739,erker,0.1851,content
46742,ĠUnle,0.2032,content
46743,Ġhardness,0.1636,content
46746,ocally,0.2007,content
46747,Ġì,0.1737,content
46748,ĠEVE,0.158,content
46751,ĠRouter,0.1986,content
46756,Ġblaster,0.1528,content
46757,Ġbourgeoisie,0.1815,content
46762,ebook,0.174,content
46770,stanbul,0.1784,content
46774,×Ļ×,0.1822,content
46775,Ġdoctr,0.1723,content
46778,ĠCtrl,0.1544,content
46779,ĠCompatibility,0.2179,content
46780,idae,0.1934,content
46781,example,0.2208,content
46784,ĠWinged,0.1881,content
46786,ridor,0.1878,content
46790,Nit,0.1781,content
46793,ĠIntake,0.2043,content
46795,txt,0.1986,content
46797,input,0.1836,content
46798,achus,0.1784,content
46801,Ġdisemb,0.1917,content
46802,ospons,0.205,content
46806,ursday,0.2187,content
46810,orescent,0.1739,content
46811,cair,0.1822,content
46814,Ġiii,0.1687,content
46816,ĠBlaster,0.1748,content
46818,ORED,0.1936,content
46821,ĠIdentified,0.2127,content
46823,bytes,0.1968,content
46824,ĠCTR,0.1576,content
46830,ĠAstral,0.156,content
46831,mble,0.1788,content
46832,untled,0.1693,content
46836,nesday,0.2009,content
46837,tarians,0.2262,content
46840,node,0.1721,content
46841,pict,0.2473,content
46844,>>>>>>>>,0.1909,content
46845,paragraph,0.2364,content
46849,uzzle,0.2042,content
46850,igun,0.1818,content
46852,ĠApplicant,0.185,content
46853,hift,0.1793,content
46854,ĠGPL,0.1599,content
46858,kHz,0.2227,content
46863,Ëľ,0.1834,content
46866,Remote,0.2035,content
46867,ethyst,0.1826,content
46869,ĠTexture,0.2126,content
46870,Ġseiz,0.1697,content
46873,ê,0.1564,content
46874,Adapt,0.1894,content
46875,ittered,0.2021,content
46876,meta,0.1794,content
46877,ambers,0.1782,content
46880,password,0.2451,content
46881,ĠReboot,0.1801,content
46883,Ġamplitude,0.1639,content
46885,Ġnotation,0.1695,content
46886,Ġsecretion,0.1924,content
46888,delete,0.2392,content
46892,ĠKenobi,0.1865,content
46894,ontent,0.2034,content
46899,Ġemulator,0.1581,content
46901,0200,0.1872,content
46906,ĠSora,0.1811,content
46909,aah,0.1672,content
46912,Ġmethodological,0.1918,content
46913,itles,0.1678,content
46914,phia,0.2038,content
46919,ĠShogun,0.1801,content
46920,Ġ2048,0.1859,content
46925,Ġdisag,0.1803,content
46926,yss,0.1862,content
46930,Ġmorphology,0.2293,content
46931,Ġendors,0.1608,content
46933,dragon,0.186,content
46934,")),",0.1909,content
46936,Ġoverwhel,0.1666,content
46937,SAY,0.193,content
46938,abwe,0.1657,content
46945,================,0.1835,content
46952,ĠMachina,0.2236,content
46954,Ġpresupp,0.1787,content
46955,ĠGEAR,0.2336,content
46956,rition,0.2217,content
46957,rences,0.1942,content
46958,successfully,0.2618,content
46960,Platform,0.2192,content
46962,clude,0.1718,content
46964,Ġpromot,0.1814,content
46965,ĠAdapter,0.1954,content
46966,rocal,0.1963,content
46970,elsius,0.2192,content
46972,abase,0.1851,content
46975,ĠRemoved,0.1974,content
46976,amph,0.1972,content
46979,ĠOkin,0.1738,content
46986,ĠRemastered,0.1683,content
46988,methyl,0.1747,content
46992,.$,0.1936,content
46993,ranged,0.1979,content
46996,ĠEnabled,0.2257,content
46998,ĠHearth,0.1878,content
47001,Beh,0.1586,content
47003,Oracle,0.2211,content
47004,roleum,0.1979,content
47005,ĠVoldemort,0.201,content
47008,Visual,0.1663,content
47009,ĠAngular,0.173,content
47010,ĠOsc,0.1801,content
47011,ichita,0.1914,content
47013,Ġtoolbar,0.192,content
47017,aliation,0.2082,content
47023,ĠInit,0.1816,content
47027,ĠCloak,0.1785,content
47029,iths,0.1622,content
47031,FACE,0.2112,content
47032,Introdu,0.165,content
47034,slot,0.2023,content
47035,aturday,0.1956,content
47036,ĠNiet,0.2101,content
47037,Ġpuzz,0.1733,content
47038,!!!!!!!!,0.1822,content
47040,Ç,0.1856,content
47041,Ġverbs,0.1724,content
47044,Ġmillisec,0.1886,content
47045,ĠRebell,0.197,content
47046,ylum,0.1687,content
47050,brids,0.2092,content
47051,vantage,0.1834,content
47052,Ġ[',0.2084,content
47054,Benef,0.1542,content
47055,gradation,0.2209,content
47057,Resources,0.1961,content
47062,Mode,0.1811,content
47064,ĠWARRANT,0.2145,content
47065,hemy,0.2003,content
47069,Ġcommer,0.19,content
47080,Ġincre,0.1796,content
47082,ĠDefinitions,0.1901,content
47084,Ġtd,0.1692,content
47086,Shin,0.1897,content
47087,ĠGadget,0.2457,content
47091,QUIRE,0.2083,content
47093,ĠUnix,0.1575,content
47099,alogue,0.1987,content
47100,vironments,0.216,content
47101,Strength,0.1932,content
47103,ĠInvaders,0.2065,content
47104,HOME,0.1843,content
47105,Atl,0.2069,content
47107,ĠWidth,0.2128,content
47110,"$,",0.1711,content
47114,relation,0.2356,content
47115,Ġfeas,0.1985,content
47116,undown,0.1952,content
47119,ï¿½ï¿½,0.187,content
47121,ĠTokens,0.1968,content
47122,ĠALEC,0.1858,content
47123,OOOO,0.1928,content
47126,ĠTemplar,0.1546,content
47129,enegger,0.1985,content
47130,ampires,0.2109,content
47134,ĠSequence,0.1792,content
47138,autions,0.1965,content
47139,ĠKernel,0.1789,content
47141,htaking,0.1954,content
47142,ancial,0.1883,content
47145,ropy,0.1792,content
47148,?????,0.1859,content
47149,Ġsurpr,0.2059,content
47154,joice,0.1933,content
47158,Ġderog,0.181,content
47165,ĠTerran,0.1862,content
47170,rompt,0.1891,content
47172,ĠShattered,0.1833,content
47179,ĠNASL,0.1904,content
47180,Material,0.1645,content
47182,raviolet,0.1992,content
47185,acers,0.1859,content
47189,Ġtraged,0.2044,content
47190,Ġshalt,0.1638,content
47196,formance,0.1921,content
47197,bitcoin,0.2642,content
47198,DOS,0.1788,content
47199,cheat,0.22,content
47202,noticed,0.2331,content
47203,Ġtwent,0.2283,content
47208,Ġturrets,0.1598,content
47210,Effect,0.1515,content
47211,Ġdisg,0.1837,content
47216,Laun,0.1599,content
47217,TIT,0.1821,content
47224,inances,0.1969,content
47225,Ult,0.1905,content
47226,lyak,0.1852,content
47227,âĢ¢âĢ¢âĢ¢âĢ¢,0.1737,content
47229,essim,0.1933,content
47231,ubis,0.18,content
47232,Ġegreg,0.2085,content
47233,DEV,0.1931,content
47235,Yang,0.2048,content
47238,ohydrate,0.2117,content
47244,ĠAccessed,0.2231,content
47245,Ġconceptions,0.1766,content
47252,chapter,0.225,content
47258,aneers,0.1916,content
47259,Ġ______,0.1735,content
47260,ĠHilbert,0.1818,content
47261,Options,0.1848,content
47262,Ġsorcery,0.2044,content
47269,Launch,0.1747,content
47270,ogeneity,0.209,content
47273,netflix,0.2503,content
47275,usage,0.2343,content
47276,properties,0.2521,content
47277,attach,0.2218,content
47278,req,0.1966,content
47279,Resource,0.2061,content
47280,requisite,0.2256,content
47286,dds,0.1822,content
47287,ynasty,0.2001,content
47291,Ġvim,0.178,content
47297,ĠFrie,0.2017,content
47300,KNOWN,0.2099,content
47301,orgetown,0.1759,content
47302,Improve,0.1684,content
47303,10000,0.166,content
47306,Ġunfocused,0.1893,content
47307,ĠUnsure,0.2033,content
47309,idth,0.205,content
47311,ĠErr,0.1792,content
47313,ĠBows,0.2017,content
47314,ifferent,0.1818,content
47315,proxy,0.1822,content
47317,aucas,0.1951,content
47321,phabet,0.1745,content
47322,Version,0.1656,content
47324,gif,0.1704,content
47327,ĠGutenberg,0.1958,content
47331,Ġaccomp,0.2039,content
47332,ilings,0.168,content
47333,rypted,0.211,content
47336,heses,0.1951,content
47339,ĠGSL,0.1822,content
47340,disk,0.1847,content
47346,atform,0.2092,content
47349,Enhanced,0.1903,content
47350,Â¯,0.2086,content
47351,Tools,0.193,content
47353,xus,0.2037,content
47359,ordes,0.1767,content
47364,hement,0.2103,content
47366,amaru,0.1966,content
47374,ĠReferred,0.2067,content
47376,ĠRuntime,0.1934,content
47382,Ġentropy,0.1854,content
47386,Ġsubmar,0.2049,content
47388,itual,0.183,content
47389,ĠBastard,0.165,content
47392,rendered,0.2186,content
47393,ircraft,0.1968,content
47394,CSS,0.2038,content
47401,anooga,0.2181,content
47405,hematic,0.1948,content
47412,ĠmRNA,0.1643,content
47413,Ct,0.1879,content
47418,repeat,0.2161,content
47425,upiter,0.1846,content
47427,Ġsys,0.1767,content
47428,ĠDownloads,0.1919,content
47434,Ġmiscon,0.2009,content
47435,vidia,0.1885,content
47436,Cod,0.1616,content
47437,ibraries,0.2046,content
47439,cdn,0.191,content
47441,tarian,0.2104,content
47442,ĠPyro,0.171,content
47443,ĠFixes,0.2058,content
47445,ĠCf,0.1537,content
47447,Byte,0.2056,content
47449,oufl,0.2058,content
47451,Aim,0.1645,content
47452,ĠAfgh,0.1725,content
47454,intendent,0.1896,content
47455,akespe,0.2061,content
47458,Lenin,0.2304,content
47462,illusion,0.2331,content
47465,Allow,0.1508,content
47474,atican,0.1986,content
47476,ĠIter,0.221,content
47478,uesday,0.1984,content
47480,achine,0.1967,content
47482,ousy,0.1871,content
47484,nox,0.1809,content
47486,omething,0.1963,content
47487,ĠPurg,0.1813,content
47491,Ġglutamate,0.1951,content
47492,ĠActivate,0.2038,content
47493,Repl,0.1699,content
47506,ĠRecomm,0.1953,content
47509,Ġinconsist,0.2047,content
47513,uddenly,0.1682,content
47515,Dynamic,0.179,content
47517,Ġ{{,0.1542,content
47523,incerity,0.2161,content
47525,ĠCrafting,0.2205,content
47531,ĠProced,0.2228,content
47532,APTER,0.2045,content
47533,ĠSorcerer,0.2025,content
47535,ĠSnape,0.1929,content
47538,Tube,0.1967,content
47541,ACTED,0.2307,content
47544,ignt,0.205,content
47545,Ġhypothal,0.1859,content
47548,ĠElves,0.1856,content
47549,gorithm,0.2427,content
47551,idable,0.1875,content
47554,Ġnonex,0.1534,content
47559,Products,0.1919,content
47560,ampire,0.1964,content
47562,ĠYamato,0.1967,content
47564,ĠFML,0.1546,content
47567,Ġ([,0.1514,content
47568,utsu,0.2197,content
47569,nces,0.1855,content
47571,upload,0.1943,content
47576,Server,0.1591,content
47577,Ġacquaint,0.1949,content
47578,iterranean,0.1826,content
47580,Device,0.2347,content
47582,ocaly,0.199,content
47584,Ġ=====,0.2206,content
47585,Ġabdom,0.1868,content
47586,ideos,0.1839,content
47587,Dual,0.1916,content
47589,Ġbesie,0.2031,content
47591,Ġdescrib,0.2077,content
47593,Limit,0.1863,content
47596,xxxx,0.1815,content
47597,ulner,0.1796,content
47600,fortune,0.2394,content
47602,mA,0.2169,content
47603,acerb,0.1868,content
47604,ebus,0.1984,content
47605,Ġmodifiers,0.1658,content
47608,Dir,0.1654,content
47609,ĠArchangel,0.1716,content
47610,umbnails,0.2081,content
47612,ĠWARN,0.2023,content
47614,usional,0.1928,content
47615,Ġcortical,0.1751,content
47623,archment,0.2421,content
47624,Ġtarg,0.1971,content
47625,Filter,0.1804,content
47627,Ġprinc,0.2033,content
47629,ptoms,0.1983,content
47631,ructose,0.2127,content
47632,termination,0.2441,content
47633,Ġcompe,0.1584,content
47635,Ġprosec,0.2054,content
47636,require,0.1964,content
47640,Used,0.1528,content
47641,ĠIbid,0.1932,content
47642,trak,0.1963,content
47647,Jere,0.1821,content
47650,namese,0.1861,content
47652,ĠMastery,0.1792,content
47659,Ġ(&,0.1556,content
47661,Mask,0.1697,content
47662,ĠGundam,0.1626,content
47663,generic,0.2112,content
47665,raphics,0.2169,content
47667,ourge,0.2025,content
47670,Ġendogenous,0.1643,content
47671,Export,0.1931,content
47672,Ġë,0.1968,content
47673,poons,0.2082,content
47674,Ġabund,0.1932,content
47675,ĠQuantity,0.2121,content
47678,cknow,0.1733,content
47680,ĠDRAG,0.2071,content
47682,Ġsubdu,0.1951,content
47684,apesh,0.2053,content
47685,Ability,0.1838,content
47687,iseum,0.215,content
47688,lycer,0.2003,content
47691,Ġtomat,0.185,content
47692,byte,0.1722,content
47694,linux,0.2414,content
47695,Palest,0.2124,content
47698,ĠkHz,0.1948,content
47700,ĠIGF,0.1847,content
47701,WARE,0.2264,content
47702,Feature,0.1781,content
47706,inement,0.2148,content
47708,ractical,0.1894,content
47709,Ping,0.2004,content
47710,tesque,0.1866,content
47711,scroll,0.2237,content
47713,Ġasynchronous,0.1778,content
47716,morph,0.1869,content
47720,"Ġ],",0.1784,content
47725,Ġcircumcised,0.1744,content
47726,geant,0.2122,content
47727,Ġconject,0.2052,content
47729,outube,0.1938,content
47732,ctr,0.1748,content
47733,anoia,0.2124,content
47734,ĠPowerShell,0.2103,content
47736,Loop,0.1841,content
47738,aphael,0.1833,content
47739,workshop,0.2678,content
47740,velength,0.2107,content
47741,hover,0.2255,content
47742,flush,0.2258,content
47746,ptin,0.1937,content
47747,bidden,0.172,content
47748,windows,0.225,content
47749,ĠCaucas,0.2089,content
47751,isoft,0.2259,content
47753,cgi,0.2007,content
47754,urrection,0.2237,content
47762,seq,0.215,content
47763,mares,0.1763,content
47767,Ġreper,0.1693,content
47769,arcity,0.2074,content
47771,Ġ});,0.2041,content
47772,Ġdiscont,0.1835,content
47774,answered,0.2165,content
47775,Mesh,0.2034,content
47777,Ġperceptual,0.1994,content
47778,OTAL,0.1871,content
47779,ursive,0.1796,content
47781,Ġplun,0.1727,content
47782,onential,0.1849,content
47784,ĠReloaded,0.1786,content
47793,................,0.2221,content
47795,Battery,0.1862,content
47799,ĠNept,0.1716,content
47808,ollower,0.188,content
47809,ĠReborn,0.1668,content
47810,Ġphenotype,0.2118,content
47812,Ġpecul,0.2149,content
47814,Unique,0.1588,content
47815,ĠFreeBSD,0.199,content
47816,ĠChero,0.1827,content
47817,Ġcolle,0.1642,content
47818,gently,0.2259,content
47828,login,0.2229,content
47829,asus,0.1722,content
47845,ocrates,0.2059,content
47846,ynchronous,0.2175,content
47848,ĠLuffy,0.1742,content
47851,okane,0.17,content
47852,Enh,0.2054,content
47853,ursor,0.1984,content
47854,Ġapopt,0.2013,content
47856,ä½,0.1556,content
47858,xml,0.192,content
47860,Ġteleport,0.1785,content
47862,ccess,0.1925,content
47863,ilitary,0.2023,content
47864,ackets,0.2079,content
47865,Ġenchantment,0.1806,content
47866,ĠCunning,0.2087,content
47874,Activity,0.1794,content
47879,oooooooo,0.2,content
47882,×ª,0.2198,content
47883,yright,0.2003,content
47884,cookie,0.2315,content
47887,ĠAbilities,0.2387,content
47888,interface,0.2471,content
47889,Ġglared,0.1849,content
47890,Engineers,0.2468,content
47892,oteric,0.2025,content
47894,ossibility,0.2156,content
47899,android,0.2198,content
47902,clud,0.2111,content
47903,ĠTutorial,0.1873,content
47904,retched,0.1862,content
47905,irlwind,0.1895,content
47909,ernels,0.1839,content
47912,desktop,0.2424,content
47914,oÄŁ,0.1791,content
47915,kef,0.1822,content
47916,Ġtimestamp,0.1904,content
47917,WAYS,0.1809,content
47921,CHAT,0.1895,content
47922,Ġnpm,0.1768,content
47924,rongh,0.2023,content
47926,Definition,0.1653,content
47931,andestine,0.1928,content
47934,enaries,0.1996,content
47935,Ġstarship,0.2006,content
47937,Skill,0.204,content
47942,Ġdf,0.1829,content
47943,inosaur,0.2062,content
47944,ixel,0.2131,content
47946,temp,0.2328,content
47947,ruby,0.2172,content
47948,Fram,0.156,content
47953,ĠBarbarian,0.1681,content
47955,USER,0.1868,content
47957,axies,0.2187,content
47961,hyde,0.1679,content
47963,ĠTelesc,0.2156,content
47965,Ġ........,0.1987,content
47970,Ġunemploy,0.2009,content
47971,Temp,0.211,content
47972,ĠExplicit,0.2008,content
47975,innamon,0.2132,content
47978,Ġappre,0.1878,content
47979,Ġtaxp,0.1957,content
47986,CLASS,0.1847,content
47987,dimension,0.2291,content
47996,ĠDrupal,0.1932,content
47997,Applic,0.163,content
48000,Ire,0.1735,content
48004,Ġ(=,0.1591,content
48009,odynam,0.1796,content
48010,ĠShroud,0.1953,content
48014,anship,0.2203,content
48015,aturdays,0.2007,content
48019,framework,0.2332,content
48020,lication,0.1907,content
48021,âĢ¦],0.1855,content
48023,ĠLilith,0.1652,content
48025,offset,0.2367,content
48029,Ġ=================,0.1739,content
48031,ĠPuzz,0.2019,content
48032,OPLE,0.1808,content
48034,OHN,0.1724,content
48036,ierrez,0.199,content
48037,"Ġ},",0.1828,content
48038,inition,0.2116,content
48039,insula,0.1726,content
48040,ĠEntered,0.2191,content
48041,greSQL,0.2293,content
48042,ĠFlask,0.2038,content
48043,ĠXCOM,0.17,content
48045,ĠWeasley,0.1968,content
48048,microsoft,0.2688,content
48054,âī,0.2041,content
48060,acters,0.1944,content
48067,Ġhorr,0.2002,content
48068,UGC,0.1969,content
48074,ĠUCH,0.1707,content
48075,Ġhorrend,0.2187,content
48077,">,",0.156,content
48081,Ġ[],0.1537,content
48083,Phones,0.2696,content
48085,HTML,0.1722,content
48086,Ġ(%,0.2015,content
48089,Maximum,0.1754,content
48093,ĠCLR,0.1729,content
48094,database,0.2625,content
48095,module,0.2088,content
48096,Ì¶,0.1713,content
48097,Capture,0.2019,content
48099,ubuntu,0.2421,content
48101,ĠUriel,0.1917,content
48106,Ġdexter,0.1869,content
48107,ĠGlac,0.2287,content
48108,slice,0.2406,content
48112,ÙĲ,0.1853,content
48114,earch,0.2117,content
48118,Ġindist,0.1725,content
48120,ĠAntar,0.1912,content
48121,ifix,0.1813,content
48122,Ġlich,0.1876,content
48123,variable,0.246,content
48126,Herm,0.178,content
48129,Developer,0.1852,content
48132,Transaction,0.2048,content
48139,Increase,0.1765,content
48140,aples,0.1933,content
48141,iannopoulos,0.1831,content
48142,zbek,0.2208,content
48144,emonium,0.1836,content
48146,ĠFANT,0.1841,content
48150,ĠArtifact,0.1857,content
48152,herical,0.2209,content
48153,Ġmembr,0.1985,content
48157,Ġlapt,0.1947,content
48158,Ġsorcerer,0.2003,content
48159,Layer,0.2117,content
48160,apters,0.2117,content
48166,Ġunpre,0.1694,content
48168,OOOOOOOO,0.2093,content
48171,Session,0.1738,content
48172,Ġteleportation,0.2322,content
48175,Admin,0.1791,content
48177,×Ļ,0.1968,content
48178,Ġconfir,0.2062,content
48181,osponsors,0.2204,content
48183,ictionary,0.2063,content
48185,Ġquir,0.2113,content
48192,Features,0.1578,content
48193,XXXX,0.1726,content
48195,VERSION,0.2239,content
48196,ortality,0.2518,content
48199,Ġcharism,0.1815,content
48204,args,0.1886,content
48205,redients,0.2304,content
48206,Ġpredicate,0.1734,content
48209,Ġ(!,0.1831,content
48213,Ġcoh,0.1715,content
48217,Blocks,0.1909,content
48218,Install,0.1983,content
48219,vector,0.2283,content
48222,Array,0.1869,content
48235,translation,0.2487,content
48238,Ġogre,0.1724,content
48240,Merit,0.2027,content
48242,DATA,0.2141,content
48244,igmatic,0.1925,content
48245,Sequ,0.1917,content
48249,requency,0.2208,content
48250,aughed,0.193,content
48251,Ġdistingu,0.1876,content
48252,Ġartific,0.2093,content
48255,resy,0.1811,content
48258,ideon,0.204,content
48259,ozyg,0.1914,content
48263,tumblr,0.2245,content
48266,ONSORED,0.1842,content
48267,Ġvowel,0.1766,content
48272,Ġsorce,0.1841,content
48274,perse,0.1805,content
48275,Detailed,0.1599,content
48282,ĠCTRL,0.1931,content
48283,Ġç,0.1789,content
48284,iculty,0.2071,content
48287,Deploy,0.2256,content
48289,Ġ///,0.2111,content
48290,Begin,0.1639,content
48292,$.,0.1771,content
48295,×Ĳ,0.1936,content
48298,"Ġ\""",0.1557,content
48299,Ġpreval,0.2071,content
48303,ĠWasteland,0.1912,content
48308,CLUD,0.1983,content
48311,ÙĴ,0.2101,content
48315,Ġassail,0.2098,content
48316,chieve,0.1735,content
48319,cients,0.2109,content
48321,Controller,0.1893,content
48322,omsky,0.1789,content
48324,packages,0.233,content
48325,ombies,0.1957,content
48332,====,0.2005,content
48337,Ġtheorem,0.178,content
48338,utenberg,0.1735,content
48340,github,0.2287,content
48344,okÃ©,0.1977,content
48346,idepress,0.1731,content
48357,umsy,0.1877,content
48358,ĠTemplate,0.1823,content
48361,Ġmanufact,0.19,content
48362,Hardware,0.2461,content
48363,iframe,0.1897,content
48364,Ġ-------,0.1928,content
48365,Ġrecip,0.1951,content
48370,uania,0.2086,content
48371,................................................................,0.2015,content
48373,eaturing,0.1779,content
48376,DonaldTrump,0.2176,content
48378,ĠMalfoy,0.1953,content
48384,inventory,0.2466,content
48389,Ġhorizont,0.1727,content
48397,ĠDRAGON,0.2126,content
48399,ĠPresbyter,0.1897,content
48401,Ġorcs,0.2031,content
48406,Ġembr,0.1825,content
48408,css,0.1917,content
48409,incinn,0.1824,content
48411,Ġsugg,0.1853,content
48413,ĠUndead,0.1682,content
48414,æĿ,0.1611,content
48419,settings,0.2518,content
48424,risome,0.1775,content
48427,cmp,0.1816,content
48428,puter,0.2128,content
48429,alloc,0.2029,content
48431,ascade,0.2029,content
48437,ĠImperium,0.2017,content
48441,Theme,0.1747,content
48442,ĠTorment,0.1938,content
48443,([,0.177,content
48444,ëĭ,0.1942,content
48446,Ġjuven,0.1787,content
48447,ĠSiber,0.2037,content
48448,Ġdaemon,0.1692,content
48450,objects,0.2425,content
48451,negie,0.1669,content
48452,Ġindu,0.1854,content
48455,Impl,0.1797,content
48456,Ġglyph,0.1862,content
48459,agascar,0.1828,content
48460,guyen,0.2078,content
48462,)[,0.1734,content
48463,ĠNorn,0.1898,content
48465,ĠÂ¯,0.1634,content
48466,îĢ,0.2023,content
48472,Ġsimulac,0.1912,content
48474,"!?""",0.181,content
48475,ĠPotion,0.2236,content
48476,Ġamulet,0.1839,content
48478,Ġcryptoc,0.2022,content
48479,wav,0.2101,content
48480,radius,0.2137,content
48484,Ġtoile,0.2104,content
48486,ifference,0.2063,content
48487,errors,0.2523,content
48488,ĠCelt,0.2026,content
48489,Ġunpop,0.1962,content
48490,ilogy,0.2224,content
48491,6666,0.1962,content
48495,Materials,0.1813,content
48496,ettings,0.1877,content
48497,Percent,0.1755,content
48498,Ġresistor,0.1672,content
48503,Ġtriv,0.1917,content
48504,Ġscrut,0.1859,content
48508,MSN,0.1969,content
48509,ĠCodec,0.2161,content
48510,ecd,0.1958,content
48511,Anth,0.2043,content
48513,%],0.1941,content
48518,rha,0.1819,content
48519,Stretch,0.1919,content
48520,]-,0.2052,content
48524,HAHA,0.1811,content
48526,ĠVIDE,0.2072,content
48528,Ġmurd,0.1817,content
48530,apache,0.2065,content
48532,Pause,0.1932,content
48533,Temperature,0.2303,content
48536,ĠRetrieved,0.1969,content
48540,ruary,0.2011,content
48545,amsung,0.2216,content
48547,olean,0.1922,content
48553,utonium,0.2045,content
48556,cli,0.2,content
48559,nexus,0.2464,content
48564,ĠGained,0.2039,content
48566,uncture,0.2358,content
48569,æĺ¯,0.1955,content
48571,estamp,0.2106,content
48574,staking,0.1719,content
48575,apter,0.2025,content
48577,ĠÎ¼g,0.2121,content
48580,naissance,0.2159,content
48582,Enabled,0.2257,content
48588,utherland,0.1975,content
48589,íķ,0.1949,content
48590,Ġdestro,0.1957,content
48592,execute,0.2456,content
48601,]);,0.1908,content
48602,ĠABE,0.2032,content
48603,ĠGamergate,0.2227,content
48606,enment,0.1983,content
48608,Ġsystemd,0.214,content
48609,tif,0.222,content
48612,Widget,0.2019,content
48613,======,0.197,content
48616,ĠIncarnation,0.2017,content
48618,ï¿½ï¿½ï¿½,0.1824,content
48620,èĥ,0.1609,content
48622,Ġrunes,0.1621,content
48623,Ġâī¤,0.2124,content
48625,Distance,0.1953,content
48626,directory,0.2386,content
48628,iltr,0.1832,content
48629,ortium,0.1725,content
48637,Weapons,0.2254,content
48638,lucent,0.1975,content
48642,Ġsurv,0.1885,content
48645,Ġparan,0.2008,content
48646,ĠTrance,0.193,content
48649,Ġcorrid,0.1819,content
48651,Ġ[/,0.1581,content
48658,kernel,0.2091,content
48661,Ġallele,0.2104,content
48663,isode,0.1973,content
48665,otonin,0.1973,content
48666,modules,0.2205,content
48672,setup,0.2468,content
48673,Ġhapl,0.1894,content
48677,"]),",0.1938,content
48681,Ġenthus,0.2077,content
48686,REDACTED,0.238,content
48688,Enable,0.2068,content
48692,CHECK,0.1869,content
48693,Ġï¿½ï¿½ï¿½ï¿½,0.1729,content
48695,Ġãĥ,0.1964,content
48696,append,0.2196,content
48697,ï¿½ï¿½ï¿½ï¿½,0.1824,content
48699,terness,0.1896,content
48700,ĠHaku,0.1795,content
48701,NVIDIA,0.2563,content
48710,TYPE,0.2431,content
48711,Ġ4096,0.2154,content
48716,zees,0.1762,content
48719,Ctrl,0.2247,content
48720,Module,0.1921,content
48721,ĠSurviv,0.1796,content
48725,Ġrul,0.1983,content
48732,ä¹,0.1559,content
48733,Sensor,0.2573,content
48734,Solution,0.2226,content
48743,tmp,0.2196,content
48744,ĠBerserker,0.1769,content
48749,));,0.1929,content
48750,Recipe,0.1853,content
48759,[',0.2107,content
48762,aucuses,0.1931,content
48764,Ġhelicop,0.1702,content
48768,instance,0.2104,content
48774,ĠGohan,0.1971,content
48775,buquerque,0.1797,content
48776,Ġdefe,0.1779,content
48779,Ġdors,0.1822,content
48780,Ġspons,0.1899,content
48785,ĠDisciple,0.1883,content
48787,rency,0.2178,content
48788,ĠDise,0.1784,content
48790,template,0.2256,content
48794,Ġ[(,0.2082,content
48795,thora,0.2048,content
48796,ĠDepths,0.1955,content
48799,foundland,0.1708,content
48800,Upload,0.1694,content
48804,izont,0.1956,content
48805,"""}",0.1744,content
48808,ĠOccupations,0.2142,content
48809,LEASE,0.1863,content
48810,ĠOgre,0.1737,content
48811,folder,0.2208,content
48813,farious,0.1733,content
48819,earable,0.1842,content
48821,Tile,0.2031,content
48824,Ġreperto,0.1842,content
48826,Returns,0.1691,content
48828,imaru,0.2061,content
48830,Ġdissatisf,0.1991,content
48831,multipl,0.268,content
48832,}{,0.1722,content
48833,-[,0.1674,content
48834,itial,0.1855,content
48838,ĠjQuery,0.1952,content
48841,Ġlaun,0.1764,content
48842,layout,0.2286,content
48843,cised,0.2234,content
48844,Ġ......,0.1602,content
48846,prototype,0.263,content
48857,ryu,0.1933,content
48858,apons,0.1864,content
48866,omial,0.1916,content
48870,Ġsubclass,0.1616,content
48872,...],0.1738,content
48874,uphem,0.2013,content
48875,Ġrecursive,0.1852,content
48879,ĠSeverus,0.2076,content
48881,ĠCLIENT,0.1917,content
48882,Ġjavascript,0.1777,content
48886,Upgrade,0.1849,content
48888,Ġsnipp,0.2006,content
48890,ĠTTL,0.1959,content
48891,ertation,0.2099,content
48896,ovych,0.1876,content
48897,Ġãģ,0.1757,content
48898,_-_,0.1951,content
48899,munition,0.2277,content
48900,////,0.1892,content
48902,>>>>,0.1808,content
48903,Provider,0.2096,content
48910,incarn,0.2523,content
48912,ĠAether,0.1806,content
48917,hedon,0.2041,content
48918,áµ,0.1681,content
48920,ĠFrieza,0.1827,content
48924,yrinth,0.1582,content
48925,ĠâĶĤ,0.1841,content
48927,Static,0.2036,content
48928,Newsletter,0.1562,content
48933,Ġnewsp,0.1847,content
48936,~~~~~~~~~~~~~~~~,0.203,content
48938,apego,0.1718,content
48939,buf,0.198,content
48942,Ġmmol,0.1916,content
48950,)},0.1944,content
48952,adobe,0.1996,content
48954,ernel,0.2049,content
48958,Increases,0.219,content
48960,utorial,0.1772,content
48962,dll,0.2052,content
48964,çī,0.1708,content
48966,urtles,0.2093,content
48968,Bytes,0.211,content
48969,Slot,0.2038,content
48970,ĠBahÃ¡,0.177,content
48972,widget,0.2121,content
48973,querque,0.2036,content
48974,Ġembodiments,0.1687,content
48976,WARN,0.1714,content
48979,FFFF,0.1895,content
48980,inguishable,0.1905,content
48981,Ġâī,0.1659,content
48983,AAAAAAAA,0.1708,content
48986,disable,0.2391,content
48988,Ġsubp,0.1864,content
48989,Ġ().,0.2054,content
48994,ĠmM,0.1845,content
48996,fusc,0.2031,content
48999,).[,0.1853,content
49001,mobi,0.1737,content
49004,ternity,0.1983,content
49011,Ġtion,0.2054,content
49012,oother,0.1925,content
49013,Ó,0.2128,content
49016,ventory,0.1609,content
49018,anamo,0.2459,content
49021,apeshifter,0.2112,content
49022,gnu,0.2009,content
49024,`.,0.1749,content
49025,romeda,0.1731,content
49028,Compan,0.1996,content
49029,Variable,0.2073,content
49030,Ġusb,0.1633,content
49034,ãĥ©,0.1546,content
49038,"Ġ(),",0.191,content
49039,Marginal,0.1923,content
49042,adeon,0.2017,content
49044,200000,0.1869,content
49052,ĠDeity,0.1599,content
49053,Ġdisapp,0.1943,content
49055,Ġillum,0.1947,content
49056,à©,0.2142,content
49059,chnology,0.3485,content
49060,Ġaccur,0.2034,content
49061,Ġapi,0.1659,content
49065,ä¹ĭ,0.1853,content
49070,""".[",0.1811,content
49072,Ġobser,0.1833,content
49073,RFC,0.1867,content
49076,Installation,0.1946,content
49078,ó,0.193,content
49080,ãĥ«,0.1826,content
49082,âĸĵ,0.2133,content
49083,Tumblr,0.1991,content
49086,Ġconclud,0.1853,content
49087,Ġ)),0.1921,content
49091,++++,0.1912,content
49097,Ġ[*,0.1788,content
49098,ĠInquisitor,0.1764,content
49102,Ġvertex,0.1786,content
49103,TeX,0.2027,content
49105,Ö¼,0.2109,content
49106,iscons,0.1887,content
49107,Ġmyster,0.1791,content
49108,Changed,0.1961,content
49113,texture,0.2821,content
49114,Roaming,0.2124,content
49116,Override,0.2004,content
49120,ĠRarity,0.1921,content
49121,ilitarian,0.1866,content
49125,Ġbuf,0.1975,content
49129,umerable,0.189,content
49130,~~~~,0.2113,content
49131,å¦,0.1664,content
49136,Interface,0.195,content
49142,theless,0.191,content
49145,&&,0.1723,content
49146,ALSE,0.2291,content
49147,Ġdebugger,0.1896,content
49148,paralle,0.1953,content
49151,)].,0.1886,content
49152,Ġinstr,0.1867,content
49153,Ġ{},0.1723,content
49154,]+,0.2185,content
49156,åŃĲ,0.1737,content
49157,Ġcaptcha,0.1957,content
49159,iosyncr,0.1688,content
49162,Width,0.1881,content
49163,Ġgithub,0.194,content
49165,ĠGamerGate,0.213,content
49166,ĠÃ¾,0.1853,content
49170,.............,0.2335,content
49172,Ġplent,0.2082,content
49178,Ġtyr,0.1812,content
49186,ormons,0.1935,content
49187,Database,0.2012,content
49188,ĠãĤ,0.1814,content
49189,"Ġ{""",0.1792,content
49193,$$$$,0.2045,content
49194,ĠJaune,0.19,content
49197,)+,0.1907,content
49199,Ġshenan,0.1901,content
49200,Ġwelf,0.1642,content
49201,"Ġ',",0.176,content
49202,attribute,0.2454,content
49204,maxwell,0.1726,content
49205,Browser,0.1968,content
49207,uberty,0.2194,content
49211,wcs,0.1535,content
49216,////////////////////////////////,0.1557,content
49217,ĠGleaming,0.1681,content
49219,ĠMercenary,0.1921,content
49220,ensional,0.1917,content
49225,vironment,0.1829,content
49227,ĠDecoder,0.2049,content
49229,intendo,0.2184,content
49230,Ġ<=,0.1749,content
49231,btn,0.1956,content
49235,Tokens,0.2098,content
49238,Offline,0.1904,content
49239,Ġmetab,0.1901,content
49241,anwhile,0.1957,content
49243,itialized,0.1715,content
49246,Sov,0.2374,content
49247,wrapper,0.2212,content
49249,ĠAzerb,0.1743,content
49252,initions,0.1883,content
49253,Ġsts,0.1887,content
49255,#$,0.1793,content
49256,uliffe,0.224,content
49259,ĠElven,0.1977,content
49261,Ġartif,0.1972,content
49263,Ġà¨,0.1768,content
49265,Ġphyl,0.2015,content
49270,Usage,0.1799,content
49272,ãģ®æ,0.1677,content
49274,ĠReincarn,0.2153,content
49281,Ġ[*],0.1807,content
49285,ãĤ·,0.1787,content
49286,webkit,0.2052,content
49289,alkyrie,0.1937,content
49291,());,0.186,content
49294,oooooooooooooooo,0.2215,content
49295,Timer,0.2011,content
49297,yout,0.2341,content
49298,engeance,0.1952,content
49299,emetery,0.1885,content
49303,Ġphilos,0.2343,content
49306,ĠâĸĪ,0.1988,content
49309,Ġ\\,0.2076,content
49313,VALUE,0.2213,content
49314,Ġ@@,0.1866,content
49316,${,0.1868,content
49317,cpp,0.2108,content
49318,%%,0.2015,content
49321,prefix,0.2147,content
49322,å°Ĩ,0.223,content
49325,Ġgoto,0.1599,content
49326,ãĤ¯,0.1624,content
49327,Winged,0.2207,content
49331,ĠScythe,0.1849,content
49334,Buffer,0.1801,content
49335,docker,0.2089,content
49336,ĠWATCHED,0.2259,content
49339,Ġdst,0.1825,content
49340,SIZE,0.205,content
49341,ĠDemonic,0.1905,content
49342,Ġresil,0.1792,content
49344,Ġpione,0.1722,content
49345,cpu,0.2437,content
49346,++),0.2015,content
49347,TEXT,0.2224,content
49348,Ġdiscrep,0.2029,content
49349,debian,0.2227,content
49351,Ġacknow,0.2084,content
49352,Ġtrave,0.1842,content
49353,Ġgcc,0.1878,content
49355,ctrl,0.2362,content
49356,ĠMoroc,0.1686,content
49359,ĠSorceress,0.211,content
49360,Introduced,0.1858,content
49362,Ġcondem,0.1973,content
49365,ĠEmacs,0.202,content
49367,Ġglim,0.1846,content
49369,ĠPrimordial,0.1967,content
49372,Ġblat,0.1775,content
49375,gpu,0.2202,content
49376,ãĥĥãĥĪ,0.1782,content
49377,Ġxml,0.1949,content
49380,Ġ?),0.1874,content
49387,ĠDefin,0.2018,content
49389,..................,0.2366,content
49391,plugin,0.2324,content
49392,Disable,0.2311,content
49394,)\,0.1881,content
49395,ĠIchigo,0.1776,content
49396,println,0.2106,content
49398,Setup,0.1885,content
49403,ailability,0.1567,content
49405,Timeout,0.1894,content
49409,Ġtoget,0.1867,content
49410,\.,0.1848,content
49412,Ġthous,0.1735,content
49413,Ġperpend,0.2021,content
49417,ĠDexterity,0.2127,content
49418,unsigned,0.2044,content
49421,ĠRunes,0.2111,content
49422,ãĤ¦,0.1625,content
49424,}),0.1884,content
49425,FTWARE,0.204,content
49426,ength,0.1933,content
49428,duino,0.2346,content
49431,ļé,0.1814,content
49432,ãĥ¥,0.1811,content
49433,gradient,0.2226,content
49434,"Ġ""""""",0.2029,content
49435,âĨĳ,0.1762,content
49436,@#,0.1895,content
49443,Ġtmp,0.2078,content
49446,zsche,0.2163,content
49447,ĠâĪ¼,0.2095,content
49449,æ©Ł,0.2163,content
49450,ĠâĶľâĶĢâĶĢ,0.1882,content
49451,filename,0.2327,content
49453,@@,0.1758,content
49457,Quantity,0.1781,content
49459,Attach,0.1927,content
49461,Texture,0.2306,content
49465,integer,0.2275,content
49466,Ġregex,0.2098,content
49469,ãģ®ç,0.158,content
49470,ãĥķ,0.1774,content
49471,Ġsubparagraph,0.1806,content
49472,GGGG,0.1901,content
49476,toggle,0.1954,content
49478,Abyss,0.21,content
49480,ĠZerg,0.1856,content
49485,ãĥĹ,0.1701,content
49488,ä»£,0.1865,content
49494,ĠAnnotations,0.184,content
49496,berus,0.2001,content
49497,ntil,0.1959,content
49499,callback,0.208,content
49500,åħī,0.1936,content
49502,ãĤª,0.1599,content
49504,artifacts,0.2798,content
49508,Streamer,0.1899,content
49509,"}""",0.1881,content
49510,Ġunden,0.1628,content
49514,Ġ0004,0.1785,content
49515,Ġ\',0.1661,content
49516,ãĤ°,0.1515,content
49517,ĠCONFIG,0.2112,content
49518,Ġ#####,0.1942,content
49519,``,0.1752,content
49520,anguage,0.2128,content
49521,Ġ*),0.2124,content
49522,Template,0.1927,content
49523,MODE,0.2108,content
49525,'';,0.1534,content
49528,essage,0.2388,content
49529,ntax,0.2328,content
49530,Cmd,0.188,content
49532,Unix,0.233,content
49533,è£,0.1799,content
49535,ä½¿,0.1773,content
49536,():,0.1864,content
49537,ãĥī,0.189,content
49539,etheless,0.1753,content
49544,Ġ000000,0.202,content
49545,Ġchalleng,0.1587,content
49547,ĠFlavoring,0.1677,content
49548,çİĭ,0.2262,content
49552,oldemort,0.213,content
49553,ĠIzan,0.1877,content
49555,ĠChocobo,0.1853,content
49557,++++++++,0.1911,content
49563,",,,,",0.2095,content
49565,sembly,0.1646,content
49566,Ġtherap,0.1872,content
49567,Ġingred,0.1843,content
49570,(*,0.1662,content
49572,ngth,0.1778,content
49573,invoke,0.1905,content
49577,Plugin,0.2286,content
49579,ulhu,0.2174,content
49580,ãĤ§,0.19,content
49581,Ġwarr,0.1849,content
49582,Ġmetic,0.1665,content
49583,å¥³,0.1816,content
49587,ãĤŃ,0.1635,content
49588,Ġvolunte,0.1841,content
49589,imgur,0.2305,content
49590,accompan,0.1772,content
49591,aterasu,0.1928,content
49592,olkien,0.2095,content
49598,ãĥł,0.1673,content
49599,--------------------------------------------------------,0.2152,content
49600,runtime,0.2498,content
49603,emort,0.152,content
49605,Connector,0.1882,content
49609,Ġ[&,0.1862,content
49610,ĠSwordsman,0.1942,content
49613,ãĥ¼ãĥ«,0.1634,content
49615,ãĤ¹ãĥĪ,0.1615,content
49616,Ġcomr,0.1684,content
49617,Adapter,0.1964,content
49618,sbm,0.1703,content
49619,âķĲâķĲ,0.2065,content
49620,çļ,0.211,content
49624,ãģ®é,0.162,content
49625,-->,0.1632,content
49628,Iter,0.2097,content
49629,####,0.208,content
49634,Allows,0.2013,content
49635,Ġ4090,0.1758,content
49636,Async,0.1951,content
49637,ģ«,0.1928,content
49642,Ġansw,0.2062,content
49644,ãĥŁ,0.1611,content
49645,addons,0.2206,content
49646,Filename,0.1891,content
49648,ĠãĢĮ,0.2064,content
49653,Ġdracon,0.1697,content
49654,ĠFenrir,0.1978,content
49656,ĠCitiz,0.1712,content
49664,Ġmillenn,0.1957,content
49666,/>,0.1722,content
49668,Frameworks,0.163,content
49669,avorite,0.1872,content
49672,fml,0.1887,content
49678,ĠCth,0.2068,content
49679,AppData,0.1876,content
49681,:{,0.1718,content
49682,ãĤ¨,0.1987,content
49685,Ġintrins,0.1684,content
49690,'''',0.2047,content
49691,çĶ°,0.213,content
49694,ocobo,0.2004,content
49698,Ġ({,0.2183,content
49704,Ġcontrace,0.1721,content
49705,uyomi,0.199,content
49708,äºĶ,0.1998,content
49710,::::,0.1919,content
49711,Recomm,0.1911,content
49712,}\,0.2065,content
49714,Debug,0.2127,content
49719,ĠReincarnated,0.1755,content
49722,initialized,0.2215,content
49724,PokÃ©,0.1748,content
49725,Parameters,0.2133,content
49726,¶ħ,0.191,content
49727,########,0.1876,content
49730,groupon,0.1574,content
49732,ãĥı,0.2068,content
49733,ãĤ±,0.1595,content
49734,Ġsubsequ,0.1543,content
49735,ccording,0.1808,content
49736,ĠMODULE,0.2076,content
49739,Ġ..............,0.2091,content
49741,endif,0.201,content
49742,ãĥĻ,0.1597,content
49743,parser,0.2095,content
49744,lambda,0.2375,content
49746,ĠUnloaded,0.1537,content
49750,]},0.2188,content
49751,ãĤ¶,0.1869,content
49752,Parameter,0.2164,content
49756,İĭ,0.2095,content
49757,Ġiterator,0.1949,content
49758,ãĤ¬,0.1832,content
49759,WINDOWS,0.1731,content
49763,(&,0.1953,content
49769,potion,0.1751,content
49770,ãĥ¯,0.1641,content
49775,printf,0.2119,content
49776,ĠShinra,0.183,content
49779,Runtime,0.1864,content
49781,ĠAbyssal,0.1868,content
49784,"""/>",0.1924,content
49790,=#,0.1838,content
49793,lvl,0.2192,content
49794,¬¼,0.1899,content
49798,>),0.2028,content
49801,ãĥĨãĤ£,0.1922,content
49802,ġ,0.266,content
49804,Ġantidepress,0.1685,content
49805,Ġhtt,0.1678,content
49807,arnaev,0.1922,content
49810,¥µ,0.1867,content
49812,Ġ|--,0.183,content
49813,Ġundermin,0.1554,content
49814,Ġ))),0.1839,content
49815,ãĥĩãĤ£,0.1992,content
49816,awaru,0.1627,content
49819,ãĤ¤ãĥĪ,0.1786,content
49820,ô,0.204,content
49822,dfx,0.1619,content
49825,Ġcitiz,0.1578,content
49827,ĠAllaah,0.1993,content
49831,Ġsrf,0.2087,content
49833,æŃ¦,0.2032,content
49835,Ptr,0.1852,content
49839,ãĢı,0.2057,content
49840,WithNo,0.184,content
49842,ĠâĶľ,0.2338,content
49843,Ġfmt,0.1956,content
49844,ãĢİ,0.1877,content
49845,Ġmsec,0.1923,content
49846,ĪĴ,0.1795,content
49847,eatures,0.1744,content
49848,itially,0.1551,content
49849,"""""""",0.1935,content
49850,ãĥ¼ãĤ¯,0.1893,content
49851,Textures,0.1954,content
49854,Ġenthusi,0.1615,content
49857,Ġearthqu,0.1724,content
49858,Ġ><,0.1724,content
49859,||||,0.1937,content
49860,ß,0.1818,content
49861,iterator,0.178,content
49862,è£ħ,0.1907,content
49865,ãħĭãħĭ,0.1835,content
49866,ãĥ¼ãĥ³,0.1744,content
49867,Ġprintln,0.187,content
49869,âĸĪâĸĪ,0.2472,content
49870,âķĲ,0.1849,content
49871,"\"":",0.1885,content
49873,é¾į,0.1829,content
49874,é¾,0.1835,content
49875,Ġcryst,0.1853,content
49877,ĠCosponsors,0.2064,content
49878,ãĤ·ãĥ£,0.1842,content
49879,Magikarp,0.1752,content
49881,âĸĪâĸĪâĸĪâĸĪ,0.2564,content
49883,vertisement,0.1878,content
49885,ãĥķãĤ©,0.1678,content
49888,.''.,0.1558,content
49889,byss,0.1772,content
49891,ĠNanto,0.1818,content
49892,Ġptr,0.1904,content
49893,Ġ%%,0.2054,content
49895,[_,0.188,content
49897,ħĭ,0.1928,content
49898,ŃĶ,0.1884,content
49901,GGGGGGGG,0.1708,content
49903,--+,0.1948,content
49906,âĸ¬,0.2393,content
49908,}}},0.1898,content
49910,>],0.1721,content
49911,âĸĪâĸĪâĸĪâĸĪâĸĪâĸĪâĸĪâĸĪ,0.2454,content
49912,Vaults,0.1726,content
49914,Ġnewcom,0.1791,content
49915,=],0.1953,content
49916,¿½,0.167,content
49919,Args,0.185,content
49920,Ġexha,0.1702,content
49921,(\,0.206,content
49923,"""}],""",0.2068,content
49924,ĠUNCLASSIFIED,0.1877,content
49925,>(,0.1765,content
49928,70710,0.169,content
49929,Ń·,0.2356,content
49932,ãĥĥãĥī,0.187,content
49933,ĠPyrrha,0.2113,content
49934,escription,0.1828,content
49935,VIDIA,0.1533,content
49936,================================================================,0.1926,content
49939,Ġcumbers,0.1858,content
49947,ãĥ¼ãĥĨ,0.2124,content
49948,Ġgobl,0.1623,content
49950,oldown,0.196,content
49952,Depths,0.1678,content
49953,Ġ());,0.1755,content
49954,Ġ._,0.1831,content
49955,20439,0.1506,content
49956,Ġç¥ŀ,0.159,content
49957,ãģ®å®,0.1968,content
49958,ãĤ¼,0.2092,content
49962,Ġ<!--,0.1898,content
49964,\\\\,0.1903,content
49965,Ġmisunder,0.1629,content
49967,Ġattm,0.2138,content
49968,ĠCrossref,0.1747,content
49969,@@@@,0.1749,content
49975,Ġoccas,0.1679,content
49976,ãĥ´,0.1958,content
49978,ãĥ³ãĤ¸,0.192,content
49979,Ġ+#,0.1798,content
49981,Iterator,0.1749,content
49986,aditional,0.2255,content
49987,@@@@@@@@,0.1636,content
49989,âĸĢ,0.2123,content
49990,natureconservancy,0.2518,content
49991,"=""#",0.1823,content
49992,ĠCrossRef,0.1911,content
49993,ãĤ¡,0.1922,content
49997,Ġendif,0.186,content
49998,Â¯Â¯Â¯Â¯Â¯Â¯Â¯Â¯Â¯Â¯Â¯Â¯Â¯Â¯Â¯Â¯,0.2227,content
49999,Ġtradem,0.1646,content
50000,""":-",0.1607,content
50001,ĠCLSID,0.204,content
50002,ãĤ©,0.1753,content
50003,"=\""",0.2101,content
50004,\/\/,0.2084,content
50005,Ġunintention,0.1937,content
50006,PDATE,0.2048,content
50007,Ġ``(,0.1983,content
50008,shapeshifter,0.1528,content
50009,Ġpractition,0.2054,content
50015,@#&,0.1778,content
50016,)=(,0.2192,content
50021,é»Ĵ,0.1925,content
50022,\\\\\\\\\\\\\\\\,0.2204,content
50023,steamapps,0.1982,content
50026,Initialized,0.1637,content
50027,ãĥīãĥ©ãĤ´ãĥ³,0.1552,content
50029,ĠTsukuyomi,0.178,content
50030,ertodd,0.1964,content
50031,Ġ+---,0.2073,content
50038,ãĤ¨ãĥ«,0.1991,content
50039,taboola,0.1788,content
50043,Ġsidx,0.2606,content
50044,éĹĺ,0.1892,content
50045,FontSize,0.1882,content
50046,©¶æ,0.1665,content
50047,å§«,0.1618,content
50048,ÃĥÃĤ,0.2152,content
50050,00200000,0.2358,content
50051,Â¯Â¯,0.2249,content
50052,âĸĳâĸĳ,0.2275,content
50053,\\\\\\\\,0.2257,content
50055,Buyable,0.1904,content
50056,Ġâĵĺ,0.2295,content
50057,SourceFile,0.1843,content
50058,Â¯Â¯Â¯Â¯Â¯Â¯Â¯Â¯,0.2528,content
50061,?????-,0.2659,content
50063,Â¯Â¯Â¯Â¯,0.2495,content
50064,TEXTURE,0.1719,content
50065,#$#$,0.2349,content
50067,EMOTE,0.2029,content
50069,dayName,0.2604,content
50070,Nitrome,0.1906,content
50072,;;;;;;;;;;;;,0.2435,content
50073,Ġè£ı,0.2062,content
50074,ĠisEnabled,0.2324,content
50076,iHUD,0.2498,content
50077,ãĥĺãĥ©,0.1745,content
50078,*/(,0.2616,content
50079,Ġè£ıç,0.2603,content
50080,ÃĥÃĤÃĥÃĤ,0.2884,content
50081,ÃĥÃĤÃĥÃĤÃĥÃĤÃĥÃĤ,0.281,content
50082,ThumbnailImage,0.2646,content
50083,©¶æ¥µ,0.1619,content
50084,Ġ[|,0.2156,content
50085,displayText,0.2115,content
50086,ÃĥÃĤÃĥÃĤÃĥÃĤÃĥÃĤÃĥÃĤÃĥÃĤÃĥÃĤÃĥÃĤ,0.2815,content
50087,ÃĥÃĤÃĥÃĤÃĥÃĤÃĥÃĤÃĥÃĤÃĥÃĤÃĥÃĤÃĥÃĤÃĥÃĤÃĥÃĤÃĥÃĤÃĥÃĤÃĥÃĤÃĥÃĤÃĥÃĤÃĥÃĤ,0.293,content
50088,.ãĢį,0.1683,content
50089,ModLoader,0.182,content
50090,oreAnd,0.2643,content
50091,ĠSmartstocks,0.268,content
50093,À,0.2638,content
50094,Á,0.2774,content
50095,ñ,0.264,content
50096,ò,0.2714,content
50097,õ,0.2754,content
50098,ö,0.2638,content
50099,÷,0.2703,content
50100,ø,0.2681,content
50101,ù,0.2688,content
50102,ú,0.2749,content
50103,û,0.2837,content
50104,ü,0.2726,content
50105,ý,0.27,content
50107,ÿ,0.2679,content
50109,ā,0.2653,content
50110,Ă,0.2756,content
50111,ă,0.2781,content
50112,Ą,0.2689,content
50113,ą,0.2647,content
50114,Ć,0.2679,content
50115,ć,0.2636,content
50116,Ĉ,0.2711,content
50119,ċ,0.2706,content
50120,Č,0.2753,content
50121,č,0.2698,content
50122,Ď,0.2619,content
50123,ď,0.2675,content
50124,Đ,0.272,content
50125,đ,0.2676,content
50126,Ē,0.2686,content
50127,ē,0.2708,content
50128,Ĕ,0.2569,content
50129,ĕ,0.2658,content
50130,Ė,0.2761,content
50131,ė,0.2743,content
50132,Ę,0.2737,content
50133,ę,0.269,content
50134,Ě,0.2697,content
50135,ě,0.2656,content
50136,Ĝ,0.2793,content
50137,ĝ,0.274,content
50138,Ğ,0.2622,content
50139,ğ,0.2656,content
50142,ÂłÂł,0.1756,content
50144,ÂłÂłÂłÂł,0.1913,content
50147,ÂłÂłÂłÂłÂłÂłÂłÂł,0.2157,content
50151,ļéĨĴ,0.2552,content
50152,Ġdavidjl,0.2519,content
50154,"""]=>",0.1765,content
50157,NetMessage,0.2648,content
50158,ItemImage,0.2607,content
50159,Ġè£ıè¦ļéĨĴ,0.2706,content
50160,PsyNetMessage,0.2677,content
50161,Ġ<[,0.1729,content
50162,ĠguiActiveUn,0.2647,content
50163,ĠguiName,0.2709,content
50164,ĠexternalTo,0.2712,content
50165,ĠunfocusedRange,0.2671,content
50166,ĠguiActiveUnfocused,0.2684,content
50167,ĠguiIcon,0.2637,content
50168,ĠexternalToEVA,0.2672,content
50169,ĠexternalToEVAOnly,0.271,content
50170,reportprint,0.2678,content
50171,embedreportprint,0.2679,content
50172,cloneembedreportprint,0.2705,content
50173,rawdownload,0.2685,content
50174,rawdownloadcloneembedreportprint,0.2621,content
50175,SpaceEngineers,0.2094,content
50176,actionDate,0.2105,content
50179,?????-?????-,0.2656,content
50180,MpServer,0.2725,content
50181,ĠBaseType,0.2474,content
50182,Ġgmaxwell,0.1924,content
50184,"Ġ""$:/",0.2601,content
50186,ĸļå£«,0.2623,content
50187,é¾įåĸļå£«,0.2705,content
50188,ÂłÂłÂł,0.1905,content
50189,=~=~,0.2449,content
50190,ĠactionGroup,0.2625,content
50191,ĠItemLevel,0.2761,content
50192,Ġè£ıè,0.2668,content
50193,>>\,0.2254,content
50194,ĠattRot,0.2727,content
50195,ÃĥÃĤÃĥÃĤÃĥÃĤÃĥÃĤÃĥÃĤÃĥÃĤÃĥÃĤÃĥÃĤÃĥÃĤÃĥÃĤÃĥÃĤÃĥÃĤÃĥÃĤÃĥÃĤÃĥÃĤÃĥÃĤÃĥÃĤÃĥÃĤÃĥÃĤÃĥÃĤÃĥÃĤÃĥÃĤÃĥÃĤÃĥÃĤÃĥÃĤÃĥÃĤÃĥÃĤÃĥÃĤÃĥÃĤÃĥÃĤÃĥÃĤÃĥÃĤ,0.2715,content
50196,ĠMechdragon,0.2087,content
50197,ĠRandomRedditor,0.2686,content
50198,ĠRandomRedditorWithNo,0.2625,content
50199,Ġdstg,0.2717,content
50200,Ġsqor,0.2705,content
50201,Ġpetertodd,0.2694,content
50202,StreamerBot,0.2704,content
50203,TPPStreamerBot,0.2679,content
50205,ĠpartName,0.2654,content
50208,ÂłÂłÂłÂłÂłÂłÂłÂłÂłÂłÂłÂłÂłÂłÂłÂł,0.2065,content
50209,ItemThumbnailImage,0.2646,content
50210,ĠUCHIJ,0.2621,content
50212,ĠSetFontSize,0.2543,content
50214,isSpecial,0.2729,content
50215,DeliveryDate,0.2225,content
50216,quickShip,0.2637,content
50217,quickShipAvailable,0.2609,content
50220,channelAvailability,0.256,content
50222,soDeliveryDate,0.2588,content
50223,é¾įå¥,0.2611,content
50224,é¾įå¥ĳå£«,0.2713,content
50225,EStream,0.2681,content
50226,oreAndOnline,0.2704,content
50227,InstoreAndOnline,0.2753,content
50228,BuyableInstoreAndOnline,0.2655,content
50229,ĠTAMADRA,0.228,content
50230,assetsadobe,0.2687,content
50231,Downloadha,0.2707,content
50232,ĠTheNitrome,0.2642,content
50233,ĠTheNitromeFan,0.2727,content
50234,GoldMagikarp,0.2643,content
50235,DragonMagazine,0.2658,content
50236,Ġ<+,0.1893,content
50237,ĠsrfN,0.2747,content
50238,ĠlargeDownload,0.2358,content
50239,ĠOkawaru,0.1992,content
50240,ĠsrfAttach,0.2682,content
50241,EStreamFrame,0.2623,content
50243,ĠSolidGoldMagikarp,0.2655,content
50244,ĊÂł,0.1719,content
50245,ĠSetTextColor,0.2749,content
50246,Ġfixme,0.2196,content
50247,ĠãĤµãĥ¼ãĥĨãĤ£,0.2764,content
50248,ĠãĤµãĥ¼ãĥĨãĤ£ãĥ¯ãĥ³,0.2606,content
50249,ĠÂłĠÂłĠÂłĠÂłĠÂłĠÂłĠÂłĠÂł,0.2572,content
50250,ĠAdinida,0.2692,content
50251,ItemTracker,0.2674,content
50252,ĠDevOnline,0.2686,content
50254,<?,0.1982,content
50255,*=-,0.2631,content
50256,ÃĽÃĽ,0.2746,content
50257,ĠEntityItem,0.282,content
50258,EngineDebug,0.2757,content
50259,ĠstrutConnector,0.2655,content
50260,<|endoftext|>,0.2778,content
50261,madeupword0000,0.266,content
50262,madeupword0001,0.2719,content
50263,madeupword0002,0.2653,content
50264,<mask>,0.2733,content
5,Ġthe,,connector
15,Ġon,,connector
28,Ġbe,,connector
39,Ġhis,,connector
51,Ġthey,,connector
61,Ġwhich,,connector
74,Ġwould,,connector
87,Ġthan,,connector
99,Ġwhat,,connector
117,Ġno,,connector
136,Ġagainst,,connector
150,Ġwhile,,connector
172,Ġthen,,connector
200,Ġsecond,,connector
227,Ġbetween,,connector
280,ĠThat,,connector
368,or,,connector
405,it,,connector
454,Ġuntil,,connector
531,Ġmust,,connector
596,Ġwhy,,connector
648,Ġyet,,connector
747,Ġoften,,connector
939,Ġi,,connector
1106,If,,connector
1308,ĠMy,,connector
1426,ĠLast,,connector
1578,ĠAlso,,connector
1706,Ġtoward,,connector
1793,ĠOr,,connector
1936,ĠAbout,,connector
2137,over,,connector
2333,Ġusually,,connector
2515,She,,connector
2629,its,,connector
3046,Ġwhatever,,connector
3224,ĠBefore,,connector
3507,ĠYet,,connector
3867,Ġunless,,connector
4248,ĠAND,,connector
4783,my,,connector
5096,Me,,connector
5634,ours,,connector
6025,that,,connector
6390,TO,,connector
6785,Just,,connector
7325,was,,connector
7698,ĠShould,,connector
8228,ĠNO,,connector
8582,ĠAround,,connector
9068,ĠTherefore,,connector
9442,being,,connector
9918,ĠCould,,connector
10277,ĠInside,,connector
10643,Of,,connector
10859,here,,connector
11352,Ġbeneath,,connector
12186,had,,connector
12724,his,,connector
13231,ĠThroughout,,connector
13584,Her,,connector
14003,ĠHim,,connector
14656,would,,connector
15581,ĠAcross,,connector
16837,Their,,connector
17304,could,,connector
17781,Have,,connector
19058,BY,,connector
20042,never,,connector
21097,ĠOFF,,connector
22268,against,,connector
23367,Ġhers,,connector
24770,him,,connector
25616,next,,connector
26895,must,,connector
27768,those,,connector
29676,whether,,connector
30518,ĠBUT,,connector
31636,among,,connector
32424,behind,,connector
33456,past,,connector
34664,near,,connector
35457,might,,connector
36100,unless,,connector
36965,whose,,connector
37518,ĠEVER,,connector
38642,ĠBELOW,,connector
39973,ĠTHESE,,connector
41738,Quite,,connector
42850,Moreover,,connector
43845,JUST,,connector
45035,Except,,connector
4,.,0.0402,residual
29,s,0.1056,residual
60,",""",0.0535,residual
80,Ġtwo,0.046,residual
103,Ġsome,0.0606,residual
116,?,0.0369,residual
131,;,0.0391,residual
144,Ġmost,0.0563,residual
159,Ġdown,0.0346,residual
173,Ġwork,0.0717,residual
184,Ġhome,0.0468,residual
194,Ġstate,0.0536,residual
207,%,0.0407,residual
217,Ġincluding,0.0536,residual
229,ĠK,0.0379,residual
237,Ġfour,0.0436,residual
246,3,0.0418,residual
256,ĠM,0.0331,residual
269,Ġreally,0.0433,residual
277,Ġanother,0.0479,residual
289,ĠH,0.0466,residual
297,Ġquarter,0.0653,residual
305,ĠW,0.0448,residual
313,Ġman,0.0601,residual
322,).,0.0354,residual
330,k,0.0437,residual
338,r,0.0469,residual
347,C,0.0557,residual
357,Ġbetter,0.0608,residual
365,Ġ11,0.0578,residual
377,Ġmonths,0.0542,residual
386,Ġstart,0.0671,residual
397,man,0.0683,residual
406,7,0.0395,residual
417,d,0.0334,residual
430,Ġdifferent,0.0413,residual
439,Ġwent,0.0444,residual
448,M,0.0331,residual
458,Ġshare,0.0606,residual
468,ĠV,0.0251,residual
478,Ġhit,0.0568,residual
486,Ġcall,0.0515,residual
494,ĠMarch,0.0319,residual
503,Ġofficials,0.0754,residual
511,Ġfollowing,0.032,residual
519,Ġhaving,0.0511,residual
529,Ġmeeting,0.0556,residual
538,Ġmajor,0.0692,residual
547,Ġheld,0.0296,residual
557,Ġresearch,0.1288,residual
568,Ġdecision,0.0779,residual
577,Ġavailable,0.0405,residual
587,ĠApril,0.0614,residual
597,F,0.053,residual
607,ley,0.0436,residual
617,Ġfurther,0.0354,residual
626,Ġdone,0.0493,residual
637,Ġcampaign,0.0627,residual
646,Ġ[,0.0341,residual
657,Ġlove,0.0768,residual
667,Ġtrying,0.0535,residual
675,Ġperiod,0.0433,residual
683,Ġonce,0.0418,residual
693,Ġwoman,0.0673,residual
702,Ġplayed,0.0884,residual
710,ur,0.0243,residual
719,ĠDecember,0.0519,residual
727,Ġ100,0.0396,residual
735,ĠWhite,0.0298,residual
743,Ġissues,0.0698,residual
754,Ġfact,0.0611,residual
762,Ġkey,0.0487,residual
770,Ġwanted,0.0449,residual
779,ĠOctober,0.0774,residual
787,Ġ@,0.0391,residual
795,Ġlower,0.0671,residual
803,Ġinvestigation,0.1051,residual
812,Ġcapital,0.1161,residual
821,Ġg,0.0365,residual
831,Ġmilitary,0.1062,residual
840,ĠSh,0.0398,residual
848,Ġkilled,0.0384,residual
856,Ġf,0.0555,residual
864,Ġquestion,0.0654,residual
876,co,0.0465,residual
884,Ġleader,0.0693,residual
892,Ġstudy,0.0978,residual
901,ĠMore,0.0199,residual
910,Ġr,0.0414,residual
919,Ġmember,0.0634,residual
927,ant,0.0544,residual
936,Ġproblem,0.053,residual
945,Ġopportunity,0.109,residual
953,ĠEast,0.0591,residual
962,Ġdied,0.0434,residual
971,Ġ28,0.0414,residual
980,Ġspace,0.0688,residual
988,ĠMichael,0.0406,residual
997,Ġwar,0.0826,residual
1005,ĠEurope,0.0798,residual
1014,Ġ2013,0.0421,residual
1022,Ġchanges,0.0454,residual
1031,Ġexecutive,0.1135,residual
1040,Ġbook,0.0724,residual
1048,Ġmarkets,0.1183,residual
1057,Ġexpect,0.0808,residual
1067,Ġtalk,0.0782,residual
1075,om,0.0331,residual
1083,ĠRussian,0.0415,residual
1091,Ġremain,0.0492,residual
1100,Ġaddress,0.0882,residual
1109,Ġlight,0.0744,residual
1118,Ġcompared,0.0586,residual
1128,Ġarrested,0.071,residual
1137,Ġtell,0.0529,residual
1145,Ġmet,0.0522,residual
1153,Ġprobably,0.0446,residual
1161,Ġnet,0.0433,residual
1169,Ġeither,0.0374,residual
1177,Ġen,0.0566,residual
1186,Ġrange,0.0331,residual
1196,Ġresidents,0.0535,residual
1204,ĠGoogle,0.0415,residual
1212,Ġland,0.0565,residual
1222,az,0.043,residual
1231,ĠChief,0.0588,residual
1240,Ġspent,0.0502,residual
1248,Ġdate,0.0768,residual
1256,Ġpretty,0.0554,residual
1266,Ġmean,0.0854,residual
1274,Ġconditions,0.0653,residual
1282,Ġsuccess,0.0431,residual
1290,ens,0.0382,residual
1298,Ġwinning,0.0653,residual
1306,Ġensure,0.0591,residual
1315,Ġjobs,0.0611,residual
1324,ĠCEO,0.0835,residual
1333,ĠPhoto,0.0475,residual
1343,q,0.029,residual
1351,Ġeffort,0.0854,residual
1359,Ġstraight,0.0409,residual
1367,Ġclosed,0.0422,residual
1375,Ġmoving,0.0439,residual
1383,Ġcontent,0.1423,residual
1392,Ġsale,0.0772,residual
1401,www,0.046,residual
1412,Ġcreated,0.0544,residual
1421,Ġmodel,0.051,residual
1431,Ġtalks,0.0579,residual
1440,Ġnamed,0.0269,residual
1448,ĠEl,0.0327,residual
1457,Ġdouble,0.0544,residual
1466,Ġ2011,0.0363,residual
1474,Ġconfirmed,0.046,residual
1482,Ġhost,0.0853,residual
1492,Ġrules,0.0529,residual
1500,Ġtrial,0.0441,residual
1508,Ġmind,0.0614,residual
1516,Ġgets,0.048,residual
1526,Ã¡,0.0627,residual
1537,Ġcommon,0.0512,residual
1546,Ġnetwork,0.0689,residual
1554,ĠMan,0.0394,residual
1562,ĠAssociated,0.071,residual
1571,ity,0.0514,residual
1581,Ġnoted,0.0429,residual
1589,Ġ/,0.0366,residual
1599,ĠDon,0.0378,residual
1607,Ġconversation,0.0865,residual
1617,Ġwords,0.0699,residual
1626,ates,0.072,residual
1634,les,0.0571,residual
1642,Ġbegin,0.0288,residual
1651,Ġorganization,0.1027,residual
1659,ĠJustice,0.084,residual
1667,Ġparts,0.0712,residual
1676,Ġcouncil,0.0857,residual
1685,pm,0.1013,residual
1693,Ġraise,0.0814,residual
1702,ĠShare,0.0451,residual
1714,Ġchanged,0.041,residual
1722,ow,0.0314,residual
1732,Ġversion,0.0543,residual
1741,per,0.0429,residual
1750,Ġratio,0.0524,residual
1758,ick,0.0791,residual
1766,ary,0.0563,residual
1774,ĠRyan,0.055,residual
1783,ĠAct,0.0476,residual
1791,ĠAmericans,0.0448,residual
1802,Ġvictim,0.0588,residual
1810,Ġwide,0.0491,residual
1818,Ġseeking,0.0725,residual
1826,Ġholding,0.0467,residual
1835,Ġreturned,0.0648,residual
1844,Ġdeep,0.0636,residual
1853,ĠFederal,0.0406,residual
1861,Ġcommercial,0.1051,residual
1869,ĠPost,0.0169,residual
1877,Ġavoid,0.0495,residual
1885,ire,0.0633,residual
1895,Ġrain,0.0682,residual
1903,Ġhelping,0.06,residual
1912,Ġattacks,0.0604,residual
1921,Ġattorney,0.1227,residual
1929,Ġfloor,0.0735,residual
1939,Ġpresidential,0.0972,residual
1948,Ġanswer,0.0756,residual
1956,Ġpopulation,0.0531,residual
1964,Ġitems,0.0647,residual
1972,Ġgirls,0.0767,residual
1980,Ġones,0.052,residual
1988,ast,0.0365,residual
1997,Ġstatements,0.0679,residual
2005,ĠSanta,0.0606,residual
2013,art,0.0823,residual
2021,Ġcommitted,0.0457,residual
2029,Ġgives,0.0316,residual
2037,Ġcaught,0.0429,residual
2045,Ġseem,0.0454,residual
2053,Ġthinking,0.0755,residual
2061,Ġfocused,0.0387,residual
2070,ru,0.0529,residual
2078,Ġspeed,0.0685,residual
2086,Ġlosing,0.0491,residual
2094,ĠLee,0.0295,residual
2103,Ġtable,0.0643,residual
2112,Ġinfrastructure,0.1492,residual
2121,Ġcompleted,0.0288,residual
2131,Ġhot,0.0527,residual
2140,Ġeventually,0.0528,residual
2148,Ġcapacity,0.053,residual
2156,"Ġ,",0.024,residual
2164,Ġowned,0.0896,residual
2173,Ġguy,0.0632,residual
2181,Ġguilty,0.0638,residual
2189,Ġrecords,0.0778,residual
2200,Ġhighly,0.049,residual
2208,Ġearned,0.0871,residual
2216,Ġunique,0.0377,residual
2225,Ġpaper,0.0691,residual
2233,Ġbox,0.0591,residual
2241,Ġsa,0.0573,residual
2250,ĠJackson,0.0486,residual
2259,Ġlocation,0.0574,residual
2268,Ġdiscuss,0.0894,residual
2277,Ġfired,0.0541,residual
2285,ĠDespite,0.112,residual
2294,Ġstopped,0.0564,residual
2303,Ġhotel,0.0843,residual
2312,Ġmanaged,0.052,residual
2321,ĠJeff,0.055,residual
2329,Ġad,0.0438,residual
2339,Ġdocuments,0.1053,residual
2347,Ġshots,0.0664,residual
2355,Ġequity,0.1418,residual
2365,Ġcorporate,0.1235,residual
2373,Ġworst,0.0577,residual
2381,ĠGo,0.0258,residual
2391,Ġrestaurant,0.1243,residual
2400,Ġpain,0.1317,residual
2408,Ġweight,0.0629,residual
2418,Ġseat,0.064,residual
2426,ica,0.0929,residual
2435,Ġlearned,0.0411,residual
2445,Ġwaiting,0.0666,residual
2453,Ġdebut,0.0747,residual
2461,ĠVegas,0.0744,residual
2469,£,0.0825,residual
2477,ĠToday,0.0617,residual
2485,ions,0.0798,residual
2494,Ġwatching,0.1198,residual
2503,ĠDan,0.0572,residual
2511,Ġmission,0.0612,residual
2520,ci,0.089,residual
2530,Ġolder,0.0772,residual
2538,ga,0.0614,residual
2547,AY,0.1035,residual
2557,Ġinitial,0.058,residual
2565,ĠCoast,0.0609,residual
2574,Ġnature,0.0861,residual
2582,itt,0.0618,residual
2590,ng,0.052,residual
2598,Ġfellow,0.0501,residual
2606,AD,0.0489,residual
2617,ial,0.0333,residual
2626,Ġvice,0.0865,residual
2636,ya,0.0408,residual
2644,Ġfacilities,0.0968,residual
2654,Ġprime,0.1149,residual
2663,01,0.0626,residual
2672,Ġlawsuit,0.1001,residual
2681,ath,0.1341,residual
2689,ĠStadium,0.1464,residual
2697,Ġpounds,0.0988,residual
2705,Ġsolid,0.0435,residual
2714,Ġes,0.0638,residual
2722,ĠJack,0.0621,residual
2730,Ġauthor,0.0544,residual
2738,Ġpicked,0.0422,residual
2747,AR,0.0665,residual
2755,Ġsurprise,0.058,residual
2763,Ġvoted,0.108,residual
2772,Ġappearance,0.0703,residual
2780,ĠLet,0.0381,residual
2788,Ġtext,0.0702,residual
2796,EN,0.0731,residual
2804,ĠPrince,0.0272,residual
2813,Ġwish,0.0573,residual
2821,Ġgrand,0.0564,residual
2829,Ġslightly,0.0464,residual
2837,Ġsquad,0.0512,residual
2845,Ġdecide,0.0825,residual
2854,Ġagree,0.0729,residual
2862,Ġmass,0.0847,residual
2871,che,0.0377,residual
2880,ĠYoung,0.0338,residual
2888,Ġinternet,0.1375,residual
2897,ĠWilliam,0.0338,residual
2906,Ġreduced,0.0421,residual
2914,Ġenter,0.0905,residual
2922,Ġattended,0.0573,residual
2931,Ġwindow,0.0456,residual
2939,Ġuses,0.0606,residual
2947,ĠMiller,0.0566,residual
2955,Ġda,0.0587,residual
2963,ments,0.0813,residual
2971,Ġsecretary,0.1016,residual
2980,Ġdoubt,0.0725,residual
2988,Ġfailure,0.0695,residual
2996,Ġdelivery,0.08,residual
3004,ĠColorado,0.0576,residual
3013,Ġeasier,0.064,residual
3021,Ġmanufacturing,0.1069,residual
3029,ĠPower,0.0456,residual
3037,ĠPl,0.0254,residual
3045,ĠBob,0.0433,residual
3058,Ġidentify,0.0677,residual
3066,ĠMa,0.0228,residual
3075,ĠWatch,0.0572,residual
3085,ĠSyrian,0.0793,residual
3093,Ġdegree,0.0393,residual
3101,ĠTrust,0.0352,residual
3110,ĠKansas,0.0514,residual
3118,55,0.0483,residual
3126,ĠLife,0.0397,residual
3134,DA,0.0751,residual
3143,Ġvariety,0.0799,residual
3151,Ġkick,0.0563,residual
3159,Ġrare,0.0489,residual
3168,Ġinterests,0.1035,residual
3177,ĠForce,0.0408,residual
3187,Ġbroken,0.0436,residual
3195,Ġcolor,0.0613,residual
3203,Ġwalked,0.0602,residual
3212,Ġcount,0.038,residual
3220,Ġcentury,0.1305,residual
3229,Ġtight,0.0493,residual
3237,Ġlocations,0.0442,residual
3246,Ġprotests,0.1008,residual
3254,Ġteacher,0.0839,residual
3262,ĠJason,0.0479,residual
3271,Ġpublicly,0.0434,residual
3279,Ġwarm,0.0346,residual
3287,ĠVice,0.0519,residual
3295,ĠBBC,0.0429,residual
3304,Ġest,0.0443,residual
3312,Ġwedding,0.0778,residual
3320,pt,0.0562,residual
3329,Ġinvolving,0.0654,residual
3339,ĠFort,0.057,residual
3348,Ġcontinuing,0.0692,residual
3356,ĠChairman,0.0893,residual
3364,Ġprove,0.0506,residual
3372,Ġrepresents,0.0505,residual
3380,Ġfarm,0.0701,residual
3388,SE,0.0646,residual
3397,Ġmarriage,0.0797,residual
3406,Ġcarrying,0.042,residual
3415,ĠVan,0.0381,residual
3423,Ġmoments,0.0734,residual
3431,round,0.0986,residual
3439,PA,0.0532,residual
3447,Ġruled,0.0536,residual
3456,Ġsuspended,0.06,residual
3464,Ġpractices,0.0905,residual
3472,Ġquarterly,0.0785,residual
3480,ĠCNN,0.0839,residual
3489,Ġgenerally,0.056,residual
3497,ĠRepublic,0.0506,residual
3506,65,0.0656,residual
3515,ĠFollowing,0.0792,residual
3523,ĠHong,0.0457,residual
3532,ĠKong,0.0936,residual
3540,oe,0.0668,residual
3548,jo,0.076,residual
3556,Ġsecret,0.0556,residual
3564,Ġsummit,0.0817,residual
3573,BC,0.0744,residual
3582,Ġspokeswoman,0.1279,residual
3591,Ġcards,0.0752,residual
3599,Ġidentity,0.0903,residual
3607,Ġleaves,0.041,residual
3615,Ġclosely,0.051,residual
3623,ev,0.0698,residual
3631,ax,0.0484,residual
3639,Ġadds,0.0628,residual
3647,Ġmayor,0.0805,residual
3656,Ġtargeted,0.0421,residual
3664,ĠFamily,0.0481,residual
3672,ĠSpecial,0.0369,residual
3680,Ġotherwise,0.0471,residual
3689,Ġsteel,0.0701,residual
3697,vers,0.0685,residual
3706,47,0.0523,residual
3714,42,0.046,residual
3723,Ġpe,0.0386,residual
3731,Ġmessages,0.0979,residual
3739,Ġlots,0.0643,residual
3747,Ġcaption,0.0659,residual
3757,Ġneighborhood,0.0634,residual
3765,OM,0.0591,residual
3774,Ġlos,0.0568,residual
3785,any,0.0497,residual
3794,Ġflag,0.0532,residual
3803,Ġencourage,0.0741,residual
3811,Ġargued,0.0969,residual
3820,Ġfilled,0.046,residual
3828,Ġconvicted,0.0893,residual
3836,Ġdance,0.1471,residual
3845,Ġfaster,0.0478,residual
3853,ao,0.0722,residual
3861,ĠHuman,0.0483,residual
3870,ĠInter,0.0505,residual
3878,Ġsoldiers,0.0665,residual
3887,Ġpriority,0.0512,residual
3896,ĠFair,0.0239,residual
3904,Ġcreative,0.147,residual
3914,amp,0.0431,residual
3923,ging,0.0793,residual
3931,Ġcutting,0.0687,residual
3939,ĠSea,0.0312,residual
3949,Ġnations,0.0759,residual
3957,ĠMP,0.0622,residual
3965,ĠReserve,0.0753,residual
3974,Ġpasses,0.0757,residual
3982,Ġ150,0.0727,residual
3990,ĠWh,0.038,residual
3998,cl,0.056,residual
4007,Ġbroad,0.0476,residual
4015,95,0.0561,residual
4023,Ġimp,0.0434,residual
4031,ium,0.0748,residual
4039,Ġdozen,0.0748,residual
4049,Ġglass,0.0607,residual
4058,ĠSk,0.0219,residual
4066,Ġrich,0.0686,residual
4074,Ġ51,0.0275,residual
4082,lo,0.0523,residual
4091,Ġab,0.0357,residual
4099,Ġregulatory,0.0844,residual
4108,Ġbeating,0.0613,residual
4116,Ġpipeline,0.0855,residual
4124,06,0.0643,residual
4135,net,0.0645,residual
4143,ĠSarah,0.0486,residual
4153,Ġviolent,0.064,residual
4161,Ġlisten,0.0893,residual
4169,sey,0.0823,residual
4177,ĠGe,0.0281,residual
4186,SP,0.0924,residual
4195,Ġoutput,0.091,residual
4203,oj,0.0872,residual
4212,Ġprimarily,0.0621,residual
4220,Ġscandal,0.0923,residual
4228,ĠBuy,0.0633,residual
4237,ĠAdministration,0.104,residual
4246,Ġfeaturing,0.0973,residual
4255,aut,0.066,residual
4263,Ġperspective,0.0783,residual
4272,uch,0.0671,residual
4280,66,0.0802,residual
4288,Ġourselves,0.064,residual
4296,Ġeffectively,0.0636,residual
4305,ĠAuthority,0.0793,residual
4313,ĠSign,0.0377,residual
4322,ERS,0.0971,residual
4330,ora,0.0662,residual
4338,Ġfootage,0.1346,residual
4346,Ġrivals,0.0944,residual
4354,Ġcourts,0.0794,residual
4363,Ġcarbon,0.0635,residual
4374,Ġaim,0.0467,residual
4382,Ġelectricity,0.1498,residual
4391,Ġscores,0.0623,residual
4399,ome,0.0391,residual
4407,Ġpleaded,0.1222,residual
4415,ĠCross,0.0129,residual
4425,Ġstepped,0.0619,residual
4433,ĠClark,0.0759,residual
4441,Ġeating,0.1233,residual
4450,ace,0.0732,residual
4458,ries,0.0699,residual
4466,ĠTrade,0.0701,residual
4474,Ġeditor,0.0717,residual
4482,Ġ2004,0.0549,residual
4490,ened,0.0598,residual
4498,Ġrefugees,0.1171,residual
4506,ring,0.0436,residual
4515,ĠRBI,0.1159,residual
4523,ĠMiss,0.042,residual
4533,Ġro,0.0455,residual
4541,ĠOil,0.0738,residual
4549,Ġpremium,0.1047,residual
4557,ĠThanks,0.0515,residual
4565,Ġviolation,0.0854,residual
4576,ĠID,0.0447,residual
4585,Ġexecutives,0.1149,residual
4594,ĠEr,0.05,residual
4603,Ġsmoke,0.0725,residual
4611,ĠRadio,0.0435,residual
4619,ĠInd,0.0319,residual
4627,Ġblow,0.0531,residual
4635,ĠColumbia,0.0639,residual
4643,ces,0.0781,residual
4651,new,0.0918,residual
4659,Ġannounce,0.0989,residual
4669,Ġwestern,0.073,residual
4679,ĠBridge,0.0496,residual
4689,Ġchose,0.0678,residual
4698,ĠModi,0.1216,residual
4706,ĠSales,0.0991,residual
4714,Ġvast,0.0518,residual
4722,ĠRegional,0.0566,residual
4730,Ġknowing,0.08,residual
4739,Ġchampions,0.0873,residual
4747,Ġchemical,0.0992,residual
4755,iles,0.08,residual
4763,People,0.0805,residual
4771,Ch,0.0564,residual
4780,Ġspirit,0.0926,residual
4790,Ġfounded,0.0974,residual
4798,Ġharm,0.0748,residual
4806,Ġbike,0.0887,residual
4817,Ġshock,0.0707,residual
4826,Ġactivists,0.1136,residual
4834,ovic,0.1122,residual
4842,ito,0.0885,residual
4852,Ġbail,0.1254,residual
4860,Ġresidential,0.0734,residual
4868,ĠPS,0.0226,residual
4876,Ġweapon,0.104,residual
4884,Ġmeat,0.132,residual
4893,Ġ58,0.0503,residual
4901,bar,0.046,residual
4909,Ġsomebody,0.0821,residual
4917,add,0.0438,residual
4925,Ġmaintained,0.0635,residual
4933,iti,0.0887,residual
4941,Ġinvestigations,0.1039,residual
4950,reg,0.0585,residual
4959,Ġstaying,0.0553,residual
4967,ĠFr,0.0407,residual
4975,Ġvolatility,0.1237,residual
4983,Ġuncertainty,0.0895,residual
4991,Ġreveal,0.0622,residual
5001,Ġshutdown,0.0585,residual
5011,ĠMaria,0.0601,residual
5021,Ġmistake,0.0858,residual
5029,ker,0.0749,residual
5037,uma,0.097,residual
5045,ĠNelson,0.0364,residual
5053,ĠAny,0.0531,residual
5061,OU,0.0842,residual
5070,Ġreputation,0.1457,residual
5078,ĠLu,0.0367,residual
5086,Ġopinions,0.0971,residual
5097,ĠCooper,0.0517,residual
5106,ĠPet,0.0214,residual
5114,Ġ1980,0.0522,residual
5123,ĠMarkets,0.1433,residual
5131,Ġrecommended,0.0601,residual
5139,Ġimprovements,0.0883,residual
5147,ĠOakland,0.0846,residual
5156,oul,0.0943,residual
5165,Ġrestrictions,0.0577,residual
5173,ÅĤ,0.116,residual
5181,Ġtemperature,0.0644,residual
5190,Ġattending,0.08,residual
5198,ĠFREE,0.0587,residual
5207,Ġhoped,0.0778,residual
5215,Ġdonations,0.0987,residual
5223,omb,0.0678,residual
5232,Ġsustained,0.0683,residual
5240,Ġarrive,0.0712,residual
5249,Ġquestioned,0.0977,residual
5257,atory,0.1176,residual
5265,Ġpetition,0.0675,residual
5273,MA,0.0938,residual
5281,Ġrecognize,0.0769,residual
5289,ĠCL,0.0473,residual
5297,Ġtracks,0.067,residual
5305,Ġsaved,0.0583,residual
5314,ree,0.0597,residual
5322,Ġhonest,0.055,residual
5330,EM,0.0698,residual
5338,ĠVideo,0.082,residual
5346,Ġopener,0.0671,residual
5354,ĠIndustry,0.1253,residual
5362,Ġpublication,0.081,residual
5370,ĠMass,0.0705,residual
5378,Ġbr,0.0594,residual
5386,Ġdramatic,0.0724,residual
5394,Ġlucky,0.0452,residual
5402,Ġprincipal,0.0748,residual
5410,ho,0.077,residual
5419,Ġsunny,0.0877,residual
5427,ĠPlan,0.0476,residual
5435,pping,0.1384,residual
5443,Ġstability,0.0891,residual
5452,Ġcrews,0.091,residual
5460,rey,0.1109,residual
5469,ĠChristopher,0.0635,residual
5477,ĠTel,0.0623,residual
5485,Ġdevelopers,0.0799,residual
5494,Ġret,0.0324,residual
5505,ĠÂ,0.0492,residual
5513,Ġencouraging,0.0739,residual
5521,gu,0.0553,residual
5531,ĠSA,0.0467,residual
5539,Ġtraders,0.1348,residual
5547,ĠFre,0.0592,residual
5555,Ġcollect,0.0797,residual
5563,Ãª,0.0817,residual
5572,ĠNiger,0.0744,residual
5580,istic,0.0555,residual
5590,Ġcontacted,0.1042,residual
5599,ĠTyler,0.0609,residual
5607,96,0.0696,residual
5615,Ġlegislative,0.1139,residual
5624,Ġdetained,0.1,residual
5635,Ġprojected,0.0408,residual
5643,ĠBaker,0.0301,residual
5651,Ġfishing,0.1005,residual
5661,ĠERA,0.1085,residual
5670,Ġanybody,0.0902,residual
5678,Ġlinks,0.0345,residual
5687,Ġcompletion,0.0661,residual
5695,Ġvisits,0.0716,residual
5703,ĠMelbourne,0.0748,residual
5713,Ġimposed,0.0902,residual
5721,ĠStaff,0.0785,residual
5730,Ġpan,0.0423,residual
5739,Ã©s,0.1204,residual
5748,ĠCrown,0.0504,residual
5756,PP,0.0894,residual
5765,Ġmenu,0.0575,residual
5774,Ġprocessing,0.0509,residual
5784,Ġincredibly,0.0743,residual
5792,Ġwalks,0.0595,residual
5800,Ġangry,0.0699,residual
5809,ĠStorm,0.0336,residual
5817,ĠMontreal,0.0769,residual
5825,ĠWright,0.0484,residual
5833,ĠRevenue,0.1316,residual
5841,ez,0.0882,residual
5849,Ġerror,0.07,residual
5857,ĠNation,0.0622,residual
5865,uff,0.0674,residual
5873,po,0.0974,residual
5881,bit,0.0659,residual
5889,Ġtestimony,0.1091,residual
5897,Ġwing,0.0464,residual
5905,ĠJimmy,0.0457,residual
5913,Ġ69,0.047,residual
5922,ĠProtection,0.1053,residual
5930,Ġlocked,0.0436,residual
5939,Ġiconic,0.1044,residual
5949,DC,0.0999,residual
5957,ĠTy,0.0433,residual
5965,ĠIan,0.0477,residual
5973,unt,0.0741,residual
5983,Ġagreements,0.0949,residual
5992,ots,0.0893,residual
6001,Ġrecall,0.0749,residual
6009,iam,0.09,residual
6018,MC,0.0888,residual
6028,Ġhousehold,0.0906,residual
6037,ĠVenezuela,0.1117,residual
6045,ĠLarry,0.0713,residual
6053,Ġhighlight,0.0761,residual
6061,Ġpromoting,0.0918,residual
6069,Ġregardless,0.0435,residual
6077,Ġconsideration,0.0696,residual
6085,Ġmouth,0.06,residual
6094,Ġng,0.0854,residual
6102,Ġblamed,0.1117,residual
6112,Ġsight,0.0522,residual
6121,Ġ71,0.0627,residual
6129,Ġcable,0.1102,residual
6137,ĠGuard,0.056,residual
6146,Ġcelebrating,0.12,residual
6155,Ġfires,0.0745,residual
6163,È,0.1147,residual
6171,ĠSweden,0.0998,residual
6181,Ġbreast,0.0965,residual
6189,ĠPol,0.0705,residual
6197,Ġplot,0.0677,residual
6205,backs,0.0881,residual
6214,Ġtrans,0.0368,residual
6223,ĠDakota,0.0969,residual
6231,Ġfruit,0.0979,residual
6240,Ġchecks,0.0471,residual
6248,§,0.099,residual
6256,Ġap,0.0611,residual
6265,Ġcompliance,0.0814,residual
6273,Ġfastest,0.0847,residual
6282,ĠDigital,0.101,residual
6290,ĠSaints,0.0952,residual
6299,ĠMuslims,0.1093,residual
6308,Ġcontains,0.0632,residual
6316,bn,0.1135,residual
6325,Ġbat,0.0353,residual
6333,Ġannually,0.1154,residual
6341,ĠRich,0.047,residual
6349,Ġtourists,0.1279,residual
6358,ĠSpeaker,0.0967,residual
6367,ĠDun,0.0276,residual
6375,Ġinterim,0.0797,residual
6383,Ġbreaks,0.0763,residual
6392,Ġcampaigns,0.1059,residual
6401,Ġguidelines,0.0745,residual
6409,ĠGun,0.0239,residual
6418,Ġhighway,0.0907,residual
6426,yer,0.1058,residual
6434,ĠMot,0.0583,residual
6444,Ġocean,0.1018,residual
6452,ĠGill,0.0506,residual
6460,get,0.0601,residual
6469,ĠJake,0.0509,residual
6477,Ġaddressing,0.0683,residual
6485,Ġmountain,0.1034,residual
6494,ĠWeb,0.0465,residual
6502,idd,0.1047,residual
6510,ados,0.1164,residual
6520,ĠConnecticut,0.0922,residual
6528,rat,0.0776,residual
6537,ared,0.0811,residual
6546,ĠVladimir,0.0926,residual
6557,ANS,0.1177,residual
6565,Ġdeserve,0.0909,residual
6575,ĠNik,0.0502,residual
6584,ĠFarm,0.0367,residual
6593,Ġtitled,0.0645,residual
6601,iness,0.0977,residual
6609,Ġstructures,0.0741,residual
6618,rant,0.1175,residual
6626,Ġflu,0.0912,residual
6634,ls,0.0944,residual
6643,ago,0.0937,residual
6651,Ġnonprofit,0.0907,residual
6659,Ġaspect,0.0659,residual
6667,Ġmeaningful,0.0572,residual
6675,Ġsmile,0.077,residual
6684,Ġlanding,0.0696,residual
6692,ĠFederation,0.0894,residual
6700,Ġclock,0.0778,residual
6709,pa,0.0785,residual
6717,Ġdocumentary,0.1098,residual
6725,EX,0.086,residual
6733,ĠTODAY,0.1284,residual
6741,ĠIndustrial,0.085,residual
6749,Ġresign,0.0855,residual
6757,Ġorgan,0.0625,residual
6767,Ġparade,0.0699,residual
6776,ĠArticle,0.0553,residual
6784,Ġattitude,0.0941,residual
6793,Ġvirus,0.1086,residual
6802,ĠUnfortunately,0.1066,residual
6810,ĠKeith,0.0696,residual
6818,Ġintegrated,0.0817,residual
6827,Ġresponding,0.0641,residual
6837,ivid,0.1085,residual
6845,Ġtea,0.1091,residual
6854,Ġramp,0.0419,residual
6862,Ġworkforce,0.1188,residual
6870,Ġbin,0.0566,residual
6879,ĠGre,0.0494,residual
6887,ĠLam,0.0446,residual
6895,Ġgrab,0.0447,residual
6903,ĠAdditionally,0.1183,residual
6911,ĠIndependent,0.0516,residual
6919,ĠBuilding,0.052,residual
6927,Ġexchanges,0.0731,residual
6937,ĠDanny,0.0625,residual
6945,ĠFe,0.03,residual
6954,Ġqualify,0.1223,residual
6962,Ġfoul,0.0635,residual
6971,eria,0.1366,residual
6980,ĠTurner,0.0678,residual
6988,ager,0.083,residual
6996,backed,0.1377,residual
7005,Ġreads,0.0772,residual
7013,Ġconvinced,0.09,residual
7021,Ġswing,0.0783,residual
7031,Ġstr,0.0384,residual
7039,Ġadvocates,0.0843,residual
7047,Ġsoul,0.0546,residual
7056,ĠJuan,0.0706,residual
7065,ĠEs,0.0685,residual
7073,ux,0.0859,residual
7082,Ġloose,0.0381,residual
7090,ĠSmall,0.0325,residual
7098,iest,0.0898,residual
7106,Ġannouncing,0.1087,residual
7114,Ġpledged,0.0971,residual
7122,Ġnarrative,0.0875,residual
7131,ĠKap,0.0506,residual
7139,ĠCole,0.0488,residual
7147,Ġestablishment,0.1103,residual
7155,ĠGall,0.0383,residual
7163,Ġhelpful,0.0449,residual
7173,Ġanswered,0.0973,residual
7181,Ġcommented,0.0965,residual
7189,Ġassured,0.0571,residual
7197,Ġglobally,0.0714,residual
7206,Ġadoption,0.0788,residual
7215,cor,0.0689,residual
7224,ĠAC,0.0601,residual
7233,ĠCas,0.0326,residual
7241,Ġaut,0.0423,residual
7249,Ġgrabbed,0.1024,residual
7258,¢,0.119,residual
7267,Ġvolumes,0.0795,residual
7275,ĠChar,0.0324,residual
7283,Ġminds,0.0782,residual
7291,ĠBond,0.0532,residual
7302,Ġmainstream,0.0655,residual
7310,Ġqualifying,0.0847,residual
7318,ĠDor,0.0263,residual
7327,kins,0.0814,residual
7336,Ġhotels,0.0985,residual
7344,Ġcrossed,0.0674,residual
7352,akh,0.1241,residual
7361,acking,0.1253,residual
7370,Ġlifetime,0.0973,residual
7379,ĠBrand,0.0245,residual
7387,aki,0.0992,residual
7397,Ġhidden,0.049,residual
7405,BB,0.0888,residual
7414,uer,0.0819,residual
7423,ĠRachel,0.0582,residual
7433,Ġhide,0.0663,residual
7441,Ġreveals,0.0769,residual
7449,Ġrunner,0.0739,residual
7457,Ġbold,0.051,residual
7465,Ġintegration,0.0834,residual
7475,Ġteens,0.0963,residual
7483,ĠLuc,0.0341,residual
7491,illing,0.1193,residual
7499,Ã¡n,0.1244,residual
7507,ĠKl,0.0476,residual
7515,Ġbriefing,0.1122,residual
7523,ĠBenjamin,0.0556,residual
7532,Ġpriorities,0.1123,residual
7541,ĠRogers,0.0813,residual
7549,ĠBrowns,0.0959,residual
7558,ĠAshley,0.0815,residual
7567,ĠHunt,0.0513,residual
7576,Ġarguments,0.0967,residual
7584,ĠKardashian,0.1397,residual
7592,Ġoffshore,0.0874,residual
7600,ĠBarry,0.0625,residual
7614,Ġtopics,0.1241,residual
7622,ĠPot,0.0334,residual
7631,Ġdeny,0.1096,residual
7640,Ġadvisory,0.1058,residual
7649,ĠAfghan,0.0776,residual
7657,Ġoccasions,0.1083,residual
7665,ĠForum,0.0576,residual
7673,Ġthousand,0.0692,residual
7681,Ġcomponent,0.0573,residual
7689,Ġeggs,0.0876,residual
7697,Ġworries,0.0809,residual
7708,Ġpractical,0.0528,residual
7718,ario,0.1183,residual
7726,Ġrocket,0.0931,residual
7734,ĠFred,0.0439,residual
7742,cer,0.1143,residual
7750,ĠMission,0.0372,residual
7758,Ġmad,0.0528,residual
7767,ward,0.0733,residual
7776,aly,0.088,residual
7784,900,0.1017,residual
7793,Ġcollapsed,0.0909,residual
7804,ÃŁ,0.129,residual
7812,ĠCou,0.0446,residual
7820,bridge,0.0836,residual
7829,ĠAlpha,0.0505,residual
7837,ĠFriends,0.059,residual
7845,ĠMembers,0.07,residual
7855,Ġmakeup,0.1052,residual
7864,stein,0.122,residual
7872,Ġcentres,0.0946,residual
7880,Ġpremiere,0.0847,residual
7888,Picture,0.1168,residual
7897,owski,0.1456,residual
7906,lers,0.1121,residual
7914,ĠGaza,0.1189,residual
7922,Ġcircle,0.0607,residual
7931,Ġsamples,0.0546,residual
7940,Ġtransgender,0.1101,residual
7948,ires,0.1007,residual
7957,ĠEmma,0.0619,residual
7965,ĠGer,0.0504,residual
7973,Ġloaded,0.0476,residual
7981,ALL,0.0989,residual
7991,ĠRonaldo,0.1426,residual
7999,ĠChad,0.0566,residual
8008,Ġ1996,0.0724,residual
8016,Ġbreath,0.0556,residual
8025,Ã¨,0.0899,residual
8035,isse,0.1027,residual
8044,ĠFargo,0.1016,residual
8052,Ġsteal,0.0682,residual
8060,Ġ93,0.0517,residual
8068,Ġdeposit,0.0953,residual
8076,ĠAccess,0.0601,residual
8084,Ġbread,0.0733,residual
8092,Ġwithdrawal,0.0781,residual
8101,Ġ83,0.0766,residual
8109,Ġadmit,0.0817,residual
8117,Ġpatterns,0.0708,residual
8126,ĠThanksgiving,0.0779,residual
8137,ĠGuardian,0.0367,residual
8145,Pacific,0.1465,residual
8154,Ġstrategist,0.1495,residual
8163,ĠBishop,0.0641,residual
8172,Ġchef,0.1018,residual
8180,Ġdying,0.0689,residual
8189,Ġrepeal,0.1272,residual
8197,Ġstopping,0.0653,residual
8205,ĠGil,0.0646,residual
8214,ĠRaw,0.0392,residual
8223,hing,0.0881,residual
8234,ĠDam,0.0364,residual
8242,ĠIC,0.0465,residual
8250,ĠLab,0.0543,residual
8258,aph,0.0908,residual
8266,Ġignored,0.0695,residual
8274,ĠPowell,0.0824,residual
8283,Ġshowcase,0.1103,residual
8292,lock,0.0811,residual
8300,ĠLim,0.0428,residual
8311,ĠVR,0.0527,residual
8319,Ġtopped,0.094,residual
8328,ĠKarl,0.0775,residual
8336,ĠAbe,0.1052,residual
8348,Ġchoosing,0.0906,residual
8357,Ġdamages,0.0841,residual
8365,acher,0.1387,residual
8373,Ġshore,0.0809,residual
8385,Ġpol,0.1203,residual
8394,Ġaccepting,0.06,residual
8402,Ġdust,0.05,residual
8410,Ġarena,0.1201,residual
8418,Ġinsights,0.1075,residual
8426,ĠRest,0.0258,residual
8434,ĠCab,0.0387,residual
8443,Ġjacket,0.0861,residual
8451,ĠEarly,0.0372,residual
8460,WA,0.0771,residual
8468,Ġtraveled,0.1171,residual
8479,ĠSound,0.0554,residual
8487,ĠOkay,0.1163,residual
8497,Ġcommodity,0.1085,residual
8506,ĠTarget,0.05,residual
8514,ĠBarn,0.0474,residual
8522,ĠCanadians,0.101,residual
8530,ente,0.1113,residual
8538,iver,0.0752,residual
8546,Ġprof,0.0673,residual
8555,Ġprevention,0.1093,residual
8563,ĠDog,0.033,residual
8572,Ġ89,0.0865,residual
8581,Ġwealthy,0.138,residual
8593,Ġpos,0.0506,residual
8601,Ġaccusing,0.1204,residual
8609,ĠJews,0.1132,residual
8618,Ġunity,0.0758,residual
8627,ĠEditor,0.1165,residual
8636,Ġenemy,0.0788,residual
8648,member,0.1264,residual
8658,Ġnose,0.0649,residual
8668,Ġexploring,0.0901,residual
8678,Ġdrone,0.0739,residual
8688,ĠNebraska,0.0963,residual
8696,ĠTravel,0.0966,residual
8705,ĠBesides,0.1222,residual
8713,ĠLt,0.0668,residual
8723,ĠKo,0.0403,residual
8731,Ġgut,0.0446,residual
8739,Co,0.0283,residual
8748,ĠCON,0.0575,residual
8757,Ġ98,0.0481,residual
8766,top,0.0736,residual
8775,Ġbuzz,0.0536,residual
8783,Ġ97,0.0532,residual
8791,ĠConnect,0.0751,residual
8799,anne,0.0917,residual
8807,orts,0.1385,residual
8817,Ġcrowds,0.087,residual
8825,Ġconvention,0.0448,residual
8835,Ġ2021,0.0565,residual
8845,ends,0.1005,residual
8853,Ġgrandmother,0.1049,residual
8862,Ġdoubles,0.0844,residual
8872,Ġheels,0.1222,residual
8881,Ġpub,0.0633,residual
8892,Ġfines,0.0804,residual
8902,ĠCarr,0.0782,residual
8911,ĠConstruction,0.1315,residual
8920,ĠMontana,0.091,residual
8928,Ġgunman,0.1278,residual
8936,iders,0.1392,residual
8944,Ġhyper,0.051,residual
8952,Ġlands,0.0735,residual
8960,Ġsubsequently,0.0728,residual
8969,Ġearthquake,0.074,residual
8978,Ġorange,0.0947,residual
8988,aced,0.1344,residual
8996,Ġstarring,0.0812,residual
9005,ĠCarroll,0.0693,residual
9017,ĠGallery,0.1017,residual
9027,Ġexamination,0.1005,residual
9036,ĠDA,0.0329,residual
9044,igned,0.1394,residual
9052,Ġstating,0.0969,residual
9060,iu,0.1062,residual
9069,Ġgod,0.0577,residual
9078,Ġpassage,0.0569,residual
9089,Ex,0.0476,residual
9097,Ġgradually,0.0583,residual
9105,Ġcrackdown,0.1098,residual
9115,Ġrefer,0.0501,residual
9123,Ġaftermath,0.1098,residual
9132,Ġrespected,0.0853,residual
9140,ĠSale,0.0662,residual
9149,ĠCurrent,0.0957,residual
9158,Ġcurve,0.066,residual
9166,ĠBol,0.0499,residual
9175,ĠAmbassador,0.0789,residual
9184,Ġmatched,0.0903,residual
9192,ĠGriffin,0.0693,residual
9200,Ġlasted,0.1139,residual
9210,oot,0.0939,residual
9218,Ġpitching,0.0964,residual
9228,su,0.0921,residual
9236,ĠSgt,0.1098,residual
9245,ĠLeeds,0.0829,residual
9254,Ġcontractor,0.0884,residual
9262,Ġbetting,0.1068,residual
9270,Ġachievements,0.1152,residual
9278,ĠChristians,0.0965,residual
9286,ĠBoulevard,0.1246,residual
9294,ĠLou,0.0511,residual
9303,aron,0.0952,residual
9312,ĠGreater,0.0431,residual
9321,Ġlined,0.0734,residual
9330,Ġfriendship,0.11,residual
9339,inated,0.1393,residual
9347,ĠCarol,0.0463,residual
9355,Ġrelation,0.0766,residual
9363,ANC,0.1451,residual
9371,Ġpod,0.0596,residual
9379,Ġho,0.0619,residual
9387,ĠThink,0.0431,residual
9397,Ġidentifying,0.0609,residual
9407,Ġbottles,0.0896,residual
9416,Ġliability,0.1021,residual
9425,Ġwars,0.1196,residual
9433,inf,0.0746,residual
9444,Ġfame,0.0986,residual
9452,imes,0.1409,residual
9461,Ġpledge,0.1025,residual
9470,¿,0.0952,residual
9479,Ġbillionaire,0.1347,residual
9487,gal,0.1182,residual
9495,pees,0.1484,residual
9504,iac,0.0788,residual
9512,ashed,0.1277,residual
9522,ĠPri,0.0539,residual
9531,Ġbattles,0.1148,residual
9540,Ġcoat,0.0749,residual
9548,ĠInn,0.0419,residual
9556,aire,0.1139,residual
9565,Ġfo,0.0607,residual
9575,ĠGA,0.0402,residual
9584,Ġrecruit,0.1021,residual
9592,Ġspreading,0.0789,residual
9600,Ġdifficulty,0.0466,residual
9608,Ġinitiated,0.0639,residual
9617,Ġcontractors,0.1273,residual
9625,ĠSullivan,0.0832,residual
9633,Ġ1991,0.0834,residual
9641,Ġwhereas,0.0731,residual
9650,Ġpour,0.0634,residual
9658,Ġcalculated,0.0736,residual
9667,ĠSheffield,0.0849,residual
9676,ĠVar,0.0577,residual
9684,Ġuncertain,0.0767,residual
9693,ĠWalk,0.0508,residual
9701,Ġcrying,0.1015,residual
9709,eries,0.1285,residual
9720,ĠAuburn,0.1119,residual
9729,ĠOrder,0.0476,residual
9738,tra,0.1192,residual
9747,ĠFel,0.0498,residual
9757,Ġaluminum,0.1043,residual
9765,Ġcommentary,0.121,residual
9773,body,0.085,residual
9781,Ġchains,0.0553,residual
9789,Ġfed,0.036,residual
9797,Ġunbeaten,0.1165,residual
9805,Ġpackaging,0.091,residual
9815,Ġnorthwest,0.0908,residual
9823,Ġfirearm,0.1312,residual
9831,Ġslowdown,0.1372,residual
9839,yo,0.0777,residual
9849,Ġenables,0.1034,residual
9857,Ġconsiders,0.0954,residual
9865,Ġminimal,0.0411,residual
9875,ancy,0.1335,residual
9883,Ġpopulations,0.0973,residual
9891,rea,0.125,residual
9899,ĠHappy,0.0555,residual
9907,ĠSubscribe,0.1424,residual
9916,Ġrobot,0.0988,residual
9925,ĠJe,0.0497,residual
9933,Ġpredecessor,0.1408,residual
9943,Ġbelong,0.1048,residual
9952,Ġbounce,0.0832,residual
9960,Ġaccidents,0.1307,residual
9969,Ġdirections,0.0644,residual
9978,ĠLower,0.0558,residual
9987,Ġutilities,0.1103,residual
9995,Ġtablet,0.1275,residual
10005,ĠMilitary,0.0822,residual
10015,ĠHarbor,0.0889,residual
10023,ĠRecords,0.1256,residual
10031,Ä±,0.0769,residual
10039,ĠLeft,0.0274,residual
10047,ĠCoun,0.0931,residual
10056,350,0.1216,residual
10064,Ġpunch,0.0662,residual
10074,acked,0.1148,residual
10082,rend,0.086,residual
10091,ĠHorn,0.0493,residual
10101,zel,0.0899,residual
10110,Ġfined,0.1354,residual
10119,Ġturnover,0.1063,residual
10128,Ġtrusted,0.0697,residual
10136,ĠChen,0.0814,residual
10144,ĠBrothers,0.0966,residual
10152,Ġdeclare,0.0842,residual
10160,ĠGa,0.043,residual
10170,Ġaccord,0.0668,residual
10178,Ġtent,0.0502,residual
10188,pin,0.0854,residual
10196,Ġgig,0.0708,residual
10205,Ġcatching,0.0715,residual
10213,120,0.0966,residual
10221,Ã©t,0.1014,residual
10231,four,0.1115,residual
10242,Ġplug,0.0608,residual
10252,iya,0.1235,residual
10262,Ġsurprisingly,0.0715,residual
10272,Ġsin,0.0698,residual
10281,ĠJenner,0.118,residual
10292,ĠTrophy,0.1368,residual
10301,Ġproportion,0.0578,residual
10311,PT,0.1242,residual
10320,Ġinstrument,0.1048,residual
10329,iler,0.1227,residual
10339,break,0.1114,residual
10348,Ġdesert,0.0639,residual
10356,Ġdiffer,0.1041,residual
10364,Ġsophisticated,0.125,residual
10374,Ġdesigners,0.1294,residual
10383,Ġrefuse,0.0631,residual
10392,Ġissuing,0.0802,residual
10401,Ġsuits,0.0722,residual
10410,ĠCoalition,0.0939,residual
10420,ĠHolmes,0.1036,residual
10430,ĠTrad,0.1121,residual
10440,aji,0.1214,residual
10449,piece,0.0793,residual
10457,Ġtick,0.0476,residual
10466,SU,0.0984,residual
10474,jpg,0.1303,residual
10485,Ġski,0.1371,residual
10495,Ġunnecessary,0.0711,residual
10503,ĠEllis,0.0696,residual
10511,Ġmud,0.0655,residual
10519,tim,0.1134,residual
10527,Ġballots,0.1392,residual
10535,Ġbatteries,0.1099,residual
10544,strom,0.1231,residual
10553,ĠDavidson,0.0768,residual
10563,Ġmotivation,0.0966,residual
10572,Ġ160,0.0475,residual
10581,Ġcounting,0.0477,residual
10590,Ġimported,0.0803,residual
10599,iate,0.1339,residual
10608,cz,0.1138,residual
10618,Ġoutrage,0.0769,residual
10627,asse,0.1112,residual
10637,Ġleagues,0.142,residual
10647,ĠChristie,0.1029,residual
10656,Ġscam,0.0823,residual
10664,ĠHost,0.0601,residual
10673,ĠFinals,0.1251,residual
10681,ĠHolland,0.0695,residual
10690,ĠKnow,0.0801,residual
10698,Ġfits,0.0697,residual
10707,Ġwatchdog,0.1135,residual
10716,ĠJesse,0.0613,residual
10724,wear,0.1276,residual
10732,Ġpublish,0.1025,residual
10740,Ġbids,0.0959,residual
10749,Ġconfront,0.0878,residual
10757,gment,0.1442,residual
10766,La,0.0654,residual
10774,rod,0.0955,residual
10784,Ġeclipse,0.1092,residual
10793,ĠNewton,0.0934,residual
10801,Ġlone,0.0344,residual
10811,Ġreflecting,0.0851,residual
10820,Ġscorer,0.1297,residual
10829,ĠPed,0.0668,residual
10839,lim,0.0693,residual
10849,lon,0.1193,residual
10857,Ġprestigious,0.1182,residual
10868,storm,0.1062,residual
10876,uda,0.0989,residual
10884,yt,0.0983,residual
10892,nis,0.1345,residual
10903,Ġdoubts,0.0975,residual
10911,ĠBeck,0.0723,residual
10919,ĠOperations,0.1149,residual
10929,ĠJays,0.1274,residual
10937,avan,0.1252,residual
10948,Ġautom,0.0881,residual
10958,Ġhomeowners,0.1244,residual
10966,ĠInvestments,0.144,residual
10975,[,0.0549,residual
10985,Ġconfused,0.0574,residual
10994,ĠDR,0.0415,residual
11003,Ġweighing,0.091,residual
11012,Ġreactions,0.0739,residual
11020,Ġordinance,0.1241,residual
11029,ĠHannah,0.0838,residual
11037,Ġappetite,0.1044,residual
11047,Ġpermitted,0.096,residual
11055,ĠChip,0.078,residual
11063,Ġretiring,0.1036,residual
11071,Ġjustify,0.1114,residual
11079,Ġdivide,0.0909,residual
11088,ANT,0.1272,residual
11098,Ġhappiness,0.1263,residual
11106,Ġinbox,0.1175,residual
11117,Ġballistic,0.1217,residual
11125,Ġpreview,0.0604,residual
11134,Ġmod,0.0372,residual
11144,ĠRandy,0.0835,residual
11153,Ġpaired,0.061,residual
11163,Ġmi,0.058,residual
11171,ĠSwitch,0.054,residual
11179,Ġintimate,0.0576,residual
11189,Ġexecute,0.0996,residual
11199,ĠApplication,0.1115,residual
11208,wire,0.1103,residual
11216,Ġdirty,0.0817,residual
11224,Ġpressed,0.074,residual
11232,ĠFan,0.0611,residual
11240,Ġenthusiasm,0.1287,residual
11248,Ġjokes,0.099,residual
11256,Ġinfected,0.0885,residual
11265,Ġ1986,0.1016,residual
11273,eni,0.1044,residual
11281,ĠDist,0.0262,residual
11289,ĠFat,0.0459,residual
11297,ĠKenny,0.0587,residual
11305,Ġsentences,0.1097,residual
11313,ilo,0.1065,residual
11322,aches,0.1311,residual
11332,imo,0.1001,residual
11340,ĠPatterson,0.115,residual
11348,ĠEcho,0.0887,residual
11357,Ġnominees,0.1337,residual
11365,cs,0.0961,residual
11373,ĠEvent,0.0924,residual
11381,ĠClear,0.0502,residual
11389,Ġcommitting,0.1074,residual
11398,Ġcro,0.0437,residual
11406,ĠArmstrong,0.1187,residual
11414,ĠLoading,0.1331,residual
11424,Ġpoly,0.0569,residual
11434,brook,0.1055,residual
11442,ĠFrances,0.0916,residual
11451,Ġbroadband,0.1421,residual
11460,ĠFreeman,0.0872,residual
11470,aping,0.1406,residual
11478,Go,0.043,residual
11486,ĠSuperior,0.0648,residual
11496,ĠSaskatchewan,0.1218,residual
11504,ĠBud,0.0485,residual
11514,Ġexceed,0.1172,residual
11523,ĠStudio,0.0712,residual
11531,Ġcoupled,0.06,residual
11541,Ġreaches,0.0657,residual
11550,Ġpossibilities,0.0798,residual
11558,ĠDub,0.0413,residual
11566,Ġposter,0.0695,residual
11574,izers,0.1176,residual
11582,¬,0.0903,residual
11591,uj,0.0975,residual
11602,Ġhint,0.073,residual
11611,ĠBil,0.0646,residual
11619,Ġrap,0.0583,residual
11627,Ġneighbouring,0.1048,residual
11635,Ġconfronted,0.1177,residual
11644,ĠDeath,0.0339,residual
11653,Ġinspiring,0.1015,residual
11662,ĠWriter,0.1199,residual
11671,Ġgarbage,0.099,residual
11680,iron,0.1133,residual
11688,apper,0.1346,residual
11696,Ġfever,0.0843,residual
11704,ĠNorman,0.06,residual
11713,Ġturnaround,0.0872,residual
11721,Ġmus,0.0739,residual
11732,ĠLloyd,0.0676,residual
11740,ĠSebastian,0.0858,residual
11748,ĠInterest,0.0899,residual
11757,ĠMO,0.0414,residual
11768,umps,0.1448,residual
11778,Ġfac,0.0462,residual
11787,ĠPel,0.0461,residual
11795,Ġafterwards,0.0748,residual
11804,ibr,0.1006,residual
11813,ipping,0.104,residual
11822,Ġbrush,0.0598,residual
11830,ĠTraffic,0.1279,residual
11839,ICK,0.1345,residual
11848,ĠActor,0.1316,residual
11857,Ġpret,0.0438,residual
11866,Ġcooperate,0.1335,residual
11874,Ġlucrative,0.1252,residual
11884,Ġnephew,0.1091,residual
11894,Ġindoor,0.1177,residual
11902,Ġbullying,0.1263,residual
11911,ĠFound,0.0685,residual
11919,iku,0.133,residual
11927,ĠHeavy,0.0832,residual
11935,ĠIL,0.0546,residual
11944,Ġsang,0.0889,residual
11952,Ġenjoys,0.143,residual
11960,Ġcritically,0.0806,residual
11968,ĠReturn,0.0751,residual
11977,Ġslam,0.087,residual
11986,Ġglimpse,0.1105,residual
11995,ĠCategory,0.0887,residual
12004,Ġtenants,0.0833,residual
12012,Ġswitched,0.0775,residual
12021,Ġrumours,0.1453,residual
12029,Ġnod,0.0374,residual
12037,tha,0.1253,residual
12046,ĠLan,0.0568,residual
12056,Ġlately,0.0746,residual
12067,ĠHaram,0.1295,residual
12077,ĠOval,0.1231,residual
12085,ĠAlice,0.0608,residual
12094,Ġcow,0.0339,residual
12104,ĠCastro,0.1106,residual
12112,Ġ08,0.0917,residual
12121,Ġarranged,0.0487,residual
12131,ĠDirectors,0.1181,residual
12140,uns,0.0839,residual
12149,ĠLindsey,0.0869,residual
12158,utter,0.0796,residual
12168,Ġprinting,0.059,residual
12177,Ġpile,0.0497,residual
12188,ĠMadd,0.0897,residual
12197,ĠSpringfield,0.1161,residual
12205,Ġbearing,0.0563,residual
12213,Ġunderneath,0.0813,residual
12221,ĠProfessional,0.0842,residual
12229,hey,0.0788,residual
12238,ĠPE,0.0384,residual
12246,Ġsubstantially,0.0587,residual
12255,ĠKurt,0.0778,residual
12263,Ġtuition,0.1092,residual
12273,Ġprepares,0.1192,residual
12282,ĠSund,0.0705,residual
12290,ĠPictures,0.1399,residual
12299,ĠHayes,0.1167,residual
12308,Ġcult,0.0837,residual
12316,ĠHindu,0.0792,residual
12324,ĠCyber,0.1208,residual
12333,Ġdetected,0.1007,residual
12342,ĠAbbas,0.125,residual
12351,ĠArctic,0.0651,residual
12359,Ġsupplied,0.0728,residual
12367,iveness,0.1299,residual
12377,Ġstat,0.0594,residual
12386,ĠAdvanced,0.1004,residual
12396,Ġbones,0.0679,residual
12404,Ġdocumented,0.1158,residual
12412,ĠInspector,0.107,residual
12420,Ġdesperately,0.0899,residual
12428,Ġeased,0.0983,residual
12436,SN,0.1368,residual
12445,lessly,0.1258,residual
12453,ĠPetro,0.1203,residual
12462,ĠNE,0.0481,residual
12474,Ġquestionable,0.076,residual
12484,ĠJer,0.0676,residual
12494,Shares,0.1118,residual
12502,Ġshipped,0.0987,residual
12512,ĠSimilarly,0.1343,residual
12520,ĠLeo,0.055,residual
12530,Ġfloods,0.1264,residual
12541,ears,0.1252,residual
12551,ĠJet,0.044,residual
12559,Ġvoiced,0.0976,residual
12567,Ġgauge,0.0705,residual
12575,Ġdash,0.063,residual
12585,ĠJackie,0.0642,residual
12594,Ġglory,0.11,residual
12603,ĠEdition,0.0799,residual
12612,ĠCF,0.0594,residual
12620,Ġcops,0.1228,residual
12631,Ġsprint,0.083,residual
12639,Ġtasked,0.1215,residual
12647,Ġsupermarket,0.1011,residual
12655,ĠLl,0.0774,residual
12665,aton,0.1099,residual
12673,Ġdetection,0.1073,residual
12681,Ġposing,0.0943,residual
12689,share,0.1385,residual
12699,ĠHSBC,0.1288,residual
12707,ĠWH,0.0459,residual
12716,Ġmetro,0.0892,residual
12726,ĠSoft,0.0726,residual
12734,Ġheader,0.0846,residual
12744,Ġups,0.0827,residual
12752,Ġconcussion,0.137,residual
12762,Ġdesired,0.0563,residual
12770,ĠBucks,0.0778,residual
12778,ser,0.1203,residual
12787,Ġconsistency,0.0659,residual
12796,Ġunderwent,0.1475,residual
12807,ought,0.1345,residual
12816,Ġimminent,0.0754,residual
12824,ĠBoko,0.1189,residual
12834,rio,0.1181,residual
12843,Ġemphasized,0.1069,residual
12852,ĠIndonesian,0.1008,residual
12863,Ġleap,0.0749,residual
12872,Ġtightening,0.1149,residual
12882,Ġbash,0.0907,residual
12893,ĠJill,0.0882,residual
12902,Ġleaks,0.1093,residual
12910,Ġ1982,0.1056,residual
12919,ĠSantos,0.1102,residual
12929,ĠAnton,0.0579,residual
12938,Â°,0.1004,residual
12946,ITE,0.1467,residual
12958,Ġmosque,0.1471,residual
12967,ugh,0.1221,residual
12975,ĠBert,0.0824,residual
12983,Ġdistribute,0.1175,residual
12991,ĠHub,0.045,residual
13001,raft,0.1486,residual
13010,lying,0.0995,residual
13020,ĠBul,0.0719,residual
13028,inspired,0.1466,residual
13036,ĠSnyder,0.0941,residual
13047,ĠNicolas,0.0885,residual
13055,VR,0.1123,residual
13064,ĠHP,0.0638,residual
13072,Ġaccelerated,0.0717,residual
13080,uter,0.1102,residual
13088,ĠHopefully,0.1292,residual
13097,ĠBir,0.0702,residual
13105,Ġdiver,0.0359,residual
13115,Ġreferences,0.0702,residual
13124,start,0.1062,residual
13133,Ġplacement,0.0515,residual
13141,Ġcoordination,0.085,residual
13152,Ġty,0.0656,residual
13161,arch,0.123,residual
13170,ĠPride,0.0863,residual
13178,Ġcotton,0.0683,residual
13187,Ġbans,0.086,residual
13199,ĠDawn,0.0596,residual
13207,Ġscare,0.0728,residual
13215,Ġfreely,0.0591,residual
13223,Ġimposing,0.097,residual
13232,ĠDowntown,0.104,residual
13241,Ġbanning,0.1172,residual
13252,ĠPremium,0.0862,residual
13260,Ġtide,0.0763,residual
13269,BT,0.0981,residual
13279,ĠTurnbull,0.146,residual
13288,ĠGlob,0.0909,residual
13297,Ġpunt,0.1261,residual
13307,Ġcontinuously,0.0596,residual
13316,Ġconscious,0.0509,residual
13324,ĠFoot,0.0955,residual
13334,osta,0.1491,residual
13343,ĠQuality,0.0811,residual
13352,ibles,0.1461,residual
13361,âĢ¦.,0.0385,residual
13369,Ġportrait,0.0947,residual
13380,Ġadjustment,0.0794,residual
13389,ĠLuck,0.108,residual
13397,ĠFal,0.0473,residual
13405,Ġworship,0.1287,residual
13413,ĠGeorg,0.0605,residual
13421,alla,0.1105,residual
13431,Ġlid,0.0882,residual
13441,Ġwary,0.1207,residual
13451,ĠKor,0.0676,residual
13461,Ġunnamed,0.0856,residual
13473,Ġanxious,0.0785,residual
13482,Ġclin,0.103,residual
13491,lf,0.079,residual
13499,ĠJobs,0.104,residual
13508,Ġreckless,0.1023,residual
13516,Ġdat,0.0366,residual
13526,Ġuncovered,0.0865,residual
13534,lit,0.0912,residual
13543,Ġrevenge,0.0913,residual
13551,Ġunidentified,0.0819,residual
13560,Ġterritories,0.123,residual
13569,Ġamb,0.0682,residual
13578,oya,0.1333,residual
13587,eled,0.1475,residual
13596,Ġstretched,0.087,residual
13608,ĠNic,0.06,residual
13616,ĠClayton,0.0967,residual
13625,ĠJar,0.0583,residual
13635,âĢĭ,0.0353,residual
13643,kick,0.1177,residual
13651,asts,0.1385,residual
13659,icating,0.1481,residual
13668,Ġ1983,0.1022,residual
13678,ĠFCC,0.0872,residual
13688,anto,0.1402,residual
13696,ĠCell,0.1,residual
13704,ĠNewport,0.1078,residual
13713,pet,0.0937,residual
13722,Ġhelmet,0.0844,residual
13730,ĠKlein,0.0844,residual
13738,mas,0.0978,residual
13747,Ġreservations,0.0856,residual
13759,Ġsupervisor,0.1133,residual
13768,ĠLiu,0.1054,residual
13777,ĠEventually,0.1403,residual
13789,Ġelbow,0.1131,residual
13797,KR,0.1169,residual
13807,ĠLearning,0.1035,residual
13817,gey,0.1441,residual
13825,beat,0.0966,residual
13835,Ġannounces,0.1223,residual
13847,ĠWol,0.068,residual
13855,Ġjumps,0.0648,residual
13865,Ġunhappy,0.0818,residual
13874,Ġadmitting,0.1084,residual
13882,July,0.1114,residual
13891,ĠPierce,0.0941,residual
13900,ĠGreene,0.085,residual
13909,Ġ$$,0.1345,residual
13918,Ġmanufactured,0.0932,residual
13927,Ġquicker,0.0858,residual
13937,resses,0.1469,residual
13945,Ġlivestock,0.1347,residual
13954,ĠBot,0.0584,residual
13962,ĠChambers,0.0976,residual
13971,Ġporn,0.1444,residual
13979,mitted,0.1428,residual
13991,oster,0.1166,residual
13999,Ġdisciplinary,0.1012,residual
14009,Michael,0.0904,residual
14018,Ġloop,0.0358,residual
14026,Ġlacks,0.1174,residual
14038,Ġlig,0.1017,residual
14046,Ġseekers,0.1437,residual
14055,ĠSAN,0.1259,residual
14063,Ġbosses,0.0986,residual
14072,Ġsack,0.069,residual
14081,reet,0.1395,residual
14090,ĠLightning,0.0913,residual
14099,Ġlemon,0.0871,residual
14107,ĠClinic,0.1219,residual
14115,Ġsyndrome,0.1415,residual
14123,Ġinstrumental,0.0622,residual
14132,erville,0.1438,residual
14141,bb,0.0871,residual
14149,Ġintentionally,0.0702,residual
14157,Ġhack,0.0743,residual
14165,Ġblanket,0.059,residual
14173,ĠArgentine,0.1128,residual
14181,Get,0.0553,residual
14189,oil,0.1497,residual
14197,Ġreliance,0.0863,residual
14205,ĠDil,0.0739,residual
14214,Ġflower,0.0896,residual
14224,Ġembedded,0.0753,residual
14233,Ġrom,0.0527,residual
14242,Ġfil,0.0663,residual
14250,Ġflavors,0.1258,residual
14259,ĠBradford,0.1154,residual
14267,Ġjustified,0.0847,residual
14275,Ġforests,0.1242,residual
14286,abel,0.1242,residual
14295,Ġforefront,0.1466,residual
14305,ĠICC,0.0862,residual
14313,Ġfreed,0.0778,residual
14325,uta,0.1294,residual
14334,Ġplaintiffs,0.1244,residual
14343,Ġdelegates,0.1029,residual
14353,Ġterrific,0.1039,residual
14362,ĠHispanic,0.0978,residual
14370,ĠHein,0.0796,residual
14378,ĠLil,0.0453,residual
14390,Ġtier,0.0507,residual
14401,Ġcrashing,0.0982,residual
14412,Ġsemester,0.1155,residual
14421,Ġunanimous,0.0916,residual
14432,Ġwoes,0.1425,residual
14440,ĠVentura,0.115,residual
14448,ĠGig,0.0641,residual
14456,ĠWheeler,0.1236,residual
14465,PO,0.0885,residual
14476,Ġproves,0.1072,residual
14485,Ġaligned,0.0745,residual
14493,ĠAna,0.0634,residual
14502,LOS,0.1336,residual
14511,eno,0.095,residual
14519,Ġmechanisms,0.1414,residual
14529,Ġdisappear,0.1173,residual
14537,ende,0.0956,residual
14547,Ġquo,0.1173,residual
14557,ĠJoan,0.082,residual
14565,Ġlowering,0.0911,residual
14575,Ġbreathe,0.1105,residual
14584,Ġfundamentals,0.1383,residual
14593,ĠAmer,0.0758,residual
14602,Ġample,0.0939,residual
14611,Ġhottest,0.1191,residual
14620,Ġtranslate,0.1143,residual
14630,Ġpaperwork,0.1411,residual
14639,ĠBrennan,0.0841,residual
14648,Ġbargain,0.0901,residual
14658,ĠRamsey,0.0846,residual
14669,ohan,0.1283,residual
14680,ĠNAS,0.0782,residual
14689,ĠOro,0.1039,residual
14700,Ġessay,0.0981,residual
14708,ĠYellow,0.0659,residual
14718,ĠAlert,0.0905,residual
14726,lex,0.109,residual
14735,ĠDiscovery,0.1248,residual
14743,ĠTouch,0.0687,residual
14755,Ġoutfits,0.0816,residual
14765,ĠSharp,0.0775,residual
14773,Market,0.1139,residual
14781,ĠCameroon,0.1373,residual
14789,Ġfold,0.0612,residual
14797,Ġintake,0.0731,residual
14807,zie,0.1268,residual
14817,Ġupheld,0.119,residual
14827,Ġburns,0.0925,residual
14837,ĠBelfast,0.1184,residual
14846,Ġbacklog,0.1202,residual
14856,dan,0.1477,residual
14865,Ġfifty,0.0622,residual
14875,Ġidentities,0.1045,residual
14885,Ġclues,0.1035,residual
14894,Ġdeported,0.1418,residual
14903,Ġvaried,0.0611,residual
14912,ĠMini,0.0611,residual
14920,ĠTalking,0.1341,residual
14929,Ġfilter,0.0579,residual
14940,ACK,0.1125,residual
14950,ĠFit,0.0832,residual
14959,ĠWillie,0.1024,residual
14970,ction,0.1467,residual
14980,arsh,0.1254,residual
14988,Ġplayground,0.1292,residual
14997,ĠDonna,0.1003,residual
15005,Ġlied,0.1041,residual
15015,Ġquake,0.1197,residual
15023,ĠAlphabet,0.1222,residual
15032,Ġsidewalk,0.1175,residual
15041,ĠCLICK,0.1372,residual
15050,Ġundertaken,0.1211,residual
15059,Ġadopting,0.1065,residual
15070,ĠTwin,0.0459,residual
15079,Ġtal,0.0529,residual
15090,ĠNRA,0.117,residual
15102,INS,0.1274,residual
15113,ļ,0.0941,residual
15121,ĠPlanned,0.0856,residual
15129,park,0.1257,residual
15137,Ġtotaled,0.1394,residual
15148,ĠPanther,0.1185,residual
15156,ĠDanielle,0.1375,residual
15165,ĠDug,0.0924,residual
15174,ĠProgressive,0.0883,residual
15182,Ġcondemn,0.1049,residual
15190,Ġevaluating,0.1327,residual
15198,Ġgrandparents,0.1438,residual
15207,Ġbatters,0.1442,residual
15215,ĠRegina,0.0966,residual
15224,Ġcombining,0.092,residual
15233,Ġcertainty,0.1281,residual
15241,Ġimpaired,0.0985,residual
15249,Ġblaming,0.1429,residual
15258,Ġoverhead,0.0665,residual
15267,ĠYesterday,0.1386,residual
15278,ĠRey,0.0892,residual
15286,Es,0.0822,residual
15297,ĠAMD,0.0994,residual
15305,Ġboring,0.1131,residual
15314,115,0.1185,residual
15325,Ġexempt,0.1086,residual
15333,ĠPaulo,0.1214,residual
15344,Ġcliff,0.0828,residual
15353,Ġlifelong,0.1084,residual
15362,oder,0.1179,residual
15372,Ġmidday,0.1465,residual
15380,Ġconv,0.0386,residual
15388,ĠRS,0.0494,residual
15396,ĠAhead,0.1451,residual
15405,ĠCory,0.0835,residual
15413,ĠLatino,0.0841,residual
15421,ĠDIS,0.0678,residual
15430,Ġpurely,0.0564,residual
15439,mac,0.12,residual
15450,Ġconcentrated,0.0614,residual
15458,ĠSergei,0.1356,residual
15466,mill,0.119,residual
15474,rice,0.1407,residual
15483,|,0.0502,residual
15493,Ġhashtag,0.1184,residual
15501,Ġpros,0.0583,residual
15511,Ġtut,0.0449,residual
15520,Ġcreators,0.087,residual
15529,Ġindividually,0.0528,residual
15538,Ġgem,0.0502,residual
15548,inary,0.1386,residual
15556,ĠProspect,0.0935,residual
15566,rup,0.1182,residual
15578,Ġturf,0.0983,residual
15587,Ġlion,0.0618,residual
15597,vs,0.0968,residual
15607,ĠStoke,0.1231,residual
15616,Ġrefined,0.0983,residual
15625,Ġcompanion,0.088,residual
15634,ĠCornell,0.1226,residual
15643,ĠTai,0.0804,residual
15653,Ġpalace,0.1179,residual
15662,ĠKelley,0.1219,residual
15671,Ġhyp,0.0598,residual
15681,Ġborrowers,0.1432,residual
15690,ĠWord,0.0525,residual
15698,>,0.0465,residual
15706,Ġstretches,0.0953,residual
15714,Ġtactical,0.0808,residual
15722,ķ,0.0973,residual
15732,Ġcared,0.1235,residual
15740,Ġhoused,0.1294,residual
15749,ĠSpider,0.0784,residual
15758,eto,0.1132,residual
15766,ĠHero,0.0403,residual
15774,Ġhurts,0.1157,residual
15786,Ġ05,0.1035,residual
15796,mic,0.1107,residual
15808,ĠRas,0.0625,residual
15816,ĠSector,0.115,residual
15824,ĠPurdue,0.1333,residual
15833,Look,0.086,residual
15842,ĠOpera,0.0967,residual
15852,Having,0.098,residual
15862,yers,0.137,residual
15871,clusive,0.123,residual
15882,Ġpartnering,0.1381,residual
15890,Ġterrain,0.1265,residual
15899,Ġprotects,0.1234,residual
15907,Ġgrassroots,0.1179,residual
15915,ĠTob,0.0815,residual
15924,Ġpredicting,0.1372,residual
15934,Ġghost,0.0376,residual
15942,ĠSalem,0.0791,residual
15953,Dec,0.071,residual
15961,ĠNV,0.0773,residual
15971,Ġgangs,0.1328,residual
15982,ĠSof,0.0966,residual
15991,ĠWellington,0.1092,residual
16001,hatt,0.1472,residual
16009,Ġrelates,0.1151,residual
16022,Ġfer,0.0418,residual
16031,Ġunsafe,0.121,residual
16040,En,0.0458,residual
16049,ĠAppeal,0.1272,residual
16057,Ġprec,0.0427,residual
16065,ĠShaun,0.0993,residual
16074,ĠLawson,0.1111,residual
16083,ĠPAR,0.1306,residual
16092,ĠChem,0.14,residual
16101,super,0.1436,residual
16109,Ġnude,0.0752,residual
16118,stead,0.0947,residual
16126,Ġcleaner,0.0879,residual
16137,ĠNash,0.0903,residual
16149,ĠDob,0.1059,residual
16157,Ġ135,0.092,residual
16169,ĠGaga,0.1468,residual
16179,Ġstall,0.0598,residual
16187,oman,0.1049,residual
16196,Ġcrafts,0.1257,residual
16206,ĠBooks,0.1022,residual
16214,Ġphotographers,0.1435,residual
16222,ĠRandall,0.0739,residual
16234,ĠPath,0.0496,residual
16244,live,0.1256,residual
16255,ĠTate,0.1073,residual
16265,Ġhappier,0.1098,residual
16273,Ġ00,0.0529,residual
16282,ĠClement,0.1041,residual
16292,Ġprone,0.0873,residual
16301,Ġhostage,0.1057,residual
16313,Ġsurrendered,0.1176,residual
16322,Ġsprawling,0.0951,residual
16331,Ġrecurring,0.0548,residual
16341,Ġhacked,0.1201,residual
16354,Ġunrelated,0.072,residual
16362,Ġoutings,0.149,residual
16372,Ġphotographed,0.1479,residual
16382,eting,0.1145,residual
16390,anth,0.1475,residual
16399,Ġcustomized,0.0991,residual
16407,Ġpouring,0.1023,residual
16420,Ġframes,0.0824,residual
16428,ĠTide,0.1087,residual
16437,Ġlogical,0.0808,residual
16450,Ġreins,0.0968,residual
16458,amped,0.131,residual
16467,Ġbeautifully,0.0921,residual
16476,Ġrelentless,0.1029,residual
16486,ĠAlb,0.0979,residual
16496,endra,0.1451,residual
16504,145,0.1277,residual
16513,Ġpatrons,0.1274,residual
16525,ĠErie,0.102,residual
16534,Ġhappily,0.0792,residual
16543,Ġgreens,0.1038,residual
16554,Ġsympathy,0.0886,residual
16564,ĠHarbour,0.1244,residual
16573,Ġdistracted,0.1206,residual
16581,ĠConcert,0.1243,residual
16589,ĠCynthia,0.0958,residual
16599,Ġphenomenal,0.1123,residual
16608,Ġamounted,0.1329,residual
16617,Ġmemor,0.0788,residual
16631,wi,0.122,residual
16642,Ġsluggish,0.1277,residual
16651,ĠRolling,0.0944,residual
16659,ĠImperial,0.0635,residual
16667,ĠTA,0.0637,residual
16676,Ġumbrella,0.0699,residual
16686,Ġbrink,0.1362,residual
16698,Ġportal,0.0679,residual
16708,Ġfried,0.1118,residual
16717,affer,0.1408,residual
16726,Ġcycles,0.1054,residual
16735,Ġstab,0.0648,residual
16744,ĠMund,0.0775,residual
16755,Ġcomprises,0.0921,residual
16763,Ġattributes,0.0809,residual
16771,cept,0.0955,residual
16781,Ġbachelor,0.1111,residual
16793,isen,0.0929,residual
16804,Alex,0.0989,residual
16815,ĠSutton,0.0901,residual
16824,ĠDayton,0.0943,residual
16836,asm,0.1151,residual
16847,Ġairplane,0.102,residual
16856,Ġfemales,0.128,residual
16864,dry,0.1378,residual
16872,ĠReign,0.1048,residual
16881,Ġdumb,0.0783,residual
16894,Ġfundamentally,0.1118,residual
16903,ĠShiv,0.0986,residual
16914,Ġenroll,0.1244,residual
16925,175,0.1262,residual
16933,Ġsour,0.0892,residual
16944,ĠQU,0.084,residual
16953,Ġpreferences,0.1154,residual
16963,fast,0.1074,residual
16974,Ġunderwater,0.0994,residual
16984,Ġthirty,0.0659,residual
16993,gn,0.0842,residual
17002,ĠBarkley,0.1268,residual
17010,ÃŃn,0.1362,residual
17019,ĠPrairie,0.1087,residual
17027,Ġgroom,0.1103,residual
17035,Ġcontr,0.0838,residual
17046,ĠBelle,0.0908,residual
17055,mph,0.1499,residual
17066,Ġhed,0.0872,residual
17075,conf,0.1215,residual
17083,cott,0.138,residual
17093,ĠOsborne,0.1019,residual
17105,Real,0.0745,residual
17116,Ġtribes,0.1086,residual
17125,ĠNoon,0.1431,residual
17137,tw,0.0952,residual
17147,ĠAAA,0.0465,residual
17157,Ġmilitia,0.1279,residual
17165,dist,0.0925,residual
17174,iary,0.1234,residual
17183,ĠJacqu,0.1069,residual
17192,ĠConcern,0.1231,residual
17202,orde,0.1305,residual
17213,Ġrooted,0.097,residual
17221,Ġsewer,0.1181,residual
17230,yards,0.1351,residual
17240,Ġbilled,0.1181,residual
17249,ĠWhitney,0.0827,residual
17258,Ġvigilant,0.0941,residual
17268,Ġcirculation,0.1304,residual
17282,grass,0.1226,residual
17291,pit,0.1189,residual
17299,Ġlecture,0.1231,residual
17309,chie,0.1113,residual
17317,Ġcleaned,0.1082,residual
17326,ĠShak,0.0814,residual
17336,mount,0.124,residual
17348,ĠFlyers,0.1372,residual
17358,Ġnerves,0.1234,residual
17370,ĠWu,0.0778,residual
17382,Ġgenerates,0.1156,residual
17391,ardy,0.1492,residual
17402,Ġconsisting,0.0748,residual
17411,ĠSho,0.0597,residual
17421,ahu,0.1172,residual
17429,ĠSundays,0.1317,residual
17439,ĠKyr,0.1223,residual
17450,ĠNin,0.0581,residual
17458,ĠRica,0.1363,residual
17468,ĠCJ,0.0524,residual
17477,oked,0.1278,residual
17489,ĠLambert,0.0918,residual
17499,ĠRide,0.1069,residual
17508,lot,0.1116,residual
17518,Ġaspir,0.1054,residual
17530,iao,0.1402,residual
17538,ĠAugusta,0.1107,residual
17549,OSS,0.1446,residual
17557,ĠFrederick,0.0902,residual
17566,ĠPAC,0.0932,residual
17575,ĠSF,0.0676,residual
17583,ĠGib,0.0753,residual
17591,osc,0.1129,residual
17601,lect,0.1141,residual
17610,Ġobstacle,0.0909,residual
17622,akis,0.1408,residual
17631,ĠBoat,0.1071,residual
17644,ĠPra,0.0756,residual
17655,320,0.0987,residual
17667,ĠRih,0.1307,residual
17676,Ġvill,0.0636,residual
17684,ĠProvincial,0.1139,residual
17693,love,0.1248,residual
17701,det,0.1258,residual
17709,Ġstack,0.053,residual
17720,ĠGear,0.1323,residual
17733,leen,0.1139,residual
17741,Ġpumping,0.1059,residual
17752,ems,0.1458,residual
17762,Men,0.0956,residual
17773,ules,0.1003,residual
17785,Ġaber,0.0889,residual
17794,ĠAlcohol,0.1402,residual
17802,Ġwishing,0.0794,residual
17813,ĠGuild,0.0799,residual
17822,ĠGw,0.0946,residual
17832,Ġbal,0.0594,residual
17841,ĠðŁĺ,0.0666,residual
17850,Ġfathers,0.1072,residual
17862,ĠEdmund,0.0969,residual
17872,Ġaccompl,0.1016,residual
17881,Ġdestabil,0.1152,residual
17890,Ġenact,0.1079,residual
17902,Ġexposing,0.0933,residual
17916,Ġgel,0.0964,residual
17926,ĠRiv,0.072,residual
17938,ĠHamburg,0.1036,residual
17948,Ġruin,0.0805,residual
17958,Ġrailroad,0.0847,residual
17966,Ġspecified,0.0632,residual
17977,Ġquoting,0.126,residual
17986,Ah,0.0716,residual
17995,Ġelectr,0.0987,residual
18005,ĠAmnesty,0.129,residual
18015,ĠWan,0.1053,residual
18024,OUS,0.1289,residual
18033,Ġstigma,0.1273,residual
18042,oop,0.1214,residual
18051,Ġaluminium,0.1475,residual
18060,Ġadvocating,0.149,residual
18069,Ġ1966,0.1271,residual
18079,Ġburger,0.1081,residual
18089,ĠLegacy,0.1212,residual
18098,ĠFT,0.0779,residual
18108,Ġpuzzle,0.0732,residual
18117,ĠNiagara,0.105,residual
18126,ĠLav,0.0789,residual
18135,Ġclarified,0.1341,residual
18144,Ġprojection,0.0799,residual
18152,Ġdiscovering,0.1134,residual
18162,aky,0.1108,residual
18174,inge,0.1279,residual
18183,Ġconsultations,0.1305,residual
18195,Äģ,0.1126,residual
18206,ĠRodney,0.1237,residual
18217,bol,0.1368,residual
18226,ĠAla,0.1125,residual
18234,Ġpac,0.0814,residual
18242,âĢĶâĢĶ,0.1403,residual
18250,Ġger,0.0772,residual
18263,Ġhurdle,0.116,residual
18272,Ġspurred,0.1381,residual
18284,Ġquart,0.0687,residual
18294,ĠBurk,0.1072,residual
18302,ĠOman,0.1167,residual
18310,Ġselections,0.1191,residual
18319,ĠSister,0.1005,residual
18331,pled,0.1474,residual
18343,ĠCron,0.088,residual
18352,ĠValent,0.0863,residual
18360,Ġ1800,0.0935,residual
18370,mans,0.1312,residual
18379,Ġgranting,0.107,residual
18389,Ġcrushing,0.0944,residual
18399,Ġgently,0.0986,residual
18408,Ġmot,0.0551,residual
18418,Ġimproper,0.1078,residual
18428,ĠLexington,0.1015,residual
18438,Ġintimidation,0.149,residual
18449,ĠDot,0.0881,residual
18460,Ġfou,0.1151,residual
18468,tre,0.1354,residual
18477,Ġdevelopmental,0.1016,residual
18485,ĠLap,0.0963,residual
18496,ĠDB,0.0675,residual
18504,enne,0.1452,residual
18513,Ġinstallment,0.0944,residual
18522,High,0.0664,residual
18530,owa,0.1291,residual
18542,Ġservic,0.1234,residual
18552,Ġsafeguard,0.1222,residual
18563,ĠFighting,0.1254,residual
18574,ĠMortgage,0.1287,residual
18590,eva,0.144,residual
18598,Ġpossessing,0.1266,residual
18609,ĠEasy,0.0689,residual
18618,Ġclearer,0.0918,residual
18627,Ġconform,0.0868,residual
18640,ĠTyr,0.0662,residual
18652,ĠCover,0.0751,residual
18662,Ġimagery,0.1316,residual
18671,ĠTN,0.0939,residual
18679,ĠBale,0.1245,residual
18687,Ġconfined,0.0829,residual
18696,eal,0.1266,residual
18704,Ġwardrobe,0.1104,residual
18718,Ġpassive,0.0543,residual
18729,ĠBernardino,0.1377,residual
18743,Ġalley,0.1014,residual
18754,Ġviewer,0.0972,residual
18764,Mal,0.0885,residual
18774,Ġforgot,0.0933,residual
18782,Ġabducted,0.1478,residual
18793,exp,0.1227,residual
18802,Ġtapping,0.0987,residual
18810,ĠSadly,0.1424,residual
18820,Ġsunset,0.0958,residual
18829,Ġpu,0.0802,residual
18838,ĠMR,0.0554,residual
18848,Ġadventures,0.1218,residual
18857,ogn,0.1129,residual
18866,Ġsupplying,0.1094,residual
18874,ĠBoulder,0.1149,residual
18886,ĠNH,0.049,residual
18895,ĠOH,0.0586,residual
18906,Ġbarbecue,0.1382,residual
18915,Ġlengths,0.0935,residual
18924,bus,0.1016,residual
18935,Bo,0.0773,residual
18943,Ġproductions,0.1356,residual
18955,ĠHungarian,0.0893,residual
18966,ĠShan,0.0861,residual
18975,Nobody,0.126,residual
18985,ĠMarriott,0.1133,residual
18996,Ġflurry,0.1295,residual
19004,ĠFEMA,0.14,residual
19015,Ġglove,0.1295,residual
19024,Ġpest,0.0832,residual
19035,ĠMarian,0.0968,residual
19045,Ġhitters,0.137,residual
19056,Ġaka,0.066,residual
19066,Ġseasoned,0.1031,residual
19076,ĠAgricultural,0.1291,residual
19087,lyss,0.1483,residual
19097,ĠQuad,0.0613,residual
19108,ĠMidlands,0.1315,residual
19117,Ġbankrupt,0.1493,residual
19126,ĠPlatinum,0.0983,residual
19134,ĠDemon,0.0671,residual
19145,Ġliable,0.1054,residual
19156,ĠMia,0.0971,residual
19165,Ġpathway,0.0936,residual
19178,help,0.1303,residual
19186,App,0.0472,residual
19198,floor,0.1438,residual
19206,Ġalum,0.1054,residual
19215,ofi,0.149,residual
19224,See,0.0538,residual
19234,Ġauthorization,0.1117,residual
19242,Lean,0.1288,residual
19251,Ġexploited,0.0988,residual
19260,Ġempowered,0.1218,residual
19270,850,0.1161,residual
19279,headed,0.1126,residual
19290,Ġpy,0.0468,residual
19302,fan,0.1486,residual
19310,ĠElaine,0.1101,residual
19319,ĠZurich,0.1452,residual
19328,ĠCOR,0.0924,residual
19337,ĠBravo,0.0979,residual
19345,ĠMuse,0.1084,residual
19353,Ġeleven,0.064,residual
19364,umes,0.1293,residual
19374,ĠSession,0.1102,residual
19384,inging,0.1418,residual
19395,Ġassertion,0.1327,residual
19408,ĠNicholson,0.1314,residual
19418,ĠAssistance,0.1353,residual
19428,ĠCliff,0.071,residual
19438,Ġconsist,0.0606,residual
19448,Ġrelaxing,0.1085,residual
19457,Home,0.0895,residual
19465,Ġglorious,0.0833,residual
19473,irus,0.1333,residual
19482,ĠMAC,0.0695,residual
19492,ĠKare,0.0988,residual
19501,Ġgenerosity,0.1433,residual
19510,Ġreinforce,0.1434,residual
19521,Ġtow,0.0872,residual
19534,Ġdisruptions,0.1375,residual
19543,Ġonion,0.1037,residual
19552,ĠAdministrator,0.1089,residual
19560,Ġlenses,0.1325,residual
19573,ĠUnity,0.0763,residual
19585,Ġpains,0.117,residual
19595,Ġgeared,0.1081,residual
19608,ĠWen,0.0912,residual
19617,ĠOlson,0.1121,residual
19628,Ġbrewery,0.1322,residual
19638,Ġstatues,0.1286,residual
19647,ĠIvy,0.0655,residual
19658,ĠCarnival,0.1117,residual
19668,Ġrepatri,0.1232,residual
19678,ully,0.115,residual
19687,ĠUltimate,0.0807,residual
19697,ĠArcher,0.0776,residual
19706,rings,0.1382,residual
19715,Ġwellbeing,0.1305,residual
19727,Ġcolder,0.1387,residual
19736,ĠCelebr,0.1449,residual
19745,Ġseamless,0.1121,residual
19753,Ġgospel,0.1128,residual
19762,Ġdeepest,0.1182,residual
19770,Ġstimulate,0.1431,residual
19781,Ġcommend,0.0776,residual
19790,Ġdense,0.0713,residual
19798,jas,0.1058,residual
19808,ĠThirty,0.1468,residual
19816,Ġreinforced,0.0969,residual
19826,Ġprevailing,0.0912,residual
19835,Ġdrunken,0.1114,residual
19846,Ġdisgrace,0.1227,residual
19857,Ġdefines,0.104,residual
19870,Ġdisrespect,0.1237,residual
19880,Ġrigs,0.145,residual
19892,Ġbilling,0.1025,residual
19904,January,0.1355,residual
19912,Ġinterpreted,0.1289,residual
19923,Invest,0.1192,residual
19937,tro,0.1326,residual
19946,Ġaccol,0.1378,residual
19957,Ġwax,0.0549,residual
19965,Ġsubmitting,0.1232,residual
19975,Ġhated,0.1065,residual
19985,enary,0.1397,residual
19995,uten,0.1148,residual
20004,Ġrack,0.0782,residual
20013,ĠChat,0.0794,residual
20022,Ġunspecified,0.101,residual
20031,umbo,0.1406,residual
20040,Ġbrew,0.1023,residual
20050,ĠLevi,0.0908,residual
20061,Ġgoodwill,0.1095,residual
20072,Ġtales,0.1079,residual
20084,Ġheadset,0.1281,residual
20094,image,0.1236,residual
20102,ĠStaples,0.14,residual
20111,Ġreproductive,0.1152,residual
20125,Ġtrump,0.0946,residual
20133,ĠKhalid,0.1473,residual
20145,Ġfavors,0.1032,residual
20153,Ġgrat,0.0604,residual
20164,ĠNorris,0.1189,residual
20175,Ġnonsense,0.1229,residual
20188,ĠSoph,0.1413,residual
20200,Ġjackets,0.1378,residual
20209,Ġcarved,0.0971,residual
20222,Ġmercy,0.0969,residual
20231,Ġspat,0.0724,residual
20244,ĠDUI,0.1214,residual
20254,Ġpiled,0.1132,residual
20263,short,0.1363,residual
20276,Ġelevator,0.1003,residual
20288,ĠRoche,0.1191,residual
20297,ĠExec,0.1019,residual
20308,grounds,0.143,residual
20318,Ġtar,0.0662,residual
20331,ĠBram,0.1042,residual
20342,ĠCummings,0.1096,residual
20354,ĠCain,0.1039,residual
20364,Chief,0.1209,residual
20378,rh,0.1235,residual
20389,ĠLevine,0.1025,residual
20399,Ġmach,0.0629,residual
20410,Ġmapping,0.1045,residual
20421,ĠMiddles,0.1053,residual
20431,Ġsouthwestern,0.1339,residual
20440,Ġprojecting,0.1301,residual
20451,ĠAdobe,0.1004,residual
20460,Ġcommunal,0.0966,residual
20469,acco,0.147,residual
20480,Ġkillers,0.1059,residual
20488,ĠZimmer,0.1093,residual
20496,ĠHip,0.0992,residual
20507,Ġreclaim,0.091,residual
20518,Ġpavement,0.1222,residual
20527,ĠDisaster,0.1012,residual
20536,Ġparental,0.0886,residual
20548,Ġmakeshift,0.0929,residual
20556,United,0.0983,residual
20568,Ġcondo,0.112,residual
20581,Ġcheers,0.1262,residual
20589,Ġsupervised,0.095,residual
20601,Ġemergencies,0.1459,residual
20611,ĠKend,0.1077,residual
20621,Ġejected,0.1399,residual
20631,Ġquantities,0.0985,residual
20645,Power,0.1001,residual
20654,wave,0.0883,residual
20667,Ġservant,0.0888,residual
20675,ĠMum,0.0769,residual
20686,Ġmodule,0.0713,residual
20699,ĠKry,0.0965,residual
20710,ĠMiner,0.1341,residual
20719,Ġcorrespond,0.0564,residual
20732,uren,0.1427,residual
20741,ĠAssets,0.1417,residual
20750,Ġ165,0.1022,residual
20761,Ġante,0.0783,residual
20772,Ġcommissions,0.1092,residual
20783,Ġtents,0.1114,residual
20795,ĠCensus,0.11,residual
20803,ĠBuenos,0.1406,residual
20812,Ġcircus,0.1322,residual
20823,Per,0.0376,residual
20837,ĠBold,0.0921,residual
20846,icles,0.1072,residual
20856,Ġtrimmed,0.1241,residual
20865,ĠAvoid,0.123,residual
20877,Featured,0.112,residual
20887,Ġmetropolitan,0.1093,residual
20897,Ġstrains,0.0796,residual
20905,Ã¶n,0.1212,residual
20913,ĠCats,0.112,residual
20921,hest,0.1304,residual
20930,Based,0.0988,residual
20940,Ġhormone,0.1434,residual
20951,string,0.1208,residual
20960,ĠSao,0.1157,residual
20969,Ġgrav,0.0545,residual
20981,Ge,0.0929,residual
20990,Ġ1961,0.1383,residual
21001,Long,0.0806,residual
21011,Ġven,0.0742,residual
21024,ĠLud,0.0695,residual
21033,cup,0.1491,residual
21042,ĠOrigin,0.1066,residual
21052,Ġsofter,0.1092,residual
21062,ĠWrite,0.12,residual
21071,ĠAlberto,0.1336,residual
21082,Ġrelieve,0.1131,residual
21091,pac,0.1301,residual
21103,ocal,0.1413,residual
21113,normal,0.1451,residual
21124,Ġturbo,0.0968,residual
21133,alis,0.1211,residual
21142,ĠFlan,0.1006,residual
21152,Ġtha,0.1273,residual
21163,irc,0.0839,residual
21178,ĠCPR,0.1088,residual
21187,Ġintervened,0.1201,residual
21199,Ġshiny,0.0694,residual
21212,Ġsanitation,0.1403,residual
21220,ĠDone,0.105,residual
21233,rous,0.1182,residual
21247,Ġwhit,0.0639,residual
21259,Ġcanal,0.0869,residual
21269,uate,0.1104,residual
21278,Ġsharks,0.1361,residual
21289,Ġlandfill,0.1271,residual
21299,ĠPir,0.0735,residual
21313,Ġembargo,0.1245,residual
21324,Ġseparatist,0.1393,residual
21335,Ġfavourable,0.1114,residual
21345,ĠBuddhist,0.0921,residual
21355,ĠPosition,0.1372,residual
21369,118,0.1384,residual
21380,ĠLeaf,0.118,residual
21389,ĠSmoke,0.096,residual
21398,Ġintermediate,0.0514,residual
21407,aru,0.1288,residual
21418,ĠAlicia,0.0983,residual
21427,Ġlesbian,0.1305,residual
21435,ĠSalvation,0.1111,residual
21443,Ġribs,0.1202,residual
21452,ĠPew,0.1135,residual
21460,Ġdistressed,0.1126,residual
21470,ĠFinding,0.0876,residual
21479,ĠReality,0.1256,residual
21488,Ġpits,0.0949,residual
21501,Ġsynerg,0.126,residual
21510,Ġfearing,0.1133,residual
21519,pose,0.1368,residual
21530,ĠHann,0.1134,residual
21540,128,0.1164,residual
21549,Ġengages,0.1315,residual
21559,Ġimproperly,0.1319,residual
21567,Ġinvalid,0.0837,residual
21580,Ġsyrup,0.1378,residual
21590,ĠDairy,0.1293,residual
21598,117,0.1002,residual
21608,Jet,0.1192,residual
21620,Ġcolourful,0.1312,residual
21629,Ġchees,0.0955,residual
21641,Ġlunar,0.114,residual
21652,Ġreacting,0.1271,residual
21663,ĠFir,0.0981,residual
21672,LM,0.1204,residual
21681,Ġicons,0.113,residual
21690,ĠCornwall,0.1175,residual
21699,Ġfoam,0.0926,residual
21708,ĠKeystone,0.1256,residual
21720,Ġprev,0.1005,residual
21735,VIEW,0.1376,residual
21743,yon,0.1403,residual
21760,ĠCorm,0.1139,residual
21768,Ġcough,0.1127,residual
21779,Ġspeculative,0.146,residual
21787,ĠCelebration,0.1364,residual
21797,Ġgra,0.0635,residual
21806,ĠMane,0.1053,residual
21816,Ġresur,0.1196,residual
21826,ĠReb,0.0764,residual
21838,.],0.0999,residual
21849,balls,0.1344,residual
21860,ĠDover,0.0985,residual
21870,ĠMoran,0.1173,residual
21881,Ġstirring,0.1179,residual
21891,Ġ215,0.0883,residual
21902,ĠInterview,0.1241,residual
21912,Ġblockade,0.1185,residual
21920,Ġrevamped,0.1291,residual
21930,ĠEllison,0.1245,residual
21940,ĠUPS,0.0968,residual
21949,Ġdilemma,0.109,residual
21959,test,0.1381,residual
21968,Ġpsych,0.0782,residual
21979,Ġacoustic,0.082,residual
21990,Ġdreamed,0.128,residual
22001,Ġcartel,0.1081,residual
22010,Ġdeteriorating,0.1344,residual
22020,ĠATP,0.1198,residual
22030,Ġrestricting,0.1047,residual
22039,Ġreservoir,0.1046,residual
22048,Ġwitch,0.0694,residual
22056,Ġflourish,0.123,residual
22067,Ġbeast,0.0713,residual
22079,ĠFeel,0.1076,residual
22090,Ġvein,0.0847,residual
22102,Ġsavvy,0.1172,residual
22111,think,0.1395,residual
22120,Wire,0.1341,residual
22130,View,0.0685,residual
22141,mitt,0.148,residual
22150,ĠMent,0.0766,residual
22158,ĠMode,0.1149,residual
22170,ĠPaige,0.1099,residual
22180,ĠCanon,0.0797,residual
22191,cious,0.1456,residual
22202,ĠAlc,0.1193,residual
22212,Ġbless,0.0965,residual
22223,ĠAlam,0.1114,residual
22232,ĠRutherford,0.1207,residual
22243,ĠEleven,0.1191,residual
22254,Ġreversing,0.1268,residual
22264,ĠJaguar,0.1097,residual
22276,ĠBub,0.0762,residual
22284,Ġactivate,0.1157,residual
22294,ĠGU,0.0526,residual
22303,false,0.1476,residual
22315,Ġundue,0.1226,residual
22327,ĠPett,0.123,residual
22336,ĠTian,0.147,residual
22346,ĠStreets,0.1092,residual
22356,ometric,0.1476,residual
22364,Ġquirky,0.1461,residual
22374,Ġscans,0.1119,residual
22383,ummy,0.1366,residual
22394,Ġbadge,0.0814,residual
22403,Jul,0.0762,residual
22415,Ġmerc,0.0706,residual
22425,Ġrelie,0.0906,residual
22434,Ġlabelled,0.1308,residual
22445,Ġhelpless,0.0914,residual
22455,Ġinterval,0.1002,residual
22465,Ġarose,0.1088,residual
22480,Ġflank,0.1164,residual
22497,ĠOlsen,0.1062,residual
22506,ĠSax,0.0841,residual
22518,Ġvictorious,0.1198,residual
22532,Law,0.0946,residual
22541,Ġbouncing,0.1128,residual
22550,Ġundo,0.1289,residual
22558,Ġstronghold,0.1342,residual
22569,ĠTig,0.0832,residual
22582,Ġmul,0.0666,residual
22593,lein,0.135,residual
22603,ĠDT,0.0651,residual
22616,Things,0.1448,residual
22627,prise,0.1255,residual
22636,Ġsac,0.0909,residual
22647,ĠForrest,0.0992,residual
22658,ĠBBQ,0.1086,residual
22667,ĠTips,0.1215,residual
22677,Ġrumor,0.1402,residual
22686,Sept,0.1338,residual
22698,Ġrehears,0.1277,residual
22707,Ġsings,0.1205,residual
22719,eer,0.1105,residual
22734,Ġdigest,0.0945,residual
22744,Ġmodules,0.0875,residual
22752,vell,0.1294,residual
22763,Pre,0.0712,residual
22772,Ġbounds,0.118,residual
22781,ĠWheat,0.1208,residual
22791,Ġelephants,0.1338,residual
22801,ĠAlpine,0.0778,residual
22811,ĠBuilt,0.1462,residual
22821,Ġorganising,0.1387,residual
22833,ifts,0.1471,residual
22842,ĠHib,0.1197,residual
22850,Ġsym,0.062,residual
22865,Ġscept,0.1234,residual
22876,ĠJin,0.0804,residual
22885,Miss,0.0837,residual
22895,oub,0.1273,residual
22907,Ġexpl,0.0615,residual
22918,Ġpursuant,0.1409,residual
22932,ĠErnst,0.115,residual
22944,Ġrampage,0.1316,residual
22957,Ġstamps,0.1072,residual
22966,iken,0.1267,residual
22977,Ġfrontman,0.147,residual
22990,Ġlace,0.1158,residual
22998,ĠPamela,0.1101,residual
23008,click,0.1066,residual
23021,Ġvel,0.0731,residual
23030,ĠToro,0.1322,residual
23042,Ġescaping,0.1027,residual
23051,ĠFaul,0.1161,residual
23059,ĠYa,0.0872,residual
23071,Ġfoes,0.1344,residual
23081,aan,0.1209,residual
23090,Ġsomeday,0.1199,residual
23101,Ġrelegated,0.1457,residual
23113,Ġthri,0.1327,residual
23124,ĠCharge,0.1033,residual
23134,Ġbrutally,0.134,residual
23142,ERE,0.1173,residual
23152,reau,0.1476,residual
23160,ĠAmtrak,0.147,residual
23171,ī,0.0809,residual
23183,Ġvolcanic,0.1333,residual
23194,ĠNEC,0.1085,residual
23203,rift,0.1421,residual
23213,Ġterribly,0.0979,residual
23223,Ġchin,0.0904,residual
23237,ĠHIGH,0.1377,residual
23248,ĠAndersen,0.1105,residual
23259,udo,0.1365,residual
23269,ĠRahman,0.137,residual
23279,Ġbuddy,0.058,residual
23290,Ġpurported,0.1185,residual
23300,ĠVarious,0.1452,residual
23313,ĠDestiny,0.1042,residual
23321,Ġliqu,0.1249,residual
23329,Count,0.1102,residual
23341,Ġweights,0.0985,residual
23353,Ġcosmetics,0.1467,residual
23366,Ġfetch,0.0892,residual
23377,Ġclim,0.0696,residual
23386,ĠHue,0.0927,residual
23395,ĠINS,0.082,residual
23408,Ġpromoter,0.1269,residual
23426,Ġconceived,0.1262,residual
23436,ĠJed,0.0988,residual
23446,Ġdismal,0.1389,residual
23457,Ġglut,0.1095,residual
23466,Ġvacancies,0.124,residual
23477,Ġpunishing,0.1138,residual
23485,Ġshocks,0.1165,residual
23493,ĠGel,0.1129,residual
23503,Ġthief,0.1219,residual
23517,Ġcelebr,0.1082,residual
23531,Ġindebted,0.1272,residual
23542,ĠMarilyn,0.1243,residual
23550,Ġretains,0.1254,residual
23561,ĠWoody,0.092,residual
23574,ĠDickinson,0.1189,residual
23583,lists,0.1498,residual
23596,ĠBirthday,0.1128,residual
23606,ĠRadar,0.1284,residual
23616,Ġblackmail,0.148,residual
23626,ĠFlow,0.1235,residual
23635,ĠJourney,0.1016,residual
23647,Ġshells,0.0861,residual
23660,Ġlawful,0.1031,residual
23672,Ġ147,0.1228,residual
23682,ĠPulse,0.1188,residual
23694,Ġemerges,0.1189,residual
23705,rust,0.1249,residual
23715,Ġroasted,0.123,residual
23724,bottom,0.1405,residual
23732,Ġobscure,0.0819,residual
23740,gew,0.1481,residual
23752,ĠCamden,0.1086,residual
23763,Ġmotions,0.1164,residual
23772,Ġwid,0.0624,residual
23783,Ġimmensely,0.1075,residual
23796,Ġnull,0.0512,residual
23807,Ġinfluenza,0.1238,residual
23816,ĠEffect,0.0928,residual
23826,Ġherb,0.1155,residual
23837,Ġintuitive,0.0818,residual
23849,Ġharbour,0.1204,residual
23860,ĠKul,0.1341,residual
23871,ĠBam,0.1006,residual
23884,weights,0.1374,residual
23895,ĠReserv,0.1184,residual
23907,ivated,0.1454,residual
23916,ĠWelch,0.1276,residual
23924,Ġpresumed,0.0833,residual
23938,Ġbricks,0.0923,residual
23953,Ġvom,0.1351,residual
23966,lde,0.1488,residual
23980,Ġignited,0.1471,residual
23996,Sm,0.0751,residual
24008,ribut,0.1352,residual
24018,Ġamidst,0.1232,residual
24028,Ġanchored,0.1337,residual
24040,ĠPatton,0.1195,residual
24049,ĠWays,0.0977,residual
24060,liness,0.1419,residual
24069,ĠRomeo,0.101,residual
24078,ĠConrad,0.0782,residual
24089,ĠLuna,0.0981,residual
24100,ĠWhenever,0.1349,residual
24112,Ġdiversion,0.1126,residual
24122,Ġcollectors,0.1157,residual
24135,Ġbreadth,0.132,residual
24146,Ġseriousness,0.1413,residual
24155,Ġquadru,0.0902,residual
24166,ĠArms,0.1118,residual
24179,Ġrealization,0.1009,residual
24188,Ġbrightest,0.1383,residual
24200,Ġrend,0.0471,residual
24213,Ġmenace,0.1401,residual
24225,apers,0.1468,residual
24234,Ġdelic,0.0822,residual
24249,mu,0.1252,residual
24259,ĠSeeing,0.1438,residual
24269,ÑĢ,0.0717,residual
24278,Ġdesperation,0.1458,residual
24287,Ġadmiration,0.1375,residual
24295,Ġfem,0.078,residual
24307,ĠPesh,0.143,residual
24322,ĠLegends,0.1492,residual
24330,ĠPoss,0.1286,residual
24340,ĠJacques,0.1164,residual
24351,Ġyogurt,0.1407,residual
24363,icy,0.1209,residual
24373,ĠPerform,0.1388,residual
24383,ĠWI,0.1028,residual
24395,Ġexce,0.1451,residual
24405,ĠSixth,0.1031,residual
24418,Ġhopeless,0.0765,residual
24432,Ġfoe,0.1215,residual
24444,ĠBoll,0.1035,residual
24455,ĠSheila,0.1087,residual
24467,Ġinstincts,0.1311,residual
24478,Ġrehearsal,0.1229,residual
24490,ĠMing,0.0954,residual
24503,Ġforty,0.0789,residual
24514,Cons,0.0613,residual
24530,ĠFake,0.1295,residual
24541,ĠGob,0.1079,residual
24551,ĠRefer,0.128,residual
24563,Ġpegged,0.1429,residual
24573,Ġabrupt,0.1028,residual
24583,ĠNurs,0.1144,residual
24593,Ġincarcerated,0.1476,residual
24603,ĠTire,0.1498,residual
24612,gel,0.1456,residual
24622,Ġchang,0.0918,residual
24633,Ġreplica,0.0973,residual
24647,Ġconced,0.1372,residual
24658,Dem,0.1124,residual
24671,Adam,0.1033,residual
24685,ĠInitial,0.1063,residual
24697,Ġmetre,0.1343,residual
24707,Ġconsolid,0.1116,residual
24719,Ġdizz,0.1123,residual
24729,Ġreliant,0.1114,residual
24743,ĠChattanooga,0.1301,residual
24753,ĠScan,0.1125,residual
24765,MIN,0.1434,residual
24778,Ġsimplify,0.1441,residual
24788,EDIT,0.109,residual
24796,Ġmisrepresent,0.118,residual
24809,ĠCPS,0.1106,residual
24821,Ġsubstantive,0.1132,residual
24829,Ġlumber,0.1013,residual
24838,ĠFav,0.1243,residual
24854,ĠAgents,0.1415,residual
24865,ĠNeh,0.1319,residual
24874,ĠHau,0.1024,residual
24888,Ġroutines,0.1345,residual
24899,iton,0.1421,residual
24910,Ġconfiscated,0.1472,residual
24923,Ġeats,0.131,residual
24932,ordered,0.1345,residual
24942,ĠJav,0.1058,residual
24959,Ġappet,0.1032,residual
24972,Ġprovoked,0.1344,residual
24983,Ġpixels,0.1242,residual
24995,Ġpaints,0.1121,residual
25007,Ġbloggers,0.1235,residual
25019,Ġpathways,0.1134,residual
25030,ĠCollective,0.0971,residual
25043,Ġcaptains,0.1237,residual
25053,ĠSuicide,0.1095,residual
25066,Ġabsentee,0.1063,residual
25076,ĠStuff,0.1326,residual
25087,ĠDiscover,0.1201,residual
25097,Ġnoble,0.0671,residual
25108,ameda,0.146,residual
25117,Mag,0.0992,residual
25134,hus,0.144,residual
25148,heet,0.1439,residual
25159,Ġdiscretionary,0.1118,residual
25171,eu,0.1265,residual
25182,ĠBreast,0.1376,residual
25191,ĠLite,0.1099,residual
25201,ĠForever,0.1301,residual
25209,Ġpupil,0.1083,residual
25223,Ġcorrobor,0.1436,residual
25234,Ġpleasing,0.1297,residual
25246,ĠDaisy,0.0964,residual
25259,Ġguru,0.1447,residual
25271,Ġvinegar,0.1447,residual
25282,ĠTok,0.099,residual
25290,ĠPublishing,0.1452,residual
25305,ĠBosnia,0.1369,residual
25319,137,0.118,residual
25330,ĠMBA,0.1196,residual
25340,ĠKant,0.0931,residual
25353,ĠKaplan,0.1112,residual
25367,ĠHybrid,0.1361,residual
25379,ĠMakes,0.1061,residual
25387,Ġenhancement,0.1257,residual
25399,Ġcollapsing,0.1029,residual
25409,Ġspoon,0.0957,residual
25419,Lo,0.0897,residual
25428,Ġcompensated,0.1276,residual
25437,Ġmonumental,0.1195,residual
25447,Ma,0.0792,residual
25456,oxy,0.1396,residual
25472,ĠDock,0.1064,residual
25482,Ðµ,0.0698,residual
25493,ĠGins,0.1381,residual
25503,ĠGuarant,0.1283,residual
25511,ĠCLE,0.1166,residual
25524,Ġcooled,0.1429,residual
25534,203,0.1463,residual
25543,Ġdues,0.1147,residual
25552,Ġconsoles,0.1298,residual
25568,ĠPlastic,0.1414,residual
25578,Ġpul,0.0791,residual
25589,Water,0.116,residual
25602,Nick,0.1092,residual
25610,Ġyo,0.0754,residual
25624,Ġdepartures,0.1305,residual
25637,Ġwhist,0.0742,residual
25649,Ġconveyed,0.1421,residual
25660,Ġtomb,0.076,residual
25670,ĠColumb,0.124,residual
25678,ĠDoll,0.099,residual
25689,ĠXia,0.1423,residual
25702,Ġsnatched,0.123,residual
25714,ĠRespons,0.0823,residual
25723,kell,0.145,residual
25733,RR,0.1229,residual
25744,Ġdod,0.0903,residual
25756,Ġwatershed,0.1255,residual
25769,clad,0.1481,residual
25778,Ġcorrespondence,0.0956,residual
25791,ĠKop,0.1066,residual
25804,Ġtroop,0.0841,residual
25814,Ġjihadist,0.1436,residual
25827,Ġinfring,0.1426,residual
25840,ĠDos,0.0977,residual
25849,andel,0.1413,residual
25859,Ġwrit,0.0825,residual
25871,Ġdiff,0.0461,residual
25882,ĠPose,0.1198,residual
25893,ĠGuer,0.1225,residual
25905,ĠBeta,0.0805,residual
25920,ĠAlban,0.0991,residual
25928,ĠChill,0.1065,residual
25936,Ġ151,0.1129,residual
25951,ĠVera,0.1065,residual
25962,Ġcoincide,0.1254,residual
25971,Ġcottage,0.1134,residual
25985,Ġcompromising,0.118,residual
25993,Ġprofiling,0.1227,residual
26002,Ġcraz,0.1176,residual
26015,Ġcontractual,0.125,residual
26026,stones,0.1422,residual
26039,Ass,0.0672,residual
26051,iona,0.1453,residual
26061,frame,0.1057,residual
26072,ĠRudolph,0.1104,residual
26088,Ġemulate,0.147,residual
26098,ĠPond,0.1031,residual
26109,DL,0.1175,residual
26120,Ġlou,0.1039,residual
26130,Ġsorrow,0.1065,residual
26144,Ġjug,0.0914,residual
26152,Wednesday,0.1183,residual
26165,Ġlooms,0.1255,residual
26174,ÙĬ,0.1391,residual
26188,ĠMaterial,0.1137,residual
26199,Ġoffending,0.1147,residual
26211,ĠLithuania,0.1461,residual
26224,Ġstripes,0.1085,residual
26240,Ġdreaming,0.1227,residual
26255,Ġnominal,0.0872,residual
26268,Ġcohort,0.12,residual
26280,Ġdivine,0.0572,residual
26293,Ġcharacteristic,0.0794,residual
26301,Ġmartyr,0.1186,residual
26311,ĠLith,0.118,residual
26320,ĠCanterbury,0.1245,residual
26332,143,0.1458,residual
26340,179,0.1406,residual
26353,Ġaddictive,0.1255,residual
26364,Ġunintended,0.1286,residual
26376,ĠPeel,0.1172,residual
26388,Ġwow,0.0893,residual
26400,ĠSequ,0.0957,residual
26411,ĠNormal,0.0646,residual
26425,Ġfats,0.1357,residual
26433,ĠArd,0.0875,residual
26441,cluded,0.1372,residual
26454,ĠGale,0.1053,residual
26463,Ġdoub,0.0651,residual
26473,ĠCherokee,0.1001,residual
26486,Ġfrank,0.0738,residual
26500,Ġbraking,0.1304,residual
26509,ĠCALL,0.1358,residual
26520,Ġpots,0.1074,residual
26530,Ġcue,0.0854,residual
26541,ĠUpton,0.1435,residual
26550,Ġcanv,0.1252,residual
26560,ĠAra,0.1073,residual
26571,ĠEssential,0.087,residual
26584,Ġprominently,0.1361,residual
26598,Ġbuckets,0.1025,residual
26612,Ġfamine,0.1389,residual
26623,Ġshack,0.0801,residual
26634,440,0.112,residual
26645,Ġdoubtful,0.1123,residual
26656,Ġvitamins,0.1479,residual
26667,Ġdividing,0.0976,residual
26682,ĠBoe,0.114,residual
26693,Ġbruising,0.1405,residual
26710,Ġsided,0.1275,residual
26720,ĠSlow,0.0966,residual
26730,ĠStranger,0.1196,residual
26746,ĠWag,0.1204,residual
26756,Ġskipping,0.114,residual
26767,td,0.1499,residual
26782,Ġknowledgeable,0.1389,residual
26799,acet,0.1476,residual
26810,ĠSic,0.0855,residual
26827,pell,0.1397,residual
26843,ĠDreams,0.1241,residual
26855,ĠSigns,0.1381,residual
26870,Ġther,0.0971,residual
26878,Ġscripts,0.1045,residual
26888,ĠBeef,0.1253,residual
26903,Ġanalog,0.0662,residual
26912,216,0.1285,residual
26921,Ġunle,0.1141,residual
26934,Ġpurs,0.1024,residual
26945,ĠEyes,0.1259,residual
26956,Ġlinear,0.0451,residual
26966,ĠVeronica,0.0982,residual
26977,Ġwired,0.0928,residual
26986,ĠHanna,0.1045,residual
26999,Ġvaccinated,0.1422,residual
27012,Ġ228,0.1398,residual
27026,Ġstealth,0.0577,residual
27035,Ġcalmly,0.1374,residual
27048,atis,0.1281,residual
27056,Ġmonsters,0.0883,residual
27066,know,0.1489,residual
27078,Ġgigs,0.1429,residual
27095,Ġsled,0.1292,residual
27105,ĠCONC,0.1473,residual
27118,ĠHort,0.1363,residual
27126,chal,0.1156,residual
27136,Ġcritique,0.1234,residual
27145,Ġlodging,0.1221,residual
27154,ĠKass,0.1166,residual
27164,Ġadversaries,0.1337,residual
27175,ĠSEN,0.1494,residual
27188,ĠRH,0.0751,residual
27198,Ġbots,0.126,residual
27215,Ġpervasive,0.149,residual
27226,uper,0.127,residual
27241,ĠExcel,0.1022,residual
27250,Ġmultim,0.1147,residual
27262,Pool,0.1451,residual
27271,ĠTurns,0.133,residual
27286,ĠYon,0.1169,residual
27299,Ġtweaks,0.1311,residual
27311,Ġproportions,0.1276,residual
27325,Ġflo,0.0855,residual
27339,Ġtopp,0.1223,residual
27357,ĠUlt,0.0638,residual
27369,Ġdissemin,0.1475,residual
27384,Ġdivides,0.1423,residual
27394,ĠSweep,0.1463,residual
27404,Space,0.1382,residual
27414,ĠOPS,0.1414,residual
27427,ĠHarmony,0.1143,residual
27441,Ġpristine,0.1164,residual
27451,ĠFUN,0.1359,residual
27461,ĠDent,0.1302,residual
27473,ĠScarlett,0.1324,residual
27483,Ġtray,0.1102,residual
27495,Ġindefinite,0.0889,residual
27509,ĠKats,0.1298,residual
27523,ĠReef,0.1363,residual
27534,thal,0.1484,residual
27544,Ġsucceeding,0.1127,residual
27554,Ġpedd,0.1241,residual
27564,Ã»,0.131,residual
27578,Ġvow,0.1044,residual
27592,ĠPhys,0.1417,residual
27606,Ġresonate,0.1437,residual
27622,ĠMoroccan,0.1091,residual
27631,ĠDegree,0.133,residual
27644,Ġbeliever,0.1203,residual
27654,Vis,0.1038,residual
27665,Ġmuster,0.1171,residual
27680,chio,0.1413,residual
27693,Jon,0.104,residual
27709,German,0.1322,residual
27721,ĠIssa,0.139,residual
27731,ĠSanctuary,0.137,residual
27745,omas,0.1239,residual
27757,EAR,0.1469,residual
27767,ĠCoy,0.1023,residual
27778,Ġps,0.0698,residual
27793,Ġbuff,0.0549,residual
27805,Ġevapor,0.0974,residual
27817,Ġali,0.118,residual
27832,ĠUtility,0.1239,residual
27842,ĠHA,0.0551,residual
27856,Ġliteral,0.0685,residual
27867,ĠSNAP,0.1227,residual
27878,ĠMarketplace,0.1305,residual
27887,contin,0.1346,residual
27897,ĠBronze,0.109,residual
27911,liest,0.1294,residual
27927,ĠGilmore,0.1166,residual
27936,Ġplague,0.1097,residual
27949,Ġscal,0.0745,residual
27961,Ġdisproportionate,0.11,residual
27971,Ġrenters,0.1471,residual
27984,ĠOlympia,0.1443,residual
27994,Ġsurve,0.1188,residual
28007,Ġbogus,0.1454,residual
28021,Ġdragon,0.0603,residual
28033,Ġchem,0.1263,residual
28047,ambo,0.1315,residual
28062,Att,0.0637,residual
28072,Ġbod,0.0673,residual
28083,Ġ159,0.1273,residual
28096,Ġkitchens,0.1461,residual
28106,ĠThrow,0.1086,residual
28115,Ġpaused,0.1371,residual
28126,Ġwaterproof,0.1237,residual
28137,ĠButton,0.1205,residual
28147,ĠMov,0.1123,residual
28157,ĠKoz,0.1159,residual
28167,301,0.1293,residual
28180,onest,0.1476,residual
28197,ĠBombay,0.1325,residual
28207,igent,0.126,residual
28216,Wall,0.0944,residual
28225,Ġunrestricted,0.1113,residual
28237,ĠHonour,0.1362,residual
28252,Ġwhirlwind,0.1291,residual
28267,URN,0.1463,residual
28280,Ġasphalt,0.1241,residual
28290,eret,0.1447,residual
28302,LINE,0.1405,residual
28318,isel,0.1433,residual
28331,ĠCooperative,0.1314,residual
28339,Ġadventurous,0.1413,residual
28350,Ġreef,0.1339,residual
28364,ĠCertificate,0.1393,residual
28379,ĠIndividuals,0.1426,residual
28393,Gs,0.1229,residual
28408,ĠSER,0.0903,residual
28420,Ġvisions,0.1104,residual
28434,ĠSamson,0.1111,residual
28450,Ġwagon,0.0962,residual
28462,Ġimpecc,0.1173,residual
28475,ĠGrimes,0.1361,residual
28487,Ġtossing,0.1316,residual
28498,Ser,0.1034,residual
28510,Ġinferior,0.0834,residual
28521,Ġmammoth,0.0953,residual
28531,Ġsafegu,0.1346,residual
28541,ĠKlu,0.1394,residual
28556,ĠCorpus,0.1328,residual
28565,Social,0.133,residual
28576,Ġdwelling,0.1306,residual
28585,adin,0.1266,residual
28596,Ġbaseless,0.1408,residual
28606,ĠKrish,0.1274,residual
28620,ĠNeeds,0.1459,residual
28634,Ġapproves,0.1484,residual
28647,Ġconceptual,0.102,residual
28662,Ġsorting,0.112,residual
28670,Ġabdominal,0.1128,residual
28681,Mah,0.1338,residual
28695,Ġimplying,0.1448,residual
28705,ĠExit,0.1196,residual
28722,ĠBread,0.1183,residual
28732,VD,0.1207,residual
28741,atto,0.1369,residual
28758,ĠFavorite,0.1358,residual
28766,Ġconsequently,0.1232,residual
28776,Ġwording,0.1253,residual
28792,Ġvulgar,0.113,residual
28802,ĠTriangle,0.1184,residual
28814,rats,0.1442,residual
28830,ĠMV,0.1069,residual
28840,Ġnoticeably,0.1298,residual
28857,Ġcalam,0.1214,residual
28866,ĠATT,0.0889,residual
28876,ĠBarg,0.1221,residual
28888,Ele,0.115,residual
28900,Ġdiffering,0.1173,residual
28915,Brian,0.1166,residual
28930,Ġyell,0.0993,residual
28943,ĠDeposit,0.1315,residual
28960,Ġstocking,0.1098,residual
28973,zin,0.1224,residual
28984,Ġunstoppable,0.1358,residual
28997,ĠImportant,0.1139,residual
29011,ĠVet,0.1096,residual
29022,ryan,0.1312,residual
29035,ĠFare,0.115,residual
29048,stic,0.1282,residual
29057,Ġreckon,0.1333,residual
29075,ĠMcH,0.1367,residual
29088,ĠWitt,0.1275,residual
29106,Ġextraordinarily,0.1398,residual
29117,Ġradioactive,0.1318,residual
29130,Ġclocks,0.1161,residual
29145,Ġupheaval,0.1485,residual
29157,ĠSting,0.1317,residual
29168,Ġentrusted,0.1477,residual
29181,Ġunfit,0.1307,residual
29190,226,0.1248,residual
29200,Ġprofess,0.099,residual
29209,ĠMarkus,0.1282,residual
29218,cond,0.1427,residual
29228,ĠKut,0.1149,residual
29240,227,0.1491,residual
29254,Â£,0.1201,residual
29270,pes,0.1339,residual
29281,Ġcompens,0.0955,residual
29295,Ġwee,0.1013,residual
29304,Ġ189,0.1402,residual
29316,Ġquizz,0.1343,residual
29330,ĠRosenberg,0.1403,residual
29341,Ġspelled,0.1151,residual
29355,Ġ223,0.1168,residual
29365,Ġsoaked,0.1119,residual
29378,ĠCube,0.1284,residual
29392,Ġdrifting,0.1372,residual
29405,ĠFem,0.1155,residual
29417,Ġrapes,0.147,residual
29433,ĠFlore,0.1127,residual
29445,Ġsideways,0.1246,residual
29455,Ġampl,0.0949,residual
29464,ĠToken,0.1179,residual
29474,ĠArchitect,0.1314,residual
29484,ĠPrecision,0.1451,residual
29497,Ġcanine,0.1469,residual
29507,Ġroundup,0.1363,residual
29520,Ġfuss,0.1041,residual
29536,Ġreliably,0.0874,residual
29548,Ġvalidated,0.1237,residual
29562,ĠPreferred,0.125,residual
29577,Ġhorrendous,0.1491,residual
29587,emo,0.1361,residual
29597,Ġpixel,0.0859,residual
29607,Ġbios,0.1294,residual
29619,ĠLana,0.1329,residual
29629,Ġsquirrel,0.1317,residual
29644,ĠSawyer,0.1392,residual
29655,ĠFantastic,0.0955,residual
29667,Ã¯,0.1422,residual
29681,Ġculminating,0.1388,residual
29693,Ġboiled,0.1343,residual
29705,ĠMajesty,0.121,residual
29716,Ġknit,0.0939,residual
29729,Ho,0.0914,residual
29740,Ġwiping,0.1354,residual
29750,Ġnovelty,0.1411,residual
29761,isin,0.1336,residual
29776,Ġcarving,0.1185,residual
29790,ĠSut,0.1391,residual
29807,Ġsolemn,0.0832,residual
29828,Ġarmor,0.0845,residual
29839,Ġpounding,0.1425,residual
29852,Ġign,0.0789,residual
29864,Ġcowboy,0.1113,residual
29881,ĠLS,0.0647,residual
29894,Ġtrench,0.102,residual
29909,Ġunresolved,0.148,residual
29925,Eye,0.1401,residual
29936,236,0.1456,residual
29948,oxic,0.1437,residual
29959,Ġfig,0.07,residual
29975,ĠPAN,0.1183,residual
29988,Ġcompatibility,0.1079,residual
29997,Ġactivation,0.0754,residual
30007,asu,0.1404,residual
30021,ĠRN,0.0843,residual
30034,Ġmigr,0.1209,residual
30047,Baby,0.1084,residual
30056,job,0.1161,residual
30066,Ġendorsing,0.1424,residual
30081,Ġpenn,0.0807,residual
30089,ĠSass,0.0896,residual
30099,ĠPhantom,0.1061,residual
30108,ĠScope,0.1284,residual
30121,Mat,0.0853,residual
30140,ĠSpart,0.1089,residual
30158,Hop,0.1045,residual
30175,Ġinfrared,0.1273,residual
30192,Error,0.1369,residual
30202,ĠComfort,0.1079,residual
30213,Ġdarling,0.0896,residual
30229,ĠSET,0.1051,residual
30242,Ġ333,0.1304,residual
30254,Ġreconstruct,0.1281,residual
30264,Ġactiv,0.1097,residual
30278,Ġcommits,0.1234,residual
30290,Ġfasting,0.1215,residual
30299,Ġbliss,0.1138,residual
30315,Ġsche,0.0781,residual
30327,Really,0.0913,residual
30338,Ġdecency,0.1441,residual
30352,ĠSOL,0.0771,residual
30366,Ġbred,0.1194,residual
30379,Ġcher,0.1048,residual
30393,ĠHDMI,0.1472,residual
30404,Ġartery,0.1434,residual
30416,Ġindiscrim,0.1315,residual
30431,Ġdrown,0.1346,residual
30444,Ġsimultaneous,0.1039,residual
30461,Ġlur,0.0858,residual
30472,ĠServer,0.1092,residual
30487,218,0.1313,residual
30497,ĠINT,0.0878,residual
30509,Ġ186,0.1443,residual
30525,ĠBudd,0.1037,residual
30544,ĠFang,0.1459,residual
30558,Strong,0.114,residual
30567,Ġexhaustion,0.1167,residual
30581,ĠHug,0.118,residual
30594,ĠComet,0.1179,residual
30604,Ġunsupported,0.1377,residual
30616,Vol,0.0987,residual
30632,Ġcomed,0.1238,residual
30647,ĠMorse,0.1194,residual
30660,Ve,0.1056,residual
30670,uler,0.1426,residual
30681,amous,0.1415,residual
30693,ĠMouse,0.0849,residual
30709,ĠHunting,0.1304,residual
30731,Ġhover,0.1301,residual
30740,Ġincompetent,0.1254,residual
30751,xi,0.1319,residual
30772,Ġunseen,0.0848,residual
30782,ĠMET,0.123,residual
30795,Ġtoler,0.0931,residual
30805,ĠIdentity,0.1075,residual
30818,181,0.1382,residual
30830,Ġmanipulating,0.1446,residual
30847,Ġlux,0.1052,residual
30862,Ġcapac,0.1267,residual
30878,Ġlumin,0.0852,residual
30890,Ġsewing,0.1115,residual
30901,ĠImam,0.1207,residual
30912,olid,0.1437,residual
30932,ĠVoy,0.1172,residual
30942,Ġanomaly,0.113,residual
30952,Ġcrank,0.0865,residual
30965,GEN,0.1319,residual
30977,Ġmuff,0.1062,residual
30986,Ġgrin,0.1459,residual
30998,meric,0.1445,residual
31013,ĠParticip,0.1466,residual
31028,ĠGCC,0.1191,residual
31041,Ġtaboo,0.1499,residual
31054,Australian,0.131,residual
31066,apore,0.1481,residual
31083,Ġstrang,0.1178,residual
31102,ĠZel,0.0881,residual
31115,Ġpods,0.1231,residual
31128,itic,0.1264,residual
31142,Ġhandshake,0.1389,residual
31154,article,0.1398,residual
31170,ĠRubber,0.1302,residual
31180,Ġlov,0.0876,residual
31191,405,0.1481,residual
31205,Ġaloud,0.125,residual
31218,Ġ303,0.1223,residual
31232,Ġaffinity,0.0895,residual
31245,ĠGN,0.1008,residual
31261,Ġestimating,0.1467,residual
31274,.[,0.0572,residual
31286,Ġgoodies,0.1167,residual
31298,Ġunreliable,0.1433,residual
31309,Ġvetted,0.1306,residual
31319,ĠWad,0.1119,residual
31331,Pack,0.1083,residual
31346,Ġdome,0.0946,residual
31359,Main,0.0768,residual
31377,Ġimperial,0.0903,residual
31389,Ġdisreg,0.12,residual
31407,ĠGorge,0.1322,residual
31420,Ġcath,0.0849,residual
31431,Cele,0.1297,residual
31444,Ġcoated,0.1143,residual
31460,Ġreusable,0.1105,residual
31473,Ġlends,0.1369,residual
31486,ĠPenal,0.1427,residual
31497,ossible,0.1441,residual
31509,Ġ(',0.1125,residual
31526,Ġpengu,0.119,residual
31537,Ġspilling,0.1289,residual
31548,Ġexposures,0.1189,residual
31562,Ġdisco,0.1118,residual
31580,Ġmessed,0.1278,residual
31600,Ġinterpretations,0.1217,residual
31611,Editor,0.1118,residual
31622,Ġstraps,0.1477,residual
31635,Ġillust,0.0884,residual
31648,Ġentail,0.1457,residual
31659,Ġtangled,0.1453,residual
31676,Ġcoasts,0.1488,residual
31694,Ġveins,0.1286,residual
31709,ĠGreenland,0.1372,residual
31722,Sher,0.1219,residual
31731,808,0.1377,residual
31744,Ġfollower,0.1084,residual
31754,Ġwhim,0.109,residual
31771,ĠBuster,0.1428,residual
31781,Ġabsorbing,0.1006,residual
31800,Ġdye,0.1117,residual
31811,ĠTrainer,0.1411,residual
31823,Ġextremes,0.116,residual
31842,Ref,0.087,residual
31853,ĠYok,0.1264,residual
31868,ĠSplash,0.1418,residual
31889,ĠPowder,0.1312,residual
31900,Ġunaccompanied,0.1091,residual
31911,Ġunderstatement,0.1336,residual
31924,Ġsalty,0.1125,residual
31935,stood,0.1419,residual
31945,Ġpuzzles,0.1432,residual
31953,appy,0.1227,residual
31971,Ġimmersed,0.1269,residual
31981,ĠSTA,0.1478,residual
31996,Ġbracelet,0.1397,residual
32008,ĠWORK,0.1385,residual
32021,ĠRepe,0.1241,residual
32030,RES,0.114,residual
32040,Ġcheeks,0.1416,residual
32051,Ġvenom,0.1266,residual
32068,Ġacknowledgement,0.1237,residual
32086,Ġinitiating,0.1165,residual
32098,Ġvoy,0.1106,residual
32108,Ġbladder,0.1339,residual
32122,Ġdowntime,0.1487,residual
32137,Ġpastoral,0.1173,residual
32149,Ġinsulted,0.1436,residual
32163,Ġbackups,0.1345,residual
32175,ĠScript,0.1056,residual
32189,Ġstuffing,0.1145,residual
32199,Ġplentiful,0.1273,residual
32216,Ġallev,0.1332,residual
32227,Ġindec,0.1023,residual
32240,Ġconfisc,0.149,residual
32253,ĠConcept,0.1471,residual
32274,Ġdensely,0.1362,residual
32291,Allen,0.1137,residual
32303,408,0.1356,residual
32312,Ġestablishes,0.1438,residual
32327,Ġscares,0.1365,residual
32341,ĠGuru,0.1199,residual
32359,Ġvile,0.1246,residual
32372,Ġfavoring,0.142,residual
32382,Ġsixteen,0.1037,residual
32397,Oil,0.1416,residual
32410,igon,0.1376,residual
32421,ĠWhitman,0.1127,residual
32434,Ġdormant,0.121,residual
32447,Ġvag,0.0768,residual
32457,Ġchlorine,0.1432,residual
32470,Ġske,0.0903,residual
32479,abet,0.1438,residual
32493,Ġsubst,0.0954,residual
32509,Ġvaccinations,0.1485,residual
32519,Ġmoderates,0.138,residual
32534,ĠSpoon,0.1424,residual
32543,idential,0.1401,residual
32557,map,0.1069,residual
32570,ĠCDs,0.1095,residual
32583,ĠJurassic,0.1285,residual
32593,Ġluckily,0.1323,residual
32609,Ġinjecting,0.144,residual
32625,Ġsoothing,0.1262,residual
32645,Ġcling,0.1181,residual
32659,Ġcraving,0.1198,residual
32673,lead,0.1431,residual
32690,ĠTED,0.1361,residual
32707,idian,0.1328,residual
32719,ĠOriental,0.1135,residual
32729,ĠUFO,0.127,residual
32746,Ġlash,0.1065,residual
32756,Ġalpha,0.0623,residual
32774,607,0.1428,residual
32785,Ġsettles,0.1137,residual
32801,Ġ).,0.1235,residual
32811,Patrick,0.1182,residual
32826,Paris,0.1461,residual
32839,Ġcanon,0.111,residual
32854,ĠCY,0.101,residual
32868,Ġmun,0.082,residual
32880,GW,0.1092,residual
32890,idate,0.1311,residual
32902,Ġfibers,0.1433,residual
32913,296,0.1485,residual
32925,umo,0.147,residual
32935,ĠHaitian,0.1393,residual
32945,Ġminded,0.094,residual
32963,Cook,0.1257,residual
32975,ĠCovenant,0.1306,residual
32992,Ġsynergy,0.1255,residual
33011,Jose,0.1455,residual
33022,Ġdisable,0.1196,residual
33033,Ġcohesive,0.1259,residual
33044,Ġslay,0.1117,residual
33055,Ġgrammar,0.1272,residual
33072,Ġblond,0.1275,residual
33085,orr,0.1416,residual
33099,Sec,0.0941,residual
33115,435,0.1483,residual
33129,Ġcarrot,0.1258,residual
33147,Ġforc,0.1174,residual
33162,Ñı,0.1132,residual
33172,Ġcompile,0.1325,residual
33183,Ġembed,0.0987,residual
33192,342,0.1492,residual
33203,Hay,0.1274,residual
33218,ĠRoyale,0.1376,residual
33232,Ġaccum,0.1035,residual
33249,Ġunderrated,0.106,residual
33268,ĠHarriet,0.1327,residual
33284,Ġpref,0.0719,residual
33296,Ġmah,0.097,residual
33311,ĠThoughts,0.1398,residual
33334,forms,0.1498,residual
33346,Ġwob,0.1216,residual
33360,ĠCaval,0.136,residual
33374,Ġhinges,0.1304,residual
33390,Ġencl,0.066,residual
33405,Ġsoph,0.1253,residual
33416,777,0.1169,residual
33428,Ġrenders,0.1099,residual
33445,ĠFey,0.1481,residual
33460,Ġanalogy,0.1112,residual
33475,pent,0.1284,residual
33486,Ġgiveaways,0.132,residual
33500,ĠWii,0.126,residual
33514,oute,0.1354,residual
33531,William,0.1297,residual
33540,Ġmisplaced,0.1359,residual
33558,Ġmotivational,0.1419,residual
33567,Correct,0.1214,residual
33578,emed,0.1434,residual
33592,Ġbadges,0.1249,residual
33611,645,0.1398,residual
33622,Ġtransforms,0.1209,residual
33640,Ġslapping,0.1312,residual
33649,ĠSatan,0.079,residual
33662,Ġqueens,0.1445,residual
33671,Sarah,0.1482,residual
33685,ĠConstant,0.1299,residual
33698,ĠTee,0.1043,residual
33710,Ġinsignificant,0.1157,residual
33724,Start,0.0834,residual
33736,361,0.1441,residual
33755,Ġwi,0.0906,residual
33767,Ġnodded,0.1287,residual
33782,Ġsleepy,0.0986,residual
33799,Ġvirgin,0.0902,residual
33809,Ban,0.1128,residual
33819,Ġrouting,0.1136,residual
33838,Dead,0.0917,residual
33856,ĠVox,0.1386,residual
33869,try,0.1191,residual
33886,ĠLocke,0.1098,residual
33895,Ask,0.1196,residual
33914,Ġclipped,0.1326,residual
33927,Ġusable,0.089,residual
33942,Ġreproduce,0.1259,residual
33958,ĠAltern,0.1359,residual
33977,Value,0.132,residual
33993,Ġorganism,0.1467,residual
34006,Ġmeticulous,0.1473,residual
34017,ĠRET,0.1308,residual
34030,403,0.1499,residual
34052,Lyn,0.124,residual
34073,ĠAxis,0.1226,residual
34088,346,0.1409,residual
34105,Ġcrave,0.1469,residual
34113,Ġcreat,0.1074,residual
34126,Ġvaginal,0.1423,residual
34146,Ġsiph,0.1456,residual
34168,ĠPIT,0.1295,residual
34182,ĠPIN,0.1166,residual
34197,Ġpurposely,0.1198,residual
34217,Ġgravitational,0.1347,residual
34240,Ġ580,0.1488,residual
34256,Short,0.094,residual
34266,Mother,0.1236,residual
34285,Especially,0.1278,residual
34298,rowd,0.1442,residual
34317,aos,0.1419,residual
34330,ĠDOC,0.1234,residual
34346,ĠSituation,0.1345,residual
34357,366,0.1333,residual
34371,Ġscapego,0.129,residual
34389,ĠRP,0.0553,residual
34405,Ġgreedy,0.1096,residual
34415,Ġpomp,0.1317,residual
34433,Ġexper,0.0982,residual
34443,Much,0.1109,residual
34455,Ġcasc,0.1062,residual
34478,Ġlimp,0.1257,residual
34492,Ġtoug,0.1464,residual
34510,Ġheroine,0.1319,residual
34528,ĠXXX,0.0771,residual
34544,Ġcalib,0.1449,residual
34555,Ġalphabet,0.1116,residual
34578,Ġpresses,0.1384,residual
34591,Ġverses,0.0852,residual
34602,Ġardu,0.1341,residual
34626,Ġescapes,0.1001,residual
34639,364,0.1248,residual
34653,Ġomitted,0.1235,residual
34672,Ġbriefs,0.1213,residual
34685,Ġoverr,0.1226,residual
34700,Ġnarrower,0.1365,residual
34711,Ġburying,0.1306,residual
34731,ĠLaksh,0.1267,residual
34752,Ġsweeps,0.0911,residual
34769,Ġfreshwater,0.1321,residual
34781,456,0.137,residual
34796,Ġgamb,0.121,residual
34804,Ġmats,0.1209,residual
34819,blind,0.1292,residual
34837,Ren,0.0905,residual
34853,ĠCascade,0.1397,residual
34868,cre,0.1129,residual
34881,ĠDPS,0.0945,residual
34891,ĠShed,0.1376,residual
34906,Ġinventive,0.146,residual
34917,Ġreformed,0.1082,residual
34934,Ġcharacterization,0.1448,residual
34952,Ġdangling,0.1393,residual
34962,Ġ236,0.1305,residual
34973,Ġrecal,0.1133,residual
34991,397,0.1373,residual
35007,English,0.1327,residual
35032,ĠOswald,0.1452,residual
35045,igm,0.1481,residual
35060,Ġfiltering,0.0985,residual
35072,ĠNeptune,0.1372,residual
35088,Ġneedless,0.1228,residual
35101,Ġinfantry,0.1397,residual
35114,Ġresonance,0.1333,residual
35123,Put,0.087,residual
35140,ĠCondition,0.1183,residual
35155,381,0.1438,residual
35167,Standard,0.1103,residual
35179,ĠMOD,0.1009,residual
35197,ĠPhotoshop,0.1273,residual
35215,ĠRue,0.1031,residual
35227,^,0.033,residual
35247,Ġnormalized,0.1323,residual
35261,453,0.1423,residual
35275,ĠPenguin,0.128,residual
35297,ĠFalse,0.1266,residual
35318,ĠIsles,0.1267,residual
35333,Ġpreempt,0.1007,residual
35351,Plan,0.0947,residual
35376,Ġrailing,0.1368,residual
35389,Ġerg,0.1261,residual
35406,ĠHiroshima,0.1488,residual
35419,ĠBreath,0.1369,residual
35436,Roll,0.1032,residual
35454,Ġdab,0.1145,residual
35472,bia,0.1476,residual
35488,Ġcoward,0.1338,residual
35499,Ġachieves,0.1489,residual
35515,Fast,0.1166,residual
35528,Ġfoundational,0.1416,residual
35545,Ġunicorn,0.1218,residual
35562,ĠEther,0.1318,residual
35580,Ġfitt,0.1321,residual
35591,Ġfantasies,0.1448,residual
35603,Ġprow,0.1196,residual
35620,011,0.1323,residual
35640,Ġkittens,0.1465,residual
35660,Fix,0.1257,residual
35672,Ġstub,0.0831,residual
35682,Ġfuller,0.1251,residual
35699,eph,0.1463,residual
35725,bg,0.1434,residual
35740,Ġpropri,0.1203,residual
35749,ĠModest,0.1361,residual
35769,ĠReviews,0.1449,residual
35781,830,0.1378,residual
35790,Ġatro,0.1119,residual
35805,Je,0.1251,residual
35825,ĠSuggest,0.1476,residual
35846,Hon,0.1032,residual
35871,ĠElement,0.1387,residual
35883,ĠWisdom,0.1364,residual
35903,Jane,0.1463,residual
35919,Ġaffirmation,0.1488,residual
35938,ĠSyri,0.1499,residual
35955,ĠMour,0.1361,residual
35966,Ġpacing,0.1306,residual
35978,Ross,0.1257,residual
35994,Bon,0.1213,residual
36011,441,0.1301,residual
36026,Ġmanifestation,0.1218,residual
36039,Ġ1922,0.1444,residual
36059,Ġseminal,0.1223,residual
36072,onial,0.1431,residual
36086,Ġ323,0.1485,residual
36094,602,0.1471,residual
36106,Ġauthent,0.1347,residual
36123,utic,0.1375,residual
36148,Ġplugs,0.1407,residual
36167,Ġexceedingly,0.1379,residual
36178,Ġincom,0.0999,residual
36196,Ġhairs,0.1145,residual
36214,Ġcaul,0.1476,residual
36236,Ġhilar,0.1256,residual
36252,rake,0.1405,residual
36273,ĠApex,0.1318,residual
36288,Adams,0.1377,residual
36304,Ġfellows,0.1156,residual
36331,Ġcheesy,0.1327,residual
36343,asin,0.1397,residual
36361,Fil,0.0989,residual
36392,ĠSUPER,0.1184,residual
36403,Ġimprovis,0.1277,residual
36415,ĠTid,0.1305,residual
36426,Ġpickups,0.1213,residual
36445,Ġregener,0.1387,residual
36464,Ġindis,0.1303,residual
36485,Ġlest,0.1228,residual
36500,rite,0.1487,residual
36512,Ġawakening,0.099,residual
36528,Ġtending,0.136,residual
36543,buster,0.1453,residual
36561,ĠEtsy,0.1408,residual
36579,Ġquaint,0.1495,residual
36589,ĠVolt,0.1203,residual
36601,Ġcompar,0.0847,residual
36625,ĠDF,0.1135,residual
36638,Ġseasoning,0.1242,residual
36648,ĠDLC,0.0868,residual
36669,Ġbothering,0.1343,residual
36678,471,0.1425,residual
36700,Ġsatisf,0.1311,residual
36712,Ġbeck,0.1254,residual
36730,Ġdecon,0.116,residual
36746,Blood,0.1313,residual
36759,ĠPUR,0.1373,residual
36773,ĠVault,0.1347,residual
36788,Ġgrounding,0.1025,residual
36811,Ġgladly,0.1424,residual
36831,Ġsleeps,0.1371,residual
36848,ĠLuigi,0.1349,residual
36859,Ġwidget,0.1444,residual
36877,ĠLift,0.1478,residual
36891,Ġ269,0.1374,residual
36906,Ġdevout,0.1193,residual
36918,Bit,0.1168,residual
36932,Ġincrim,0.1499,residual
36951,apon,0.1494,residual
36962,Custom,0.1006,residual
36979,ĠFraz,0.1472,residual
37000,Ġ267,0.1205,residual
37017,Ġdumps,0.1288,residual
37034,Organ,0.0893,residual
37056,DIS,0.1441,residual
37075,Ġfiner,0.1146,residual
37100,Ġseventeen,0.1151,residual
37113,Ġatom,0.0712,residual
37130,Ġformulas,0.147,residual
37141,Ġemitted,0.1396,residual
37156,Ġamber,0.1436,residual
37175,Ġcompress,0.1095,residual
37190,626,0.135,residual
37204,Ġcog,0.0876,residual
37218,Ġmultit,0.1212,residual
37234,ĠCorrect,0.1287,residual
37249,Ġ^,0.0466,residual
37269,Ġshattering,0.1427,residual
37280,ĠFrame,0.1381,residual
37297,Ġtransl,0.0771,residual
37323,Ġowl,0.1129,residual
37339,ĠFranÃ§ois,0.132,residual
37354,esters,0.1441,residual
37369,ĠRusty,0.1243,residual
37382,Ġadvantageous,0.148,residual
37394,ĠHOR,0.1143,residual
37411,ĠDrill,0.1498,residual
37424,ĠContainer,0.1434,residual
37442,Ġunprotected,0.1222,residual
37463,Ġuh,0.0898,residual
37477,Ġsulf,0.1308,residual
37491,ĠEXT,0.1001,residual
37503,Ġshif,0.1179,residual
37515,Ġwra,0.0862,residual
37537,Ġnests,0.1412,residual
37557,Ġrupture,0.146,residual
37573,Ġrecomm,0.1233,residual
37600,ĠLazarus,0.1183,residual
37619,ĠLSD,0.1176,residual
37633,Ġomega,0.1279,residual
37656,Ġcrate,0.0946,residual
37670,ĠChains,0.1364,residual
37689,Ġdamned,0.1033,residual
37712,ĠNope,0.1389,residual
37723,ĠAssassin,0.1245,residual
37739,Cool,0.1022,residual
37761,ĠAllies,0.1335,residual
37778,Hom,0.1051,residual
37793,Ġ411,0.1456,residual
37807,Ġglacier,0.1348,residual
37826,Ġinhibit,0.1497,residual
37850,Ġsuffice,0.1391,residual
37871,704,0.1319,residual
37887,473,0.1415,residual
37904,oros,0.1413,residual
37920,Ġnumerical,0.094,residual
37941,Ġrecol,0.144,residual
37953,Ġbandits,0.1475,residual
37969,ĠBanana,0.1329,residual
37980,Ġvacc,0.1188,residual
37997,ĠJolly,0.1151,residual
38009,ĠSQ,0.1063,residual
38043,Living,0.1062,residual
38059,Ġintermediary,0.1333,residual
38071,503,0.1464,residual
38085,Ġwom,0.1181,residual
38105,Ġpiercing,0.1028,residual
38123,ĠMim,0.1368,residual
38142,izable,0.1452,residual
38165,Ġtorpedo,0.1428,residual
38176,Ġspawn,0.0832,residual
38187,Ġameric,0.0933,residual
38201,Ġfools,0.1071,residual
38223,659,0.1481,residual
38243,Unlike,0.1242,residual
38263,iform,0.1426,residual
38281,ĠRG,0.1238,residual
38297,esome,0.1423,residual
38325,Ġpalms,0.1358,residual
38352,Ġdispers,0.0977,residual
38371,Ġnarc,0.127,residual
38392,ĠSlaughter,0.1213,residual
38405,915,0.145,residual
38432,Ġpesky,0.1156,residual
38451,ĠModer,0.1268,residual
38465,ĠDOE,0.1463,residual
38481,Ġdyn,0.1372,residual
38499,ĠSIG,0.1359,residual
38515,Ġawfully,0.138,residual
38525,Ġbadass,0.1082,residual
38537,thereal,0.1475,residual
38556,Ġengraved,0.1346,residual
38576,Want,0.0866,residual
38592,ĠHaskell,0.1476,residual
38616,653,0.1428,residual
38633,807,0.1392,residual
38650,ĠConan,0.1413,residual
38676,Ġcove,0.0997,residual
38691,Ġunintentionally,0.1341,residual
38718,âĻ,0.0962,residual
38734,Ġclumsy,0.1324,residual
38760,ĠCrack,0.1029,residual
38778,Sadly,0.1276,residual
38793,ĠMisty,0.1285,residual
38808,ĠSpell,0.1049,residual
38824,Vill,0.1307,residual
38840,ĠVag,0.1346,residual
38853,Ġenlightened,0.1288,residual
38865,ĠPhill,0.1191,residual
38878,587,0.1443,residual
38907,Ġsuggestive,0.1449,residual
38925,786,0.1346,residual
38944,544,0.1423,residual
38967,ĠNek,0.133,residual
38996,Ġmanga,0.1358,residual
39011,Ġcram,0.1266,residual
39024,xious,0.146,residual
39038,ĠACS,0.1385,residual
39056,Ġterrestrial,0.1345,residual
39083,Ġprett,0.1234,residual
39098,ĠWicked,0.1276,residual
39114,separ,0.1366,residual
39127,Ġcust,0.1356,residual
39145,Ġdeline,0.1267,residual
39171,ĠProper,0.1244,residual
39188,ĠPLA,0.1301,residual
39205,Ġbible,0.1192,residual
39223,ĠTY,0.1172,residual
39240,Ġrefres,0.1306,residual
39262,Ġoily,0.1355,residual
39279,Ġtongues,0.125,residual
39295,alist,0.1478,residual
39312,Ġinver,0.1118,residual
39324,ĠArgon,0.1429,residual
39338,ĠGaw,0.1338,residual
39351,Ġskeletal,0.1341,residual
39366,Ġscree,0.1198,residual
39390,Cle,0.1136,residual
39402,776,0.1457,residual
39419,FUL,0.1421,residual
39437,pill,0.145,residual
39466,ĠSyndicate,0.1488,residual
39488,Dog,0.1269,residual
39502,ĠIntellectual,0.1293,residual
39516,Ze,0.1197,residual
39534,ĠGravity,0.146,residual
39555,ĠUniform,0.1075,residual
39584,Ġoppress,0.1262,residual
39604,Ġtransformations,0.1497,residual
39623,Ġcrou,0.1289,residual
39635,Ġhiber,0.1402,residual
39647,Ġsupplemented,0.1404,residual
39665,Ġjustifies,0.1435,residual
39687,ĠLOL,0.08,residual
39702,ĠLoll,0.1315,residual
39721,ĠATL,0.1199,residual
39741,Ġvolt,0.1109,residual
39756,Dou,0.1169,residual
39772,Ġhaun,0.1393,residual
39787,ĠCaucasian,0.1416,residual
39808,uin,0.1439,residual
39826,LU,0.1408,residual
39844,illet,0.1352,residual
39870,ĠItem,0.1123,residual
39892,Opp,0.1279,residual
39902,Ġmethyl,0.1454,residual
39925,Ġsmelling,0.143,residual
39946,Ġscrib,0.1267,residual
39968,ĠMinecraft,0.1221,residual
39985,Ġforeigner,0.1494,residual
40004,Ġprototyp,0.142,residual
40027,889,0.1491,residual
40044,024,0.1367,residual
40061,ĠSTOP,0.1103,residual
40084,Got,0.0835,residual
40101,Ġcruc,0.1292,residual
40121,Touch,0.1396,residual
40136,ĠAwesome,0.1271,residual
40165,Ġarbitrarily,0.128,residual
40182,Ġinfer,0.1356,residual
40199,Ġ347,0.1441,residual
40222,Ġhive,0.1013,residual
40243,Ġantagonist,0.1271,residual
40261,Ġsquadron,0.1497,residual
40282,Ġthro,0.1102,residual
40301,Ġusefulness,0.1472,residual
40323,âĢ¦),0.14,residual
40347,pages,0.1409,residual
40366,987,0.1482,residual
40383,Ġsmokes,0.1151,residual
40405,Gi,0.1359,residual
40423,ĠRPM,0.1164,residual
40447,Ġthug,0.1418,residual
40462,Ġappend,0.0914,residual
40488,ĠLovely,0.1313,residual
40515,Ġsling,0.126,residual
40547,Ġfiller,0.0957,residual
40566,Indeed,0.1116,residual
40589,Father,0.1209,residual
40609,Ġmarvelous,0.142,residual
40625,Ġ296,0.1449,residual
40640,Ġisot,0.148,residual
40662,Ġflushed,0.1472,residual
40680,Ġsensations,0.144,residual
40696,Ġgarg,0.1143,residual
40713,Ġunob,0.0962,residual
40748,Ġundes,0.1156,residual
40770,ĠPCI,0.1371,residual
40797,ĠInnocent,0.142,residual
40818,Ġbrittle,0.1414,residual
40828,Ġbrute,0.1124,residual
40845,Auto,0.1347,residual
40861,Ġleveling,0.1158,residual
40884,Ext,0.0828,residual
40914,Ġanalogue,0.1277,residual
40944,712,0.1488,residual
40966,Ð»,0.064,residual
40983,Ġcomposing,0.1418,residual
41001,ĠClaud,0.1413,residual
41024,Body,0.1282,residual
41040,hack,0.1444,residual
41069,Ġfantas,0.1437,residual
41087,rect,0.1475,residual
41106,Ġenchant,0.1385,residual
41136,Room,0.1415,residual
41157,Lev,0.121,residual
41171,Ðº,0.066,residual
41184,ĠHundred,0.136,residual
41211,ĠLAR,0.1282,residual
41245,Adv,0.1393,residual
41259,Ġfrench,0.1098,residual
41275,ĠApostle,0.1442,residual
41298,057,0.1416,residual
41311,mmm,0.1164,residual
41335,Î,0.0642,residual
41360,ĠAthena,0.1113,residual
41375,ĠMyst,0.1219,residual
41391,ĠPsy,0.1133,residual
41412,ĠAthe,0.1307,residual
41432,ĠLevels,0.1436,residual
41450,041,0.1466,residual
41473,Ġphr,0.128,residual
41493,wit,0.1362,residual
41522,ĠSpiritual,0.1355,residual
41540,Alan,0.1309,residual
41562,Considering,0.1331,residual
41580,ĠPLUS,0.1415,residual
41601,Ġmt,0.1244,residual
41622,Alt,0.1182,residual
41647,Ġbos,0.0796,residual
41670,Whit,0.1353,residual
41682,Ġ367,0.1492,residual
41706,Stat,0.1047,residual
41744,bind,0.1304,residual
41771,Ġlizard,0.1263,residual
41785,Ġcartridge,0.1461,residual
41809,ĠSponge,0.1399,residual
41838,ĠGoddess,0.1119,residual
41863,Place,0.1291,residual
41876,ĠEternal,0.1107,residual
41895,Prop,0.1294,residual
41919,Ġuniformly,0.1224,residual
41949,Ġenumer,0.1002,residual
41979,Ġnodding,0.1436,residual
42004,Ġfixation,0.1298,residual
42018,files,0.1388,residual
42044,lash,0.14,residual
42059,ĠCald,0.1443,residual
42085,Ġfec,0.1401,residual
42106,ĠStard,0.1442,residual
42124,Current,0.1269,residual
42144,Graham,0.1398,residual
42168,Ġcorpus,0.1155,residual
42188,ogens,0.1495,residual
42207,Ġdecaying,0.135,residual
42241,Ġhaste,0.1315,residual
42266,Ġperv,0.1392,residual
42281,ĠGrizz,0.1282,residual
42303,Kid,0.1293,residual
42326,//,0.0683,residual
42356,Ġsubsistence,0.1497,residual
42379,Char,0.1212,residual
42394,Message,0.1345,residual
42421,Ġredund,0.1499,residual
42449,ĠFormation,0.1486,residual
42479,ĠCalm,0.1483,residual
42503,ĠClip,0.1405,residual
42530,Side,0.1241,residual
42549,ĠTinker,0.1446,residual
42569,Ġactivates,0.1388,residual
42593,___,0.0952,residual
42613,Ġcrotch,0.1498,residual
42638,Kin,0.1272,residual
42650,Ġlords,0.1355,residual
42665,Ġrepent,0.1385,residual
42694,Ġaxes,0.1234,residual
42707,ĠCarth,0.1458,residual
42734,Py,0.14,residual
42750,ĠExodus,0.1159,residual
42772,Ġsnippet,0.1476,residual
42788,ĠSHA,0.1303,residual
42811,Ġdeity,0.1479,residual
42848,Pos,0.148,residual
42885,Ġblinking,0.1475,residual
42912,ĠRhino,0.1208,residual
42940,Ġstimuli,0.1408,residual
42961,Department,0.1434,residual
42997,Gra,0.1278,residual
43020,Pers,0.1046,residual
43048,(),0.0758,residual
43085,Ġstim,0.1328,residual
43108,Ġparasitic,0.1412,residual
43142,Ġful,0.0931,residual
43174,Individual,0.1173,residual
43205,cko,0.1438,residual
43243,Ġprimal,0.1279,residual
43279,Ġblinding,0.1298,residual
43303,Ġ[...],0.0495,residual
43336,vv,0.1331,residual
43368,Ġruby,0.1394,residual
43404,Ġsquee,0.1142,residual
43429,Ye,0.1288,residual
43452,IDs,0.1476,residual
43478,Ġbrut,0.1479,residual
43513,ĠGems,0.1402,residual
43551,Lex,0.142,residual
43580,Ġcontempl,0.1464,residual
43622,Factor,0.1482,residual
43657,ĠDSM,0.1324,residual
43678,Ġearthly,0.1231,residual
43715,Ġgarrison,0.1357,residual
43749,Ġorb,0.1087,residual
43787,Deal,0.1476,residual
43805,Ġzipper,0.1418,residual
43835,Ġproto,0.1085,residual
43860,Ġprox,0.0865,residual
43905,Ġunman,0.1486,residual
43952,Reading,0.1309,residual
44003,aple,0.1467,residual
44027,ĠContinent,0.1443,residual
44049,Enjoy,0.1356,residual
44074,Ġpreset,0.1212,residual
44119,Single,0.1087,residual
44155,zilla,0.1422,residual
44189,Glass,0.1425,residual
44222,Lim,0.135,residual
44251,ĠCind,0.1495,residual
44292,ĠXIV,0.1469,residual
44340,ĠSerpent,0.1286,residual
44380,Ġnozzle,0.1378,residual
44412,fuck,0.1146,residual
44447,)...,0.1411,residual
44486,Ġundead,0.1384,residual
44508,Ġasses,0.1016,residual
44550,ĠMorph,0.1475,residual
44621,ĠMayhem,0.1392,residual
44644,Heat,0.1411,residual
44683,Sit,0.1438,residual
44729,Ġobedient,0.1376,residual
44761,Ġthou,0.0921,residual
44786,ishy,0.146,residual
44824,Mini,0.1379,residual
44865,ĠDread,0.1459,residual
44899,Ġpiston,0.1437,residual
44915,Certain,0.1375,residual
44949,Ġbec,0.1187,residual
44985,ĠAvenger,0.1348,residual
45032,Spec,0.13,residual
45059,Ġincomp,0.1463,residual
45084,Ġelectrode,0.1309,residual
45105,Lt,0.145,residual
45132,Ġsoluble,0.1482,residual
45155,Ġwor,0.076,residual
45178,ĠPathfinder,0.1404,residual
45209,ë,0.1456,residual
45261,Ġidentifier,0.1388,residual
45310,Ġexplanatory,0.1289,residual
45371,Ġdependencies,0.1475,residual
45406,-),0.145,residual
45424,Calling,0.1361,residual
45472,Ġobservable,0.1445,residual
45514,Ġexalted,0.1369,residual
45561,Tab,0.1496,residual
45589,Request,0.1144,residual
45617,Ġanimate,0.1434,residual
45664,ĠFlesh,0.1336,residual
45698,Size,0.1368,residual
45739,ĠLv,0.1425,residual
45812,Ġrog,0.1333,residual
45845,Ġsubsection,0.1324,residual
45924,Ġmk,0.1432,residual
45981,Ġital,0.1433,residual
46056,Ð¼,0.0863,residual
46084,Email,0.0857,residual
46140,xd,0.1409,residual
46187,Initial,0.1293,residual
46225,Ġ:(,0.0743,residual
46309,Regular,0.1018,residual
46354,Fourth,0.1477,residual
46405,Ġdidnt,0.1211,residual
46479,""">",0.075,residual
46503,Various,0.1276,residual
46571,Location,0.1235,residual
46622,Ġprefix,0.1327,residual
46688,Asked,0.1278,residual
46768,Interested,0.1406,residual
46839,Camera,0.143,residual
46902,Ġnested,0.1388,residual
46932,Ġdungeons,0.1491,residual
47015,ÑĮ,0.1047,residual
47094,Enlarge,0.1471,residual
47143,Pages,0.1111,residual
47178,ĠArkham,0.1455,residual
47218,Ġorbs,0.1368,residual
47265,Ġdescript,0.1448,residual
47328,Î²,0.1204,residual
47414,ĠPaladin,0.1469,residual
47510,Ġenglish,0.1066,residual
47575,Ġspawns,0.1337,residual
47638,Abstract,0.1225,residual
47752,Ġrs,0.1435,residual
47792,Ġcooldown,0.1407,residual
47873,çĶ,0.1341,residual
47952,Client,0.1476,residual
48016,ãģ«,0.0999,residual
48076,Ġminion,0.1256,residual
48134,###,0.1309,residual
48190,ãģ§,0.1141,residual
48247,ãģª,0.0876,residual
48310,Refer,0.1184,residual
48381,Î³,0.1482,residual
48438,ãĥ¼,0.1454,residual
48548,æī,0.1415,residual
48607,æķ,0.1495,residual
48647,æĺ,0.1308,residual
48718,ãģĨ,0.123,residual
48837,Example,0.1498,residual
48909,ãĥ,0.1414,residual
48956,ç«,0.1495,residual
49040,ãģı,0.1366,residual
49173,ãģķ,0.1243,residual
49288,Ġxp,0.1297,residual
49444,å£,0.1372,residual
49626,Ġlvl,0.1243,residual
49803,.</,0.1298,residual
50117,ĉ,0.1207,residual
